SK_ID_CURR,application_date,TARGET,NAME_CONTRACT_TYPE,CODE_GENDER,FLAG_OWN_CAR,FLAG_OWN_REALTY,CNT_CHILDREN,AMT_INCOME_TOTAL,AMT_CREDIT,AMT_ANNUITY,AMT_GOODS_PRICE,NAME_TYPE_SUITE,NAME_INCOME_TYPE,NAME_EDUCATION_TYPE,NAME_FAMILY_STATUS,NAME_HOUSING_TYPE,REGION_POPULATION_RELATIVE,DAYS_BIRTH,DAYS_EMPLOYED,DAYS_REGISTRATION,DAYS_ID_PUBLISH,OWN_CAR_AGE,FLAG_MOBIL,FLAG_EMP_PHONE,FLAG_WORK_PHONE,FLAG_CONT_MOBILE,FLAG_PHONE,FLAG_EMAIL,OCCUPATION_TYPE,CNT_FAM_MEMBERS,REGION_RATING_CLIENT,REGION_RATING_CLIENT_W_CITY,WEEKDAY_APPR_PROCESS_START,HOUR_APPR_PROCESS_START,REG_REGION_NOT_LIVE_REGION,REG_REGION_NOT_WORK_REGION,LIVE_REGION_NOT_WORK_REGION,REG_CITY_NOT_LIVE_CITY,REG_CITY_NOT_WORK_CITY,LIVE_CITY_NOT_WORK_CITY,ORGANIZATION_TYPE,EXT_SOURCE_1,EXT_SOURCE_2,EXT_SOURCE_3,APARTMENTS_AVG,BASEMENTAREA_AVG,YEARS_BEGINEXPLUATATION_AVG,YEARS_BUILD_AVG,COMMONAREA_AVG,ELEVATORS_AVG,ENTRANCES_AVG,FLOORSMAX_AVG,FLOORSMIN_AVG,LANDAREA_AVG,LIVINGAPARTMENTS_AVG,LIVINGAREA_AVG,NONLIVINGAPARTMENTS_AVG,NONLIVINGAREA_AVG,APARTMENTS_MODE,BASEMENTAREA_MODE,YEARS_BEGINEXPLUATATION_MODE,YEARS_BUILD_MODE,COMMONAREA_MODE,ELEVATORS_MODE,ENTRANCES_MODE,FLOORSMAX_MODE,FLOORSMIN_MODE,LANDAREA_MODE,LIVINGAPARTMENTS_MODE,LIVINGAREA_MODE,NONLIVINGAPARTMENTS_MODE,NONLIVINGAREA_MODE,APARTMENTS_MEDI,BASEMENTAREA_MEDI,YEARS_BEGINEXPLUATATION_MEDI,YEARS_BUILD_MEDI,COMMONAREA_MEDI,ELEVATORS_MEDI,ENTRANCES_MEDI,FLOORSMAX_MEDI,FLOORSMIN_MEDI,LANDAREA_MEDI,LIVINGAPARTMENTS_MEDI,LIVINGAREA_MEDI,NONLIVINGAPARTMENTS_MEDI,NONLIVINGAREA_MEDI,FONDKAPREMONT_MODE,HOUSETYPE_MODE,TOTALAREA_MODE,WALLSMATERIAL_MODE,EMERGENCYSTATE_MODE,OBS_30_CNT_SOCIAL_CIRCLE,DEF_30_CNT_SOCIAL_CIRCLE,OBS_60_CNT_SOCIAL_CIRCLE,DEF_60_CNT_SOCIAL_CIRCLE,DAYS_LAST_PHONE_CHANGE,FLAG_DOCUMENT_2,FLAG_DOCUMENT_3,FLAG_DOCUMENT_4,FLAG_DOCUMENT_5,FLAG_DOCUMENT_6,FLAG_DOCUMENT_7,FLAG_DOCUMENT_8,FLAG_DOCUMENT_9,FLAG_DOCUMENT_10,FLAG_DOCUMENT_11,FLAG_DOCUMENT_12,FLAG_DOCUMENT_13,FLAG_DOCUMENT_14,FLAG_DOCUMENT_15,FLAG_DOCUMENT_16,FLAG_DOCUMENT_17,FLAG_DOCUMENT_18,FLAG_DOCUMENT_19,FLAG_DOCUMENT_20,FLAG_DOCUMENT_21,AMT_REQ_CREDIT_BUREAU_HOUR,AMT_REQ_CREDIT_BUREAU_DAY,AMT_REQ_CREDIT_BUREAU_WEEK,AMT_REQ_CREDIT_BUREAU_MON,AMT_REQ_CREDIT_BUREAU_QRT,AMT_REQ_CREDIT_BUREAU_YEAR
105576,1/17/2018,0,Cash loans,M,N,N,1,78750.0,358443.0,16839.0,252000.0,Unaccompanied,Working,Secondary / secondary special,Married,Municipal apartment,0.04622,-14955,-1502,-7528,-4177,,1,1,0,1,0,0,Drivers,3.0,1,1,MONDAY,12,0,0,0,0,0,0,Postal,,0.766404126,0.729566691,0.0711,0.0,0.9796,0.7212,0.0094,0.0,0.1379,0.1667,0.2083,0.0,0.058,0.0633,0.0,0.0,0.0725,0.0,0.9796,0.7321,0.0094,0.0,0.1379,0.1667,0.2083,0.0,0.0634,0.0659,0.0,0.0,0.0718,0.0,0.9796,0.7249,0.0094,0.0,0.1379,0.1667,0.2083,0.0,0.059,0.0644,0.0,0.0,reg oper account,block of flats,0.0549,"Stone, brick",No,0.0,0.0,0.0,0.0,-242.0,0,1,0,0,0,0,0,0,0,0,0,0,0,0,0,0,0,0,0,0,0.0,0.0,0.0,0.0,0.0,0.0
104897,1/15/2018,0,Cash loans,F,N,Y,0,54000.0,834048.0,27693.0,720000.0,Unaccompanied,Working,Secondary / secondary special,Married,House / apartment,0.005144,-15449,-4263,-5917,-4425,,1,1,0,1,0,0,Sales staff,2.0,2,2,SATURDAY,10,0,0,0,0,0,0,Self-employed,0.784297684,0.190397467,0.771361592,,,,,,,,,,,,,,,,,,,,,,,,,,,,,,,,,,,,,,,,,,,,,,,,2.0,0.0,2.0,0.0,-2814.0,0,1,0,0,0,0,0,0,0,0,0,0,0,0,0,0,0,0,0,0,0.0,0.0,0.0,0.0,2.0,0.0
135207,4/19/2018,0,Cash loans,M,Y,N,0,180000.0,225000.0,16002.0,225000.0,Family,Pensioner,Higher education,Married,House / apartment,0.072508,-19686,365243,-5780,-3197,26.0,1,0,0,1,1,0,,2.0,1,1,SUNDAY,15,0,0,0,0,0,0,XNA,,0.683290973,0.562060483,0.1485,0.0937,0.9781,0.7008,0.0629,0.16,0.1379,0.3333,0.0417,0.0,0.121,0.0975,0.0,0.0,0.1513,0.0964,0.9782,0.7125,0.0635,0.1611,0.1379,0.3333,0.0417,0.0,0.1322,0.1014,0.0,0.0,0.1499,0.0937,0.9781,0.7048,0.0633,0.16,0.1379,0.3333,0.0417,0.0,0.1231,0.0992,0.0,0.0,reg oper account,block of flats,0.1109,Panel,No,0.0,0.0,0.0,0.0,-1855.0,0,0,0,0,0,0,1,0,0,0,0,0,0,0,0,0,0,0,0,0,0.0,0.0,0.0,1.0,0.0,3.0
127483,3/26/2018,0,Cash loans,F,N,N,1,180000.0,193500.0,10008.0,193500.0,Unaccompanied,Commercial associate,Higher education,Single / not married,With parents,0.019689,-10334,-260,-10303,-189,,1,1,0,1,0,0,Accountants,2.0,2,2,SATURDAY,10,0,0,0,0,1,1,Bank,0.292638226,0.451986932,0.609275667,0.0825,0.0805,0.9757,0.6668,0.0572,0.0,0.1379,0.1667,0.2083,0.0746,0.0672,0.063,0.0,0.0176,0.084,0.0836,0.9757,0.6798,0.0578,0.0,0.1379,0.1667,0.2083,0.0763,0.0735,0.0656,0.0,0.0187,0.0833,0.0805,0.9757,0.6713,0.0576,0.0,0.1379,0.1667,0.2083,0.0759,0.0684,0.0641,0.0,0.018,reg oper account,block of flats,0.0534,"Stone, brick",No,0.0,0.0,0.0,0.0,-587.0,0,1,0,0,0,0,0,0,0,0,0,0,0,0,0,0,0,0,0,0,0.0,0.0,0.0,0.0,0.0,1.0
125549,3/20/2018,0,Cash loans,F,Y,Y,1,180000.0,1428408.0,76234.5,1350000.0,Family,Working,Secondary / secondary special,Married,House / apartment,0.020713,-14069,-1546,-8086,-4746,13.0,1,1,0,1,1,0,Sales staff,3.0,3,2,WEDNESDAY,14,0,0,0,0,0,0,Medicine,,0.454121897,0.334454126,0.1155,0.0716,0.9816,0.7484,0.0216,0.0,0.2414,0.1667,0.2083,0.0771,0.0941,0.1225,0.0,0.0,0.1176,0.0743,0.9816,0.7583,0.0218,0.0,0.2414,0.1667,0.2083,0.0789,0.1028,0.1276,0.0,0.0,0.1166,0.0716,0.9816,0.7518,0.0217,0.0,0.2414,0.1667,0.2083,0.0784,0.0958,0.1247,0.0,0.0,reg oper spec account,block of flats,0.1081,Panel,No,6.0,0.0,6.0,0.0,-1675.0,0,1,0,0,0,0,0,0,0,0,0,0,0,0,0,0,0,0,0,0,0.0,0.0,0.0,0.0,0.0,4.0
135139,4/18/2018,0,Revolving loans,F,Y,Y,2,225000.0,405000.0,20250.0,405000.0,Unaccompanied,Commercial associate,Higher education,Married,House / apartment,0.04622,-14067,-1232,-1198,-3613,3.0,1,1,0,1,1,0,Accountants,4.0,1,1,FRIDAY,13,0,0,0,0,1,1,Trade: type 7,,0.755203459,0.225086862,0.2505,0.2273,0.9851,0.796,0.0553,0.28,0.2414,0.3333,0.0417,0.1424,0.2017,0.2476,0.0116,0.0897,0.2553,0.2358,0.9851,0.804,0.0558,0.282,0.2414,0.3333,0.0417,0.1457,0.2204,0.2579,0.0117,0.0949,0.2529,0.2273,0.9851,0.7987,0.0556,0.28,0.2414,0.3333,0.0417,0.1449,0.2052,0.252,0.0116,0.0915,reg oper account,block of flats,0.2142,"Stone, brick",No,2.0,0.0,2.0,0.0,-1056.0,0,0,0,0,0,0,0,0,0,0,0,0,0,0,0,0,0,0,0,0,0.0,0.0,0.0,0.0,1.0,4.0
105385,1/17/2018,0,Cash loans,F,N,Y,0,135000.0,296280.0,16200.0,225000.0,Unaccompanied,Working,Secondary / secondary special,Single / not married,House / apartment,0.04622,-22751,-4219,-7582,-5040,,1,1,1,1,1,0,Secretaries,1.0,1,1,SATURDAY,12,0,0,0,0,0,0,School,,0.666189627,0.617826147,0.0433,0.0314,0.9771,0.6872,0.0163,0.04,0.0345,0.3333,0.375,0.0,0.0336,0.0239,0.0077,0.0411,0.0441,0.0326,0.9772,0.6994,0.0165,0.0403,0.0345,0.3333,0.375,0.0,0.0367,0.0249,0.0078,0.0435,0.0437,0.0314,0.9771,0.6914,0.0164,0.04,0.0345,0.3333,0.375,0.0,0.0342,0.0243,0.0078,0.0419,reg oper account,block of flats,0.0282,Panel,No,7.0,0.0,7.0,0.0,-1991.0,0,1,0,0,0,0,0,0,0,0,0,0,0,0,0,0,0,0,0,0,0.0,0.0,1.0,0.0,0.0,0.0
117052,2/22/2018,0,Cash loans,F,N,Y,0,81000.0,479974.5,25258.5,364500.0,Unaccompanied,Working,Secondary / secondary special,Married,House / apartment,0.018634,-15818,-385,-916,-5165,,1,1,1,1,1,0,Sales staff,2.0,2,2,TUESDAY,13,0,0,0,0,0,0,Self-employed,0.775097511,0.636597544,0.452533559,0.1649,0.0,0.9771,0.6872,0.0,0.0,0.1034,0.1667,0.0,0.0142,0.1345,0.0688,0.0,0.0,0.1681,0.0,0.9772,0.6994,0.0,0.0,0.1034,0.1667,0.0,0.0146,0.1469,0.0717,0.0,0.0,0.1665,0.0,0.9771,0.6914,0.0,0.0,0.1034,0.1667,0.0,0.0145,0.1368,0.0701,0.0,0.0,reg oper spec account,block of flats,0.0577,"Stone, brick",No,1.0,0.0,1.0,0.0,-815.0,0,1,0,0,0,0,0,0,0,0,0,0,0,0,0,0,0,0,0,0,0.0,0.0,0.0,0.0,0.0,3.0
155045,6/19/2018,0,Revolving loans,F,N,Y,0,112500.0,180000.0,9000.0,180000.0,Unaccompanied,Working,Secondary / secondary special,Single / not married,House / apartment,0.031329,-8342,-1254,-104,-1028,,1,1,1,1,1,0,Cooking staff,1.0,2,2,THURSDAY,10,0,0,0,1,1,0,Self-employed,0.413498657,0.351852301,,,,,,,,,,,,,,,,,,,,,,,,,,,,,,,,,,,,,,,,,,,,,,,,,2.0,1.0,2.0,1.0,-1372.0,0,0,0,0,0,0,0,0,0,0,0,0,0,0,0,0,0,0,0,0,0.0,0.0,0.0,0.0,0.0,0.0
108746,1/27/2018,0,Cash loans,M,N,Y,0,135000.0,446931.0,21865.5,369000.0,Unaccompanied,State servant,Higher education,Single / not married,House / apartment,0.002506,-10218,-623,-8652,-658,,1,1,0,1,0,0,Core staff,1.0,2,2,FRIDAY,7,0,0,0,0,0,0,Government,,0.740060664,0.128504377,0.0577,0.076,0.9886,0.8436,0.0599,0.0,0.1379,0.1667,0.2083,,0.0471,0.0315,0.0,,0.0588,0.0789,0.9886,0.8497,0.0604,0.0,0.1379,0.1667,0.2083,,0.0514,0.0328,0.0,,0.0583,0.076,0.9886,0.8457,0.0602,0.0,0.1379,0.1667,0.2083,,0.0479,0.0321,0.0,,reg oper spec account,block of flats,0.0434,Block,No,0.0,0.0,0.0,0.0,-333.0,0,1,0,0,0,0,0,0,0,0,0,0,0,0,0,0,0,0,0,0,0.0,0.0,0.0,0.0,0.0,1.0
133715,4/14/2018,0,Cash loans,F,N,Y,0,112500.0,398160.0,31585.5,315000.0,Unaccompanied,Commercial associate,Higher education,Married,House / apartment,0.009334,-8842,-312,-218,-58,,1,1,0,1,0,1,High skill tech staff,2.0,2,2,THURSDAY,19,0,0,0,0,0,0,Government,,0.347997184,,0.0041,,0.9742,,,,0.069,0.0417,,,,0.0094,,,0.0042,,0.9742,,,,0.069,0.0417,,,,0.0098,,,0.0042,,0.9742,,,,0.069,0.0417,,,,0.0096,,,,block of flats,0.0074,Wooden,No,9.0,2.0,9.0,2.0,-323.0,0,1,0,0,0,0,0,0,0,0,0,0,0,0,0,0,0,0,0,0,0.0,0.0,0.0,1.0,1.0,3.0
129457,4/1/2018,1,Cash loans,F,N,N,0,112500.0,407520.0,32197.5,360000.0,Unaccompanied,Working,Secondary / secondary special,Married,House / apartment,0.035792,-18615,-1933,-5007,-2161,,1,1,0,1,1,0,Drivers,2.0,2,2,FRIDAY,19,0,0,0,0,1,1,Security Ministries,,0.675632961,0.222580765,,,,,,,,,,,,,,,,,,,,,,,,,,,,,,,,,,,,,,,,,,,,,,,,1.0,0.0,1.0,0.0,-1700.0,0,1,0,0,0,0,0,0,0,0,0,0,0,0,0,0,0,0,0,0,0.0,0.0,0.0,0.0,0.0,1.0
105708,1/18/2018,0,Revolving loans,F,Y,Y,0,112500.0,270000.0,13500.0,270000.0,Unaccompanied,Working,Incomplete higher,Married,House / apartment,0.02461,-19471,-3829,-812,-3003,15.0,1,1,0,1,0,0,Laborers,2.0,2,2,WEDNESDAY,9,0,0,0,0,0,0,Self-employed,0.399003115,0.255591191,,,,,,,,,,,,,,,,,,,,,,,,,,,,,,,,,,,,,,,,,,,,,,,,,1.0,0.0,1.0,0.0,-411.0,0,0,0,0,0,0,0,0,0,0,0,0,0,0,0,0,0,0,0,0,0.0,0.0,0.0,0.0,1.0,2.0
119322,2/28/2018,0,Cash loans,M,Y,N,0,360000.0,254700.0,25191.0,225000.0,Unaccompanied,Working,Higher education,Married,House / apartment,0.031329,-13458,-3815,-1983,-4285,2.0,1,1,0,1,0,0,High skill tech staff,2.0,2,2,WEDNESDAY,14,0,0,0,0,0,0,Business Entity Type 3,0.672655312,0.678868907,0.733814537,0.3113,0.0789,0.9965,0.9524,0.1709,0.16,0.1379,0.375,0.4167,0.0884,0.1252,0.1615,0.5907,0.4298,0.3172,0.0819,0.9965,0.9543,0.1725,0.1611,0.1379,0.375,0.4167,0.0905,0.1368,0.1682,0.5953,0.4551,0.3144,0.0789,0.9965,0.953,0.172,0.16,0.1379,0.375,0.4167,0.09,0.1274,0.1644,0.5939,0.4389,org spec account,block of flats,0.2205,Panel,No,5.0,0.0,5.0,0.0,-1561.0,0,1,0,0,0,0,0,0,0,0,0,0,0,0,0,0,0,0,0,0,0.0,0.0,0.0,0.0,0.0,2.0
107580,1/24/2018,0,Revolving loans,F,N,Y,0,54000.0,135000.0,6750.0,135000.0,Unaccompanied,Working,Secondary / secondary special,Married,House / apartment,0.020246,-18138,-2535,-3081,-1701,,1,1,0,1,1,0,Sales staff,2.0,3,3,TUESDAY,9,0,0,0,0,0,0,Self-employed,,0.325973043,0.691021227,0.0515,0.0573,0.9916,0.8844,0.0106,0.0,0.1034,0.1667,0.0417,0.036,0.042,0.0576,0.0,0.0,0.0525,0.0595,0.9916,0.8889,0.0106,0.0,0.1034,0.1667,0.0417,0.0368,0.0459,0.0601,0.0,0.0,0.052,0.0573,0.9916,0.8859,0.0106,0.0,0.1034,0.1667,0.0417,0.0366,0.0428,0.0587,0.0,0.0,reg oper spec account,block of flats,0.0453,Panel,No,5.0,0.0,4.0,0.0,-1702.0,0,0,0,0,0,0,0,0,0,0,0,0,0,0,0,0,0,0,0,0,0.0,0.0,0.0,0.0,0.0,2.0
139734,5/3/2018,0,Cash loans,M,Y,N,0,135000.0,1305000.0,38286.0,1305000.0,Unaccompanied,Working,Secondary / secondary special,Married,House / apartment,0.018634,-18265,-409,-5813,-1793,12.0,1,1,0,1,1,0,Laborers,2.0,2,2,WEDNESDAY,18,0,0,0,0,1,1,Construction,,0.556122616,0.780143638,,,,,,,,,,,,,,,,,,,,,,,,,,,,,,,,,,,,,,,,,,,,,,,,0.0,0.0,0.0,0.0,-280.0,0,0,0,0,0,0,1,0,0,0,0,0,0,0,0,0,0,0,0,0,0.0,0.0,0.0,0.0,0.0,2.0
140940,5/6/2018,0,Cash loans,M,N,Y,0,112500.0,305221.5,17172.0,252000.0,Unaccompanied,Commercial associate,Secondary / secondary special,Married,House / apartment,0.025164,-18184,-6142,-5556,-1707,,1,1,0,1,0,0,Laborers,2.0,2,2,WEDNESDAY,8,0,0,0,0,0,0,Other,,0.163187035,0.803885061,0.1485,0.0809,0.9886,0.8436,0.0356,0.04,0.0345,0.3333,0.375,0.0146,0.121,0.0941,0.0,0.0,0.1513,0.084,0.9886,0.8497,0.0359,0.0403,0.0345,0.3333,0.375,0.015,0.1322,0.098,0.0,0.0,0.1499,0.0809,0.9886,0.8457,0.0358,0.04,0.0345,0.3333,0.375,0.0149,0.1231,0.0958,0.0,0.0,reg oper account,block of flats,0.0934,"Stone, brick",No,1.0,0.0,1.0,0.0,-44.0,0,1,0,0,0,0,0,0,0,0,0,0,0,0,0,0,0,0,0,0,0.0,0.0,0.0,0.0,1.0,1.0
146543,5/24/2018,0,Revolving loans,F,N,Y,1,67500.0,180000.0,9000.0,180000.0,Unaccompanied,Commercial associate,Secondary / secondary special,Single / not married,House / apartment,0.006671,-8466,-1056,-5935,-1055,,1,1,0,1,0,0,Sales staff,2.0,2,2,MONDAY,13,0,0,0,0,0,0,Business Entity Type 3,,0.552038018,0.546023197,,,,,,,,,,,,,,,,,,,,,,,,,,,,,,,,,,,,,,,,,,,,,,,,0.0,0.0,0.0,0.0,-452.0,0,0,0,0,0,0,0,0,0,0,0,0,0,0,0,0,0,0,0,0,0.0,0.0,0.0,0.0,0.0,2.0
153038,6/13/2018,0,Revolving loans,M,Y,Y,0,135000.0,405000.0,20250.0,405000.0,Unaccompanied,Working,Secondary / secondary special,Married,House / apartment,0.022625,-20623,-629,-6336,-4087,23.0,1,1,0,1,0,0,Drivers,2.0,2,2,THURSDAY,8,0,0,0,0,0,0,Transport: type 3,,0.1437461,0.588487788,0.0351,0.0,0.9742,0.6464,0.0416,0.0,0.1034,0.0833,0.125,0.0,0.0286,0.0289,0.0,0.0,0.0357,0.0,0.9742,0.6602,0.042,0.0,0.1034,0.0833,0.125,0.0,0.0312,0.0301,0.0,0.0,0.0354,0.0,0.9742,0.6511,0.0419,0.0,0.1034,0.0833,0.125,0.0,0.0291,0.0295,0.0,0.0,reg oper account,block of flats,0.0228,"Stone, brick",No,1.0,0.0,1.0,0.0,-160.0,0,0,0,0,0,0,0,0,0,0,0,0,0,0,0,0,0,0,0,0,0.0,0.0,0.0,0.0,0.0,0.0
130547,4/4/2018,0,Cash loans,F,Y,Y,0,540000.0,979717.5,68314.5,904500.0,Unaccompanied,Commercial associate,Secondary / secondary special,Separated,House / apartment,0.035792,-16848,-907,-674,-391,14.0,1,1,0,1,0,0,Managers,1.0,2,2,THURSDAY,11,0,0,0,0,1,1,Self-employed,0.769851145,0.654705399,0.504681319,,,,,,,,,,,,,,,,,,,,,,,,,,,,,,,,,,,,,,,,,,,,,,,,1.0,0.0,1.0,0.0,-2609.0,0,0,0,0,0,0,1,0,0,0,0,0,0,0,0,0,0,0,0,0,0.0,0.0,0.0,2.0,0.0,3.0
115906,2/18/2018,0,Cash loans,F,N,Y,0,180000.0,971280.0,51876.0,900000.0,Unaccompanied,Pensioner,Secondary / secondary special,Separated,House / apartment,0.010006,-22920,365243,-1931,-4996,,1,0,0,1,0,0,,1.0,2,2,TUESDAY,14,0,0,0,0,0,0,XNA,,0.444188812,0.410102573,,,,,,,,,,,,,,,,,,,,,,,,,,,,,,,,,,,,,,,,,,,,,,,,4.0,0.0,4.0,0.0,-1791.0,0,0,0,0,1,0,0,0,0,0,0,0,0,0,0,0,0,0,0,0,0.0,0.0,0.0,0.0,1.0,1.0
154160,6/16/2018,0,Revolving loans,M,N,N,1,112500.0,585000.0,29250.0,585000.0,Unaccompanied,Commercial associate,Secondary / secondary special,Married,House / apartment,0.010966,-16969,-3172,-2641,-520,,1,1,0,1,0,0,Managers,3.0,2,2,SUNDAY,10,0,0,0,0,1,1,Business Entity Type 3,,0.573551717,0.130947153,,,,,,,,,,,,,,,,,,,,,,,,,,,,,,,,,,,,,,,,,,,,,,,,0.0,0.0,0.0,0.0,-366.0,0,0,0,0,0,0,0,0,0,0,0,0,0,0,0,0,0,0,0,0,0.0,0.0,0.0,1.0,0.0,3.0
140742,5/6/2018,0,Cash loans,F,N,N,0,135000.0,450000.0,30073.5,450000.0,Unaccompanied,Working,Higher education,Married,House / apartment,0.006852,-10964,-2982,-437,-2604,,1,1,1,1,0,0,,2.0,3,3,MONDAY,13,0,0,0,0,0,0,Self-employed,0.260941684,0.200607026,0.166405546,,,,,,,,,,,,,,,,,,,,,,,,,,,,,,,,,,,,,,,,,,,,,,,,1.0,1.0,1.0,1.0,-96.0,0,1,0,0,0,0,0,0,0,0,0,0,0,0,0,0,0,0,0,0,0.0,0.0,0.0,0.0,0.0,2.0
116485,2/20/2018,0,Cash loans,F,N,Y,0,45000.0,808650.0,26217.0,675000.0,Family,Pensioner,Secondary / secondary special,Married,House / apartment,0.00963,-22801,365243,-8321,-4528,,1,0,0,1,0,0,,2.0,2,2,WEDNESDAY,11,0,0,0,0,0,0,XNA,,0.729825236,,0.0471,0.0537,0.9886,0.8436,0.0075,0.0,0.1262,0.1667,0.2083,0.0093,0.0381,0.041,0.0013,0.004,0.0252,0.0418,0.9881,0.8432,0.0044,0.0,0.069,0.1667,0.2083,0.0071,0.0211,0.0289,0.0,0.0,0.0552,0.0511,0.9891,0.8524,0.0087,0.0,0.1379,0.1667,0.2083,0.009,0.0453,0.037,0.0,0.0,reg oper account,block of flats,0.0268,"Stone, brick",No,0.0,0.0,0.0,0.0,-249.0,0,1,0,0,0,0,0,0,0,0,0,0,0,0,0,0,0,0,0,0,,,,,,
122752,3/11/2018,0,Cash loans,M,Y,N,0,252000.0,1283688.0,46237.5,1134000.0,Unaccompanied,Commercial associate,Secondary / secondary special,Married,House / apartment,0.010556,-15735,-2891,-2492,-3599,29.0,1,1,0,1,0,1,Laborers,2.0,3,3,TUESDAY,10,0,0,0,0,1,1,Self-employed,0.358135181,0.297202145,0.126100559,,,,,,,,,,,,,,,,,,,,,,,,,,,,,,,,,,,,,,,,,,,,,,,,6.0,1.0,6.0,1.0,-2315.0,0,1,0,0,0,0,0,0,0,0,0,0,0,0,0,0,0,0,0,0,0.0,0.0,0.0,2.0,0.0,5.0
141364,5/8/2018,0,Cash loans,M,N,N,0,135000.0,819792.0,39568.5,720000.0,Unaccompanied,Working,Higher education,Married,House / apartment,0.031329,-13216,-900,-5016,-5036,,1,1,1,1,1,0,Laborers,2.0,2,2,THURSDAY,13,0,0,0,0,1,1,Business Entity Type 1,0.364032726,0.582171745,0.621226338,,,,,,,,,,,,,,,,,,,,,,,,,,,,,,,,,,,,,,,,,,,,,,,,3.0,0.0,3.0,0.0,-2067.0,0,1,0,0,0,0,0,0,0,0,0,0,0,0,0,0,0,0,0,0,0.0,0.0,0.0,0.0,0.0,1.0
136535,4/23/2018,0,Cash loans,F,N,Y,2,112500.0,448056.0,21919.5,315000.0,Unaccompanied,Commercial associate,Secondary / secondary special,Married,House / apartment,0.030755,-11622,-953,-2856,-465,,1,1,0,1,0,0,,4.0,2,2,WEDNESDAY,14,0,0,0,0,0,0,Self-employed,0.171902715,0.574246889,,,,,,,,,,,,,,,,,,,,,,,,,,,,,,,,,,,,,,,,,,,,,,,,,1.0,0.0,1.0,0.0,0.0,0,1,0,0,0,0,0,0,0,0,0,0,0,0,0,0,0,0,0,0,,,,,,
150742,6/6/2018,0,Cash loans,M,N,Y,1,90000.0,576072.0,28017.0,405000.0,Unaccompanied,Pensioner,Higher education,Separated,House / apartment,0.072508,-16053,365243,-4216,-4641,,1,0,0,1,0,0,,2.0,1,1,THURSDAY,12,0,0,0,0,0,0,XNA,,0.775744393,0.429423684,0.3835,0.2492,0.9816,0.7484,0.5055,0.4,0.3448,0.3333,0.375,0.0,0.2984,0.3507,0.0656,0.0189,0.3908,0.2586,0.9816,0.7583,0.5101,0.4028,0.3448,0.3333,0.375,0.0,0.326,0.3654,0.0661,0.02,0.3872,0.2492,0.9816,0.7518,0.5087,0.4,0.3448,0.3333,0.375,0.0,0.3036,0.357,0.066,0.0193,reg oper account,block of flats,0.2147,Panel,No,0.0,0.0,0.0,0.0,-415.0,0,0,0,0,1,0,0,0,0,0,0,0,0,0,0,0,0,0,0,0,0.0,0.0,0.0,0.0,0.0,0.0
144558,5/18/2018,0,Cash loans,F,N,N,0,157500.0,364500.0,13504.5,364500.0,Other_B,Working,Secondary / secondary special,Married,House / apartment,0.01452,-9321,-598,-4122,-791,,1,1,0,1,0,0,,2.0,2,2,SUNDAY,12,0,0,0,1,1,1,Self-employed,0.574707743,0.54711751,,,,,,,,,,,,,,,,,,,,,,,,,,,,,,,,,,,,,,,,,,,,,,,,,0.0,0.0,0.0,0.0,-1060.0,0,1,0,0,0,0,0,0,0,0,0,0,0,0,0,0,0,0,0,0,,,,,,
155124,6/19/2018,0,Cash loans,F,Y,Y,0,76500.0,621000.0,22432.5,621000.0,"Spouse, partner",Working,Higher education,Married,House / apartment,0.015221,-11559,-1203,-1666,-1693,16.0,1,1,0,1,0,0,Managers,2.0,2,2,WEDNESDAY,10,0,0,0,0,0,0,Postal,,0.275361276,0.324891229,,,,,,,,,,,,,,,,,,,,,,,,,,,,,,,,,,,,,,,,,,,,,,,,1.0,1.0,1.0,0.0,-474.0,0,1,0,0,0,0,0,0,0,0,0,0,0,0,0,0,0,0,0,0,0.0,0.0,0.0,0.0,1.0,1.0
152741,6/12/2018,0,Cash loans,F,Y,Y,1,157500.0,980937.0,47322.0,805500.0,Unaccompanied,Commercial associate,Secondary / secondary special,Married,House / apartment,0.007274,-10884,-822,-2345,-2347,8.0,1,1,0,1,1,0,Sales staff,3.0,2,2,FRIDAY,17,1,1,0,0,0,0,Trade: type 7,0.245680405,0.725996664,,,,,,,,,,,,,,,,,,,,,,,,,,,,,,,,,,,,,,,,,,,,,,,,,0.0,0.0,0.0,0.0,-554.0,0,1,0,0,0,0,0,0,0,0,0,0,0,0,0,0,0,0,0,0,0.0,0.0,0.0,1.0,0.0,3.0
129922,4/2/2018,0,Cash loans,F,N,Y,0,247500.0,918000.0,36535.5,918000.0,Family,Pensioner,Secondary / secondary special,Married,House / apartment,0.019689,-23615,365243,-5229,-4255,,1,0,0,1,1,0,,2.0,2,2,THURSDAY,14,0,0,0,0,0,0,XNA,,0.729212516,0.513693766,0.1247,0.0712,0.9821,0.7552,0.0143,0.0,0.069,0.1667,0.0417,0.0,0.1009,0.0645,0.0039,0.0023,0.1271,0.0739,0.9821,0.7648,0.0144,0.0,0.069,0.1667,0.0417,0.0,0.1102,0.0672,0.0039,0.0024,0.126,0.0712,0.9821,0.7585,0.0144,0.0,0.069,0.1667,0.0417,0.0,0.1026,0.0657,0.0039,0.0023,reg oper account,block of flats,0.0591,Block,No,8.0,0.0,7.0,0.0,-572.0,0,1,0,0,0,0,0,0,0,0,0,0,0,0,0,0,0,0,0,0,0.0,0.0,0.0,0.0,1.0,5.0
109878,1/31/2018,0,Cash loans,F,N,Y,0,180000.0,1288350.0,37800.0,1125000.0,Unaccompanied,Commercial associate,Higher education,Single / not married,House / apartment,0.028663,-15147,-612,-2023,-4545,,1,1,0,1,0,0,Accountants,1.0,2,2,FRIDAY,11,0,0,0,0,0,0,Business Entity Type 3,0.802910159,0.581602477,0.253962809,0.1485,0.2211,0.9876,,,0.0,0.3793,0.1667,,0.1325,,0.1504,,0.0061,0.1513,0.2295,0.9876,,,0.0,0.3793,0.1667,,0.1355,,0.1567,,0.0065,0.1499,0.2211,0.9876,,,0.0,0.3793,0.1667,,0.1348,,0.1531,,0.0062,,block of flats,0.1196,"Stone, brick",No,0.0,0.0,0.0,0.0,-1973.0,0,1,0,0,0,0,0,0,0,0,0,0,0,0,0,0,0,0,0,0,0.0,0.0,0.0,0.0,1.0,1.0
118856,2/27/2018,0,Cash loans,F,N,Y,0,112500.0,1078200.0,31522.5,900000.0,Unaccompanied,Working,Secondary / secondary special,Married,House / apartment,0.016612,-19941,-3500,-4513,-2495,,1,1,0,1,0,0,,2.0,2,2,SUNDAY,10,0,0,0,0,1,1,Government,,0.536249294,0.520897599,,,,,,,,,,,,,,,,,,,,,,,,,,,,,,,,,,,,,,,,,,,,,,,,0.0,0.0,0.0,0.0,-252.0,0,1,0,0,0,0,0,0,0,0,0,0,0,0,0,0,0,0,0,0,0.0,0.0,0.0,0.0,0.0,5.0
142009,5/10/2018,0,Cash loans,M,Y,N,0,90000.0,547344.0,30690.0,472500.0,Unaccompanied,Working,Secondary / secondary special,Civil marriage,House / apartment,0.003813,-14485,-1465,-6668,-4246,19.0,1,1,0,1,0,0,,2.0,2,2,FRIDAY,6,0,0,0,0,0,0,Government,,0.254622975,,,,,,,,,,,,,,,,,,,,,,,,,,,,,,,,,,,,,,,,,,,,,,,,,1.0,0.0,1.0,0.0,0.0,0,1,0,0,0,0,0,0,0,0,0,0,0,0,0,0,0,0,0,0,,,,,,
133789,4/14/2018,0,Cash loans,F,N,N,0,67500.0,135000.0,14539.5,135000.0,Unaccompanied,Working,Secondary / secondary special,Married,House / apartment,0.035792,-12597,-2141,-6419,-4369,,1,1,1,1,0,0,Managers,2.0,2,2,SATURDAY,10,0,0,0,0,0,0,Postal,0.404307644,0.632581518,0.786266615,,,,,,,,,,,,,,,,,,,,,,,,,,,,,,,,,,,,,,,,,,,,,,,,1.0,1.0,1.0,1.0,-362.0,0,1,0,0,0,0,0,0,0,0,0,0,0,0,0,0,0,0,0,0,0.0,0.0,0.0,0.0,0.0,1.0
134189,4/15/2018,0,Cash loans,F,N,Y,1,103500.0,1520451.0,40239.0,1359000.0,Unaccompanied,Pensioner,Secondary / secondary special,Married,House / apartment,0.00712,-16067,365243,-3540,-4336,,1,0,0,1,0,0,,3.0,2,2,TUESDAY,8,0,0,0,0,0,0,XNA,,0.658546188,0.633031641,0.0825,,0.9781,,,0.0,0.1379,0.1667,,,,0.0476,,0.0,0.084,,0.9782,,,0.0,0.1379,0.1667,,,,0.0496,,0.0,0.0833,,0.9781,,,0.0,0.1379,0.1667,,,,0.0484,,0.0,,block of flats,0.0554,Panel,No,4.0,0.0,4.0,0.0,-1597.0,0,0,0,0,1,0,0,0,0,0,0,0,0,0,0,0,0,0,0,0,0.0,0.0,0.0,1.0,2.0,3.0
141494,5/8/2018,0,Cash loans,F,N,Y,2,112500.0,835380.0,36796.5,675000.0,Unaccompanied,Commercial associate,Secondary / secondary special,Separated,House / apartment,0.005084,-14808,-2715,-8866,-4188,,1,1,0,1,0,0,Laborers,3.0,2,2,FRIDAY,17,0,0,0,0,0,0,Business Entity Type 3,0.486605326,0.64346432,0.593717587,0.0928,0.0597,0.9791,,,,0.2069,0.1667,,0.0554,,0.0783,,0.0,0.0945,0.062,0.9791,,,,0.2069,0.1667,,0.0567,,0.0816,,0.0,0.0937,0.0597,0.9791,,,,0.2069,0.1667,,0.0564,,0.0797,,0.0,,block of flats,0.0616,Panel,No,0.0,0.0,0.0,0.0,0.0,0,1,0,0,0,0,0,0,0,0,0,0,0,0,0,0,0,0,0,0,0.0,0.0,0.0,0.0,0.0,0.0
156539,6/23/2018,0,Cash loans,M,Y,N,0,270000.0,900000.0,26316.0,900000.0,Unaccompanied,Working,Higher education,Separated,House / apartment,0.072508,-19755,-2505,-4125,-2942,6.0,1,1,0,1,1,0,Drivers,1.0,1,1,SUNDAY,10,0,0,0,0,0,0,Industry: type 11,0.682647136,0.773878658,0.450747282,0.0619,0.0736,0.9727,0.626,,0.0,0.1034,0.1667,0.0417,,0.0504,0.0513,0.0,0.0,0.063,0.0764,0.9727,0.6406,,0.0,0.1034,0.1667,0.0417,,0.0551,0.0535,0.0,0.0,0.0625,0.0736,0.9727,0.631,,0.0,0.1034,0.1667,0.0417,,0.0513,0.0522,0.0,0.0,reg oper account,block of flats,0.0404,Block,No,0.0,0.0,0.0,0.0,-1261.0,0,1,0,0,0,0,0,0,0,0,0,0,0,0,0,0,0,0,0,0,0.0,0.0,0.0,0.0,0.0,0.0
153837,6/15/2018,1,Cash loans,M,N,N,0,135000.0,225000.0,15034.5,225000.0,Unaccompanied,Working,Secondary / secondary special,Single / not married,Municipal apartment,0.010032,-8595,-247,-8551,-1214,,1,1,1,1,0,0,Laborers,1.0,2,2,MONDAY,4,0,0,0,0,0,0,Trade: type 2,,0.053348634,,,,0.9632,,,,0.1379,0.0417,,0.0192,,0.0217,,,,,0.9633,,,,0.1379,0.0417,,0.0197,,0.0226,,,,,0.9632,,,,0.1379,0.0417,,0.0196,,0.0221,,,,block of flats,0.019,Wooden,No,0.0,0.0,0.0,0.0,-18.0,0,1,0,0,0,0,0,0,0,0,0,0,0,0,0,0,0,0,0,0,,,,,,
147890,5/28/2018,0,Cash loans,F,Y,Y,0,180000.0,828000.0,36472.5,828000.0,Unaccompanied,Pensioner,Higher education,Married,House / apartment,0.028663,-20556,365243,-14669,-4082,7.0,1,0,0,1,0,0,,2.0,2,2,FRIDAY,16,0,0,0,0,0,0,XNA,,0.484082198,0.379100485,0.0784,0.0542,0.9771,,,0.04,0.1034,0.25,,0.0,,0.0623,,0.0,0.0756,0.0402,0.9757,,,0.0,0.069,0.1667,,0.0,,0.0499,,0.0,0.0791,0.0542,0.9771,,,0.04,0.1034,0.25,,0.0,,0.0635,,0.0,,block of flats,0.0604,Panel,No,1.0,0.0,1.0,0.0,-2155.0,0,1,0,0,0,0,0,0,0,0,0,0,0,0,0,0,0,0,0,0,0.0,0.0,0.0,0.0,0.0,2.0
112381,2/7/2018,0,Cash loans,F,N,Y,0,90000.0,288994.5,28714.5,274500.0,Unaccompanied,Commercial associate,Secondary / secondary special,Married,House / apartment,0.031329,-19910,-3318,-9688,-3430,,1,1,0,1,0,0,Sales staff,2.0,2,2,FRIDAY,13,0,0,0,0,0,0,Self-employed,0.845305959,0.592675429,,0.1753,0.22,0.9876,0.83,0.0312,0.0,0.4138,0.1667,0.2083,0.1196,0.1429,0.1592,0.0,0.0,0.1786,0.2283,0.9876,0.8367,0.0315,0.0,0.4138,0.1667,0.2083,0.1224,0.1561,0.1658,0.0,0.0,0.177,0.22,0.9876,0.8323,0.0314,0.0,0.4138,0.1667,0.2083,0.1217,0.1454,0.162,0.0,0.0,reg oper account,block of flats,0.1422,"Stone, brick",No,1.0,0.0,1.0,0.0,-2662.0,0,1,0,0,0,0,0,0,0,0,0,0,0,0,0,0,0,0,0,0,0.0,0.0,0.0,0.0,0.0,6.0
114194,2/13/2018,0,Cash loans,F,N,Y,0,180000.0,263686.5,25816.5,238500.0,Family,Pensioner,Higher education,Married,House / apartment,0.003813,-22324,365243,-11154,-4012,,1,0,0,1,0,0,,2.0,2,2,SATURDAY,9,0,0,0,0,0,0,XNA,0.688616231,0.422584161,0.743559314,0.1361,0.1136,0.9841,,,0.2,0.1724,0.3333,,0.0828,,0.1683,,0.0135,0.1387,0.1179,0.9841,,,0.2014,0.1724,0.3333,,0.0847,,0.1754,,0.0143,0.1374,0.1136,0.9841,,,0.2,0.1724,0.3333,,0.0842,,0.1714,,0.0138,,block of flats,0.1354,Panel,No,13.0,0.0,13.0,0.0,-171.0,0,0,0,0,1,0,0,0,0,0,0,0,0,0,0,0,0,0,0,0,0.0,0.0,0.0,0.0,1.0,2.0
141861,5/9/2018,0,Cash loans,F,N,N,0,58500.0,225000.0,8613.0,225000.0,Unaccompanied,Pensioner,Secondary / secondary special,Separated,House / apartment,0.018209,-23617,365243,-5953,-4395,,1,0,0,1,1,0,,1.0,3,3,MONDAY,11,0,0,0,0,0,0,XNA,,0.498897572,0.733814537,0.2227,0.0766,0.9866,,,0.08,0.069,0.3333,,0.1027,,0.1282,,0.0,0.2269,0.0795,0.9866,,,0.0806,0.069,0.3333,,0.1051,,0.1336,,0.0,0.2248,0.0766,0.9866,,,0.08,0.069,0.3333,,0.1045,,0.1305,,0.0,,block of flats,0.1109,Panel,No,0.0,0.0,0.0,0.0,-746.0,0,1,0,0,0,0,0,0,0,0,0,0,0,0,0,0,0,0,0,0,0.0,0.0,0.0,1.0,1.0,2.0
154008,6/16/2018,0,Cash loans,F,N,Y,1,90000.0,501390.0,39744.0,409500.0,Unaccompanied,Commercial associate,Secondary / secondary special,Married,House / apartment,0.0228,-14982,-2257,-2435,-5270,,1,1,0,1,0,0,Cooking staff,3.0,2,2,WEDNESDAY,16,0,0,0,0,0,0,Other,0.557088073,0.518586228,0.465069215,0.0722,0.0527,0.9881,0.8368,0.0128,0.04,0.0345,0.3333,0.375,0.0401,0.0588,0.065,0.0,0.0,0.0735,0.0547,0.9881,0.8432,0.0129,0.0403,0.0345,0.3333,0.375,0.0411,0.0643,0.0678,0.0,0.0,0.0729,0.0527,0.9881,0.839,0.0129,0.04,0.0345,0.3333,0.375,0.0408,0.0599,0.0662,0.0,0.0,reg oper account,block of flats,0.0581,"Stone, brick",No,3.0,1.0,2.0,1.0,-531.0,0,1,0,0,0,0,0,0,0,0,0,0,0,0,0,0,0,0,0,0,0.0,0.0,0.0,1.0,1.0,2.0
115850,2/18/2018,0,Revolving loans,F,N,Y,0,135000.0,180000.0,9000.0,180000.0,Family,Working,Higher education,Civil marriage,House / apartment,0.006852,-11347,-241,-2446,-178,,1,1,1,1,0,0,Laborers,2.0,3,3,SATURDAY,12,0,0,0,0,0,0,Transport: type 4,,0.254639576,0.50107516,0.0278,0.0448,0.9861,0.8096,0.0367,0.0,0.1034,0.0833,0.125,0.0501,0.0227,0.0251,0.0,0.0,0.0284,0.0465,0.9861,0.8171,0.037,0.0,0.1034,0.0833,0.125,0.0512,0.0248,0.0261,0.0,0.0,0.0281,0.0448,0.9861,0.8121,0.0369,0.0,0.1034,0.0833,0.125,0.0509,0.0231,0.0255,0.0,0.0,reg oper account,block of flats,0.0413,"Stone, brick",No,1.0,0.0,1.0,0.0,-567.0,0,0,0,0,0,0,0,0,0,0,0,0,0,0,0,0,0,0,0,0,0.0,0.0,0.0,0.0,0.0,0.0
121466,3/7/2018,0,Cash loans,M,N,Y,0,247500.0,1003500.0,33165.0,1003500.0,Unaccompanied,Commercial associate,Secondary / secondary special,Married,House / apartment,0.04622,-15302,-596,-847,-5019,,1,1,1,1,1,0,Laborers,2.0,1,1,TUESDAY,17,0,0,0,0,0,0,Business Entity Type 3,,0.736990752,0.511891802,0.0608,,0.9767,0.6804,,0.0,0.1034,0.1667,,0.0378,,0.05,,0.0022,0.062,,0.9767,0.6929,,0.0,0.1034,0.1667,,0.0387,,0.0521,,0.0024,0.0614,,0.9767,0.6847,,0.0,0.1034,0.1667,,0.0385,,0.0509,,0.0023,reg oper account,block of flats,0.0398,"Stone, brick",No,6.0,0.0,6.0,0.0,-501.0,0,1,0,0,0,0,0,0,0,0,0,0,0,0,0,0,0,0,0,0,0.0,0.0,0.0,0.0,0.0,9.0
146391,5/23/2018,0,Cash loans,F,N,Y,2,90000.0,450000.0,23692.5,450000.0,Family,Working,Secondary / secondary special,Married,House / apartment,0.001417,-13274,-372,-3801,-3861,,1,1,0,1,0,0,Security staff,4.0,2,2,SATURDAY,9,0,0,0,0,0,0,Other,,0.099367997,0.317031779,,,,,,,,,,,,,,,,,,,,,,,,,,,,,,,,,,,,,,,,,,,,,,,,0.0,0.0,0.0,0.0,-334.0,0,1,0,0,0,0,0,0,0,0,0,0,0,0,0,0,0,0,0,0,0.0,0.0,0.0,0.0,0.0,0.0
122395,3/10/2018,0,Cash loans,F,N,N,0,72000.0,139230.0,10539.0,112500.0,Unaccompanied,State servant,Secondary / secondary special,Married,House / apartment,0.030755,-13363,-6394,-2132,-4845,,1,1,1,1,1,0,Medicine staff,2.0,2,2,FRIDAY,14,0,0,0,0,0,0,Medicine,0.382208122,0.590826448,,0.0247,0.0,0.9608,0.4628,0.0,0.0,0.069,0.0833,0.125,0.0,0.0202,0.0249,0.0,0.0,0.0252,0.0,0.9608,0.4838,0.0,0.0,0.069,0.0833,0.125,0.0,0.022,0.0259,0.0,0.0,0.025,0.0,0.9608,0.47,0.0,0.0,0.069,0.0833,0.125,0.0,0.0205,0.0253,0.0,0.0,reg oper spec account,block of flats,0.0229,"Stone, brick",No,0.0,0.0,0.0,0.0,-2785.0,0,1,0,0,0,0,0,0,0,0,0,0,0,0,0,0,0,0,0,0,0.0,0.0,0.0,1.0,0.0,2.0
120409,3/4/2018,0,Cash loans,M,N,Y,1,405000.0,490500.0,58342.5,490500.0,Unaccompanied,Working,Secondary / secondary special,Married,House / apartment,0.018209,-17379,-1973,-4580,-919,,1,1,0,1,1,0,Security staff,3.0,3,3,WEDNESDAY,13,0,0,0,0,0,0,Kindergarten,,0.255699383,0.732403323,0.099,0.0936,0.9801,0.728,0.0,0.0,0.2069,0.1667,0.2083,0.0193,0.0807,0.0906,0.0,0.0,0.1008,0.0972,0.9801,0.7387,0.0,0.0,0.2069,0.1667,0.2083,0.0198,0.0882,0.0944,0.0,0.0,0.0999,0.0936,0.9801,0.7316,0.0,0.0,0.2069,0.1667,0.2083,0.0197,0.0821,0.0922,0.0,0.0,reg oper account,block of flats,0.0712,Panel,No,9.0,0.0,9.0,0.0,-1924.0,0,1,0,0,0,0,0,0,0,0,0,0,0,0,0,0,0,0,0,0,0.0,0.0,0.0,0.0,0.0,2.0
156976,6/25/2018,0,Revolving loans,M,Y,Y,0,157500.0,180000.0,9000.0,180000.0,Family,Working,Higher education,Single / not married,House / apartment,0.008625,-8839,-423,-3274,-1512,4.0,1,1,0,1,0,0,Accountants,1.0,2,2,WEDNESDAY,15,0,0,0,0,0,0,Bank,,0.598548043,0.304672184,,,,,,,,,,,,,,,,,,,,,,,,,,,,,,,,,,,,,,,,,,,,,,,,0.0,0.0,0.0,0.0,0.0,0,0,0,0,0,0,0,0,0,0,0,0,0,0,0,0,0,0,0,1,0.0,0.0,0.0,0.0,0.0,0.0
124234,3/16/2018,0,Cash loans,F,N,N,0,252000.0,2013840.0,53122.5,1800000.0,Family,Pensioner,Secondary / secondary special,Married,House / apartment,0.02461,-20809,365243,-10011,-3039,,1,0,0,1,1,0,,2.0,2,2,SATURDAY,12,0,0,0,0,0,0,XNA,,0.6844634,0.825635745,0.101,0.111,0.9861,,,0.0,0.2759,0.1667,,0.0267,,0.1003,,0.0,0.1029,0.1152,0.9861,,,0.0,0.2759,0.1667,,0.0273,,0.1045,,0.0,0.102,0.111,0.9861,,,0.0,0.2759,0.1667,,0.0271,,0.1021,,0.0,,block of flats,0.0789,"Stone, brick",No,0.0,0.0,0.0,0.0,-2062.0,0,1,0,0,0,0,0,0,0,0,0,0,0,0,1,0,0,0,0,0,0.0,0.0,0.0,0.0,0.0,8.0
147624,5/27/2018,0,Revolving loans,F,N,N,0,270000.0,405000.0,20250.0,405000.0,Unaccompanied,State servant,Higher education,Single / not married,House / apartment,0.072508,-16508,-1411,-6612,-53,,1,1,0,1,0,0,Accountants,1.0,1,1,SATURDAY,11,0,0,0,0,0,0,Business Entity Type 3,,0.676485415,0.355638717,0.2113,0.0388,0.9826,,,0.16,0.069,0.4583,,0.2043,,0.2263,,0.0947,0.2153,0.0403,0.9826,,,0.1611,0.069,0.4583,,0.2089,,0.2358,,0.1002,0.2134,0.0388,0.9826,,,0.16,0.069,0.4583,,0.2078,,0.2304,,0.0967,,block of flats,0.1986,"Stone, brick",No,2.0,0.0,2.0,0.0,-651.0,0,0,0,0,0,0,0,0,0,0,0,0,0,0,0,0,0,0,0,0,0.0,0.0,0.0,0.0,0.0,0.0
147005,5/25/2018,0,Cash loans,F,Y,Y,0,360000.0,1246500.0,36576.0,1246500.0,Unaccompanied,Commercial associate,Higher education,Separated,Office apartment,0.030755,-12799,-801,-938,-3585,12.0,1,1,1,1,1,1,Private service staff,1.0,2,2,THURSDAY,14,0,0,0,0,0,0,Self-employed,0.394302591,0.610326913,0.198620045,0.0742,0.0,0.9861,,,0.08,0.069,0.3333,,0.0202,,0.0767,,0.0,0.0756,0.0,0.9861,,,0.0806,0.069,0.3333,,0.0207,,0.0799,,0.0,0.0749,0.0,0.9861,,,0.08,0.069,0.3333,,0.0206,,0.0781,,0.0,,block of flats,0.0656,Panel,No,0.0,0.0,0.0,0.0,-744.0,0,1,0,0,0,0,0,0,0,0,0,0,0,0,0,0,0,0,0,0,0.0,0.0,0.0,0.0,0.0,1.0
144256,5/17/2018,1,Cash loans,F,N,Y,2,67500.0,348264.0,23404.5,315000.0,Family,State servant,Secondary / secondary special,Married,House / apartment,0.00496,-12844,-1329,-390,-3961,,1,1,1,1,1,0,Core staff,4.0,2,2,MONDAY,16,0,0,0,0,0,0,Government,,0.717455059,0.411848556,,,,,,,,,,,,,,,,,,,,,,,,,,,,,,,,,,,,,,,,,,,,,,,,2.0,0.0,2.0,0.0,-316.0,0,1,0,0,0,0,0,0,0,0,0,0,0,0,0,0,0,0,0,0,0.0,0.0,0.0,1.0,0.0,0.0
135468,4/19/2018,1,Cash loans,F,N,Y,1,202500.0,358443.0,13639.5,252000.0,Unaccompanied,Working,Secondary / secondary special,Separated,House / apartment,0.018029,-13674,-2776,-7755,-6037,,1,1,0,1,0,0,,2.0,3,3,MONDAY,9,0,0,0,0,0,0,Business Entity Type 3,0.461057615,0.63135069,0.6577838,,,0.9776,,,,,,,,,,,,,,0.9777,,,,,,,,,,,,,,0.9776,,,,,,,,,,,,,block of flats,0.0371,Panel,No,5.0,0.0,5.0,0.0,-1658.0,0,1,0,0,0,0,0,0,0,0,0,0,0,0,0,0,0,0,0,0,0.0,0.0,0.0,0.0,0.0,1.0
130984,4/5/2018,0,Cash loans,F,N,N,0,270000.0,2121133.5,78736.5,1980000.0,Family,Pensioner,Higher education,Married,House / apartment,0.006629,-20177,365243,-4154,-547,,1,0,0,1,1,0,,2.0,2,2,FRIDAY,16,0,0,0,0,0,0,XNA,,0.665230944,,,,,,,,,,,,,,,,,,,,,,,,,,,,,,,,,,,,,,,,,,,,,,,,,0.0,0.0,0.0,0.0,-747.0,0,1,0,0,0,0,0,0,0,0,0,0,0,0,0,0,0,0,0,0,,,,,,
148866,5/31/2018,1,Revolving loans,F,N,Y,2,90000.0,270000.0,13500.0,270000.0,Unaccompanied,Working,Incomplete higher,Married,House / apartment,0.020246,-11271,-2140,-8995,-3793,,1,1,0,1,0,0,Accountants,4.0,3,3,MONDAY,11,0,0,0,0,0,0,Telecom,0.398702154,0.38668524,0.646329898,0.0742,0.0882,0.9786,0.7076,0.0212,0.08,0.069,0.3333,0.375,0.0484,0.0605,0.0756,0.0,0.0,0.0756,0.0915,0.9786,0.719,0.0214,0.0806,0.069,0.3333,0.375,0.0495,0.0661,0.0787,0.0,0.0,0.0749,0.0882,0.9786,0.7115,0.0214,0.08,0.069,0.3333,0.375,0.0493,0.0616,0.0769,0.0,0.0,reg oper account,block of flats,0.0692,Panel,No,2.0,1.0,2.0,1.0,-226.0,0,0,0,0,0,0,0,0,0,0,0,0,0,0,0,0,0,0,0,0,0.0,0.0,0.0,0.0,0.0,0.0
115774,2/18/2018,0,Cash loans,M,Y,Y,0,153000.0,539100.0,26064.0,450000.0,Family,Working,Secondary / secondary special,Married,House / apartment,0.006008,-16048,-1487,-6401,-4043,23.0,1,1,0,1,0,0,Laborers,2.0,2,2,MONDAY,17,0,0,0,0,1,1,Business Entity Type 3,,0.422653529,0.560284328,,,,,,,,,,,,,,,,,,,,,,,,,,,,,,,,,,,,,,,,,,,,,,,,1.0,0.0,1.0,0.0,0.0,0,1,0,0,0,0,0,0,0,0,0,0,0,0,0,0,0,0,0,0,0.0,0.0,0.0,0.0,0.0,4.0
107888,1/25/2018,0,Cash loans,M,Y,N,0,270000.0,1665000.0,43920.0,1665000.0,Unaccompanied,State servant,Higher education,Married,House / apartment,0.072508,-17285,-1246,-8576,-846,7.0,1,1,0,1,0,0,Drivers,2.0,1,1,WEDNESDAY,13,0,0,0,0,0,0,Other,,0.687727124,0.520897599,0.0825,,0.9796,,,,0.1379,0.1667,,,,0.0709,,,0.084,,0.9796,,,,0.1379,0.1667,,,,0.0739,,,0.0833,,0.9796,,,,0.1379,0.1667,,,,0.0722,,,,block of flats,0.0558,Panel,No,0.0,0.0,0.0,0.0,-2729.0,0,1,0,0,0,0,0,0,0,0,0,0,0,0,0,0,1,0,0,0,0.0,0.0,0.0,6.0,2.0,4.0
101743,1/6/2018,0,Revolving loans,F,N,Y,0,76500.0,225000.0,11250.0,225000.0,Unaccompanied,Pensioner,Secondary / secondary special,Single / not married,House / apartment,0.007305,-21791,365243,-14767,-2814,,1,0,0,1,0,0,,1.0,3,3,SATURDAY,13,0,0,0,0,0,0,XNA,,0.094889042,0.691021227,0.068,0.0666,0.9762,,,0.0,0.1379,0.1667,,,,0.0638,,0.0163,0.0693,0.0691,0.9762,,,0.0,0.1379,0.1667,,,,0.0665,,0.0173,0.0687,0.0666,0.9762,,,0.0,0.1379,0.1667,,,,0.065,,0.0167,,block of flats,0.0573,"Stone, brick",No,1.0,0.0,1.0,0.0,-653.0,0,0,0,0,0,0,0,0,0,0,0,0,0,0,0,0,0,0,0,0,0.0,0.0,0.0,0.0,0.0,1.0
115645,2/17/2018,1,Cash loans,F,N,Y,1,157500.0,450000.0,17095.5,450000.0,Unaccompanied,Commercial associate,Secondary / secondary special,Civil marriage,House / apartment,0.019689,-8752,-1474,-3884,-1406,,1,1,0,1,0,0,Sales staff,3.0,2,2,SUNDAY,13,0,0,0,1,1,0,Self-employed,,0.493966724,0.415347145,,,,,,,,,,,,,,,,,,,,,,,,,,,,,,,,,,,,,,,,,,,,,,,,1.0,0.0,1.0,0.0,-2.0,0,1,0,0,0,0,0,0,0,0,0,0,0,0,0,0,0,0,0,0,0.0,0.0,0.0,0.0,0.0,4.0
121454,3/7/2018,0,Cash loans,F,Y,Y,0,112500.0,108000.0,7344.0,108000.0,"Spouse, partner",Commercial associate,Secondary / secondary special,Civil marriage,House / apartment,0.026392,-15808,-224,-375,-4142,8.0,1,1,1,1,1,0,,2.0,2,2,MONDAY,15,0,0,0,0,0,0,Self-employed,,0.691317758,,0.2268,0.1384,0.9985,0.9796,0.2096,0.16,0.1379,0.375,0.0417,0.11,0.1816,0.1847,0.0154,0.1071,0.2311,0.1437,0.9985,0.9804,0.2115,0.1611,0.1379,0.375,0.0417,0.1125,0.1983,0.1924,0.0156,0.1134,0.229,0.1384,0.9985,0.9799,0.211,0.16,0.1379,0.375,0.0417,0.1119,0.1847,0.188,0.0155,0.1094,reg oper account,block of flats,0.2831,"Stone, brick",No,5.0,0.0,5.0,0.0,-2617.0,0,1,0,0,0,0,0,0,0,0,0,0,0,0,0,0,0,0,0,0,,,,,,
144606,5/18/2018,0,Revolving loans,F,Y,Y,1,85500.0,202500.0,10125.0,202500.0,Unaccompanied,Working,Secondary / secondary special,Married,House / apartment,0.030755,-12887,-4152,-258,-2426,6.0,1,1,1,1,1,0,,3.0,2,2,MONDAY,14,0,0,0,0,0,0,Other,,0.226959278,0.347418227,,,,,,,,,,,,,,,,,,,,,,,,,,,,,,,,,,,,,,,,,,,,,,,,3.0,0.0,3.0,0.0,-300.0,0,0,0,0,0,0,0,0,0,0,0,0,0,0,0,0,0,0,0,0,0.0,0.0,0.0,0.0,0.0,1.0
132526,4/10/2018,0,Revolving loans,F,N,Y,0,90000.0,180000.0,9000.0,180000.0,Unaccompanied,Working,Secondary / secondary special,Married,House / apartment,0.018029,-13551,-4826,-1907,-4210,,1,1,0,1,0,0,Sales staff,2.0,3,3,THURSDAY,8,0,0,0,0,0,0,Self-employed,,0.665050734,0.644679455,0.1186,0.1111,0.9801,0.728,0.0891,0.0,0.2759,0.1667,0.0417,0.0261,0.0967,0.112,0.0,0.0,0.1208,0.1153,0.9801,0.7387,0.09,0.0,0.2759,0.1667,0.0417,0.0267,0.1056,0.1167,0.0,0.0,0.1197,0.1111,0.9801,0.7316,0.0897,0.0,0.2759,0.1667,0.0417,0.0265,0.0983,0.114,0.0,0.0,reg oper account,block of flats,0.1368,Panel,No,0.0,0.0,0.0,0.0,-94.0,0,0,0,0,0,0,0,0,0,0,0,0,0,0,0,0,0,0,0,0,0.0,0.0,0.0,0.0,0.0,2.0
114274,2/13/2018,0,Cash loans,M,N,Y,1,180000.0,835605.0,29736.0,697500.0,Unaccompanied,Commercial associate,Secondary / secondary special,Married,House / apartment,0.011703,-13132,-3841,-7126,-3864,,1,1,0,1,1,0,,3.0,2,2,TUESDAY,10,0,0,0,0,0,0,Business Entity Type 1,,0.432420715,0.70918911,0.1031,0.0858,0.9806,0.7348,0.0125,0.0,0.2069,0.1667,0.2083,0.0841,0.0841,0.0908,0.0,0.0,0.105,0.0891,0.9806,0.7452,0.0126,0.0,0.2069,0.1667,0.2083,0.086,0.0918,0.0946,0.0,0.0,0.1041,0.0858,0.9806,0.7383,0.0126,0.0,0.2069,0.1667,0.2083,0.0856,0.0855,0.0924,0.0,0.0,reg oper account,block of flats,0.0783,"Stone, brick",No,1.0,0.0,1.0,0.0,0.0,0,1,0,0,0,0,0,0,0,0,0,0,0,0,0,0,0,0,0,0,0.0,0.0,0.0,0.0,0.0,5.0
103646,1/12/2018,0,Cash loans,F,N,Y,1,180000.0,704844.0,34038.0,630000.0,Unaccompanied,Commercial associate,Higher education,Separated,House / apartment,0.072508,-10119,-914,-4675,-1685,,1,1,0,1,0,0,Core staff,2.0,1,1,WEDNESDAY,10,0,0,0,0,0,0,Business Entity Type 3,,0.500062019,0.461482391,0.261,0.1722,0.9781,0.7008,0.1666,0.288,0.2414,0.375,0.4167,0.0,0.2083,0.243,0.0208,0.1039,0.0987,0.0478,0.9782,0.7125,0.0651,0.4028,0.3448,0.3333,0.375,0.0,0.0799,0.0846,0.0117,0.0037,0.2977,0.1868,0.9781,0.7048,0.1695,0.32,0.2759,0.3333,0.375,0.0,0.2437,0.2821,0.0116,0.0597,reg oper account,block of flats,0.1839,Panel,No,0.0,0.0,0.0,0.0,-150.0,0,1,0,0,0,0,0,0,0,0,0,0,0,0,0,0,0,0,0,0,0.0,0.0,0.0,0.0,0.0,4.0
131900,4/8/2018,0,Cash loans,F,N,Y,0,72000.0,454500.0,19255.5,454500.0,Unaccompanied,Working,Secondary / secondary special,Single / not married,Municipal apartment,0.018634,-18550,-450,-9808,-2099,,1,1,1,1,0,0,Waiters/barmen staff,1.0,2,2,WEDNESDAY,12,0,0,0,0,0,0,Self-employed,,0.276484085,0.786266615,,,,,,,,,,,,,,,,,,,,,,,,,,,,,,,,,,,,,,,,,,,,,,,,7.0,0.0,7.0,0.0,-2743.0,0,1,0,0,0,0,0,0,0,0,0,0,0,0,0,0,0,0,0,0,0.0,0.0,0.0,0.0,0.0,0.0
145421,5/20/2018,1,Revolving loans,M,Y,N,1,112500.0,270000.0,13500.0,270000.0,Unaccompanied,Commercial associate,Secondary / secondary special,Married,Municipal apartment,0.014464,-14693,-880,-2656,-4082,21.0,1,1,0,1,0,0,Drivers,3.0,2,2,FRIDAY,3,0,0,0,0,0,0,Self-employed,,0.763395869,0.698667555,0.1237,0.1336,0.9955,,,0.0,0.2759,0.1667,,0.1686,,0.1287,,0.0128,0.1261,0.1387,0.9955,,,0.0,0.2759,0.1667,,0.1725,,0.1341,,0.0136,0.1249,0.1336,0.9955,,,0.0,0.2759,0.1667,,0.1716,,0.131,,0.0131,,block of flats,0.1181,Panel,No,0.0,0.0,0.0,0.0,-1237.0,0,0,0,0,0,0,0,0,0,0,0,0,0,0,0,0,0,0,0,0,0.0,0.0,0.0,0.0,0.0,0.0
130512,4/4/2018,0,Cash loans,M,Y,Y,0,270000.0,276313.5,18688.5,238531.5,Other_A,Commercial associate,Higher education,Single / not married,House / apartment,0.035792,-10883,-2680,-5359,-3529,2.0,1,1,1,1,1,0,Laborers,1.0,2,2,SATURDAY,14,0,0,0,0,0,0,Business Entity Type 3,0.281039623,0.665411106,,0.1485,0.0985,0.9806,0.7348,0.0181,0.16,0.1379,0.3333,0.375,0.0706,0.121,0.1467,0.0,0.0,0.1513,0.1022,0.9806,0.7452,0.0183,0.1611,0.1379,0.3333,0.375,0.0722,0.1322,0.1529,0.0,0.0,0.1499,0.0985,0.9806,0.7383,0.0182,0.16,0.1379,0.3333,0.375,0.0718,0.1231,0.1494,0.0,0.0,reg oper account,block of flats,0.1154,"Stone, brick",No,0.0,0.0,0.0,0.0,-2522.0,0,0,0,0,0,0,1,0,0,0,0,0,0,0,0,0,0,0,0,0,,,,,,
122438,3/10/2018,0,Cash loans,F,N,Y,0,108000.0,89019.0,8293.5,81000.0,Unaccompanied,Working,Higher education,Single / not married,House / apartment,0.006008,-9481,-344,-6967,-2135,,1,1,0,1,0,1,Medicine staff,1.0,2,2,WEDNESDAY,17,0,0,0,0,1,1,Other,0.440245174,0.673434217,0.50107516,,,,,,,,,,,,,,,,,,,,,,,,,,,,,,,,,,,,,,,,,,,,,,,,1.0,0.0,1.0,0.0,0.0,0,1,0,0,0,0,0,0,0,0,0,0,0,0,0,0,0,0,0,0,0.0,0.0,0.0,0.0,0.0,1.0
137645,4/26/2018,0,Cash loans,M,Y,Y,1,202500.0,1288350.0,37800.0,1125000.0,Unaccompanied,Commercial associate,Secondary / secondary special,Married,House / apartment,0.006629,-18522,-1768,-1318,-156,14.0,1,1,1,1,0,0,Managers,3.0,2,2,FRIDAY,10,0,0,0,0,0,0,Other,,0.345688652,,,,,,,,,,,,,,,,,,,,,,,,,,,,,,,,,,,,,,,,,,,,,,,,,2.0,0.0,2.0,0.0,0.0,0,1,0,0,0,0,0,0,0,0,0,0,0,0,0,0,0,0,0,0,,,,,,
126895,3/24/2018,0,Cash loans,F,N,N,1,135000.0,646920.0,25065.0,540000.0,Unaccompanied,Working,Secondary / secondary special,Civil marriage,House / apartment,0.00823,-11072,-286,-5533,-3706,,1,1,0,1,1,0,High skill tech staff,3.0,2,2,SATURDAY,19,0,0,0,1,1,0,Industry: type 12,0.500893399,0.756015127,0.572682505,,,,,,,,,,,,,,,,,,,,,,,,,,,,,,,,,,,,,,,,,,,,,,,,1.0,0.0,1.0,0.0,-412.0,0,1,0,0,0,0,0,0,0,0,0,0,0,0,0,0,0,0,0,0,0.0,0.0,0.0,1.0,0.0,0.0
151019,6/6/2018,0,Cash loans,F,N,N,1,72000.0,358443.0,13639.5,252000.0,Unaccompanied,Working,Secondary / secondary special,Married,Municipal apartment,0.018029,-15378,-7890,-12769,-338,,1,1,0,1,1,0,Cleaning staff,3.0,3,2,FRIDAY,8,0,0,0,0,0,0,Medicine,0.144041227,0.66162744,,,,0.9712,,,,0.0345,0.0417,,0.0068,,0.0079,,,,,0.9712,,,,0.0345,0.0417,,0.0069,,0.0082,,,,,0.9712,,,,0.0345,0.0417,,0.0069,,0.008,,,,block of flats,0.0067,Wooden,Yes,9.0,0.0,9.0,0.0,-39.0,0,1,0,0,0,0,0,0,0,0,0,0,0,0,0,0,0,0,0,0,,,,,,
131553,4/7/2018,0,Cash loans,F,N,Y,0,157500.0,913500.0,36355.5,913500.0,Unaccompanied,Working,Higher education,Married,House / apartment,0.010006,-12230,-1143,-172,-165,,1,1,0,1,0,1,Accountants,2.0,2,2,SATURDAY,10,0,0,0,0,0,0,Government,0.078072482,0.544802873,0.680138822,,,,,,,,,,,,,,,,,,,,,,,,,,,,,,,,,,,,,,,,,,,,,,,,3.0,1.0,3.0,1.0,-1711.0,0,1,0,0,0,0,0,0,0,0,0,0,0,0,0,0,0,0,0,0,0.0,0.0,0.0,1.0,0.0,1.0
151309,6/7/2018,0,Cash loans,M,Y,N,0,225000.0,639000.0,23809.5,639000.0,Unaccompanied,Pensioner,Higher education,Married,House / apartment,0.026392,-18183,365243,-7594,-1720,3.0,1,0,0,1,1,0,,2.0,2,2,TUESDAY,18,0,0,0,0,0,0,XNA,0.697735675,0.685256295,0.404878364,0.2216,,0.9826,,,0.24,0.2069,0.3333,,0.2011,,0.2083,,0.002,0.2258,,0.9826,,,0.2417,0.2069,0.3333,,0.2057,,0.217,,0.0021,0.2238,,0.9826,,,0.24,0.2069,0.3333,,0.2046,,0.212,,0.0021,,block of flats,0.1883,Panel,No,2.0,0.0,2.0,0.0,-1608.0,0,0,0,0,0,0,1,0,0,0,0,0,0,0,0,0,0,0,0,0,0.0,0.0,0.0,0.0,0.0,6.0
136628,4/23/2018,0,Cash loans,F,N,Y,0,135000.0,269550.0,19300.5,225000.0,Unaccompanied,State servant,Secondary / secondary special,Single / not married,House / apartment,0.030755,-18025,-1764,-1561,-1573,,1,1,0,1,0,0,Core staff,1.0,2,2,FRIDAY,10,0,0,0,0,0,0,Business Entity Type 3,0.392764635,0.688027605,0.736622698,,,,,,,,,,,,,,,,,,,,,,,,,,,,,,,,,,,,,,,,,,,,,,,,3.0,0.0,3.0,0.0,-2177.0,0,1,0,0,0,0,0,0,0,0,0,0,0,0,0,0,0,0,0,0,0.0,0.0,0.0,4.0,0.0,0.0
134404,4/16/2018,1,Cash loans,F,N,Y,0,180000.0,601470.0,30838.5,450000.0,Family,Pensioner,Higher education,Widow,House / apartment,0.011703,-20482,365243,-937,-3526,,1,0,0,1,0,0,,1.0,2,2,MONDAY,14,0,0,0,0,0,0,XNA,,0.052671331,0.345784802,,,,,,,,,,,,,,,,,,,,,,,,,,,,,,,,,,,,,,,,,,,,,,,,1.0,1.0,1.0,1.0,-95.0,0,1,0,0,0,0,0,0,0,0,0,0,0,0,0,0,0,0,0,0,0.0,0.0,0.0,0.0,1.0,4.0
136975,4/24/2018,0,Revolving loans,M,Y,N,1,112500.0,270000.0,13500.0,270000.0,Unaccompanied,Working,Higher education,Married,House / apartment,0.026392,-20957,-623,-2252,-4336,1.0,1,1,0,1,0,0,,3.0,2,2,MONDAY,11,0,0,0,0,0,0,Government,,0.65273028,,0.0825,0.0808,0.9747,,,0.0,0.1379,0.1667,,0.1603,,0.0637,,,0.084,0.0838,0.9747,,,0.0,0.1379,0.1667,,0.1639,,0.0664,,,0.0833,0.0808,0.9747,,,0.0,0.1379,0.1667,,0.1631,,0.0648,,,,block of flats,0.0643,"Stone, brick",No,0.0,0.0,0.0,0.0,0.0,0,0,0,0,0,0,0,0,0,0,0,0,0,0,0,0,0,0,0,0,0.0,0.0,0.0,0.0,1.0,0.0
103297,1/11/2018,0,Cash loans,M,Y,Y,1,202500.0,1258650.0,53325.0,1125000.0,Unaccompanied,Commercial associate,Secondary / secondary special,Married,House / apartment,0.04622,-16775,-10178,-7361,-310,14.0,1,1,0,1,1,0,Laborers,3.0,1,1,MONDAY,16,0,1,1,0,0,0,Industry: type 11,,0.740069077,0.819317692,0.2299,0.0694,0.9891,0.8504,0.0664,0.16,0.069,0.625,0.6667,0.1104,0.1858,0.2135,0.0077,0.0,0.2342,0.0721,0.9891,0.8563,0.067,0.1611,0.069,0.625,0.6667,0.1129,0.2029,0.2224,0.0078,0.0,0.2321,0.0694,0.9891,0.8524,0.0668,0.16,0.069,0.625,0.6667,0.1123,0.189,0.2173,0.0078,0.0,reg oper account,block of flats,0.2042,Monolithic,No,0.0,0.0,0.0,0.0,0.0,0,0,0,0,0,0,1,0,0,0,0,0,0,0,0,0,0,0,0,0,0.0,0.0,0.0,1.0,0.0,0.0
107558,1/24/2018,0,Cash loans,F,N,Y,0,315000.0,710640.0,76531.5,675000.0,Unaccompanied,Commercial associate,Higher education,Civil marriage,House / apartment,0.04622,-15762,-717,-9599,-4034,,1,1,0,1,0,0,,2.0,1,1,SATURDAY,16,0,1,1,0,0,0,Military,0.338398513,0.766908772,0.450747282,,,,,,,,,,,,,,,,,,,,,,,,,,,,,,,,,,,,,,,,,,,,,,,,3.0,0.0,3.0,0.0,-391.0,0,1,0,0,0,0,0,0,0,0,0,0,0,0,0,0,0,0,0,0,0.0,0.0,0.0,0.0,0.0,5.0
121173,3/6/2018,1,Cash loans,M,N,Y,0,202500.0,835380.0,40320.0,675000.0,Family,Working,Secondary / secondary special,Single / not married,House / apartment,0.030755,-16626,-419,-9403,-178,,1,1,0,1,0,0,,1.0,2,2,THURSDAY,18,0,0,0,0,0,0,Business Entity Type 3,,0.655214404,0.475849909,,,,,,,,,,,,,,,,,,,,,,,,,,,,,,,,,,,,,,,,,,,,,,,,0.0,0.0,0.0,0.0,-1787.0,0,1,0,0,0,0,0,0,0,0,0,0,0,0,0,0,0,0,0,0,0.0,0.0,0.0,0.0,0.0,2.0
118545,2/26/2018,0,Cash loans,F,N,Y,0,135000.0,691020.0,20335.5,495000.0,Unaccompanied,Working,Secondary / secondary special,Married,House / apartment,0.01885,-19484,-8157,-7625,-3011,,1,1,0,1,0,0,Laborers,2.0,2,2,FRIDAY,11,0,0,0,0,0,0,Industry: type 9,,0.632906738,0.80045134,0.0722,0.0375,0.9896,0.8572,0.0231,0.08,0.0345,0.5417,0.5833,0.0105,0.058,0.0748,0.0039,0.0048,0.0735,0.0389,0.9896,0.8628,0.0234,0.0806,0.0345,0.5417,0.5833,0.0107,0.0634,0.0779,0.0039,0.0051,0.0729,0.0375,0.9896,0.8591,0.0233,0.08,0.0345,0.5417,0.5833,0.0107,0.059,0.0761,0.0039,0.0049,reg oper account,block of flats,0.0725,Monolithic,No,2.0,1.0,2.0,0.0,-1131.0,0,1,0,0,0,0,0,0,0,0,0,0,0,0,0,0,0,0,0,0,0.0,0.0,0.0,0.0,0.0,2.0
122880,3/11/2018,1,Cash loans,M,N,Y,0,112500.0,675000.0,28377.0,675000.0,Unaccompanied,Working,Higher education,Married,House / apartment,0.015221,-14990,-1295,-1198,-3761,,1,1,0,1,0,0,Security staff,2.0,2,2,WEDNESDAY,7,0,0,0,0,1,1,Business Entity Type 2,0.200506198,0.054488631,0.45432106,,,,,,,,,,,,,,,,,,,,,,,,,,,,,,,,,,,,,,,,,,,,,,,,1.0,0.0,1.0,0.0,-1153.0,0,1,0,0,0,0,0,0,0,0,0,0,0,0,0,0,0,0,0,0,0.0,0.0,0.0,0.0,0.0,3.0
139188,5/1/2018,0,Cash loans,F,N,N,0,112500.0,862560.0,25218.0,720000.0,Unaccompanied,Working,Secondary / secondary special,Single / not married,House / apartment,0.011657,-14062,-3136,-4407,-4455,,1,1,1,1,1,0,Secretaries,1.0,1,1,WEDNESDAY,15,0,0,0,0,0,0,Construction,,0.565585366,,0.2588,0.1887,0.9801,0.728,0.0596,0.2,0.1724,0.3333,0.375,0.0,0.2085,0.2222,0.0116,0.1514,0.2637,0.1958,0.9801,0.7387,0.0601,0.2014,0.1724,0.3333,0.375,0.0,0.2277,0.2315,0.0117,0.1603,0.2613,0.1887,0.9801,0.7316,0.06,0.2,0.1724,0.3333,0.375,0.0,0.2121,0.2261,0.0116,0.1546,reg oper account,block of flats,0.2419,"Stone, brick",No,0.0,0.0,0.0,0.0,-202.0,0,1,0,0,0,0,0,0,0,0,0,0,0,0,0,0,0,0,0,0,0.0,0.0,0.0,0.0,2.0,5.0
132390,4/10/2018,0,Cash loans,F,Y,Y,0,225000.0,299772.0,19287.0,247500.0,Unaccompanied,Commercial associate,Secondary / secondary special,Single / not married,House / apartment,0.006852,-9938,-143,-3841,-764,2.0,1,1,0,1,0,0,Core staff,1.0,3,3,SATURDAY,7,0,0,0,0,0,0,Bank,0.09432978,0.07469195,0.179821765,,,,,,,,,,,,,,,,,,,,,,,,,,,,,,,,,,,,,,,,,,,,,,,,0.0,0.0,0.0,0.0,-419.0,0,1,0,0,0,0,0,0,0,0,0,0,0,0,0,0,0,0,0,0,0.0,0.0,0.0,0.0,0.0,4.0
123428,3/13/2018,0,Revolving loans,F,N,Y,3,157500.0,135000.0,6750.0,135000.0,Family,Working,Higher education,Married,House / apartment,0.006852,-13930,-1578,-728,-714,,1,1,0,1,0,0,,5.0,3,3,WEDNESDAY,8,0,0,0,0,0,0,Business Entity Type 3,0.544567951,0.181514194,0.53527625,0.1918,0.0955,0.9975,0.966,,0.08,0.0572,0.4858,0.4167,0.0316,,0.0839,,0.0037,0.1954,0.0991,0.9975,0.9673,,0.0403,0.0345,0.5417,0.4167,0.0323,,0.0,,0.0039,0.1936,0.0955,0.9975,0.9665,,0.04,0.0345,0.5417,0.4167,0.0321,,0.0854,,0.0037,reg oper account,block of flats,0.0,Monolithic,No,3.0,0.0,2.0,0.0,-425.0,0,0,0,0,0,0,0,0,0,0,0,0,0,0,0,0,0,0,0,0,0.0,0.0,0.0,0.0,2.0,5.0
151456,6/8/2018,0,Cash loans,F,N,Y,0,315000.0,755856.0,31905.0,652500.0,Family,Commercial associate,Secondary / secondary special,Widow,House / apartment,0.010276,-22301,-1897,-12313,-3381,,1,1,0,1,0,0,Laborers,1.0,2,2,TUESDAY,16,0,0,0,0,1,1,Business Entity Type 3,,0.677398825,0.513693766,,,,,,,,,,,,,,,,,,,,,,,,,,,,,,,,,,,,,,,,,,,,,,,,1.0,0.0,1.0,0.0,-840.0,0,1,0,0,0,0,0,0,0,0,0,0,0,0,0,0,0,0,0,0,0.0,0.0,0.0,0.0,0.0,1.0
136235,4/22/2018,0,Cash loans,M,Y,Y,2,225000.0,135000.0,15399.0,135000.0,Unaccompanied,Commercial associate,Secondary / secondary special,Civil marriage,House / apartment,0.006629,-18376,-4270,-2356,-1915,10.0,1,1,1,1,1,1,,4.0,2,2,FRIDAY,8,0,0,0,0,0,0,Business Entity Type 3,,0.624832877,0.692559067,,,,,,,,,,,,,,,,,,,,,,,,,,,,,,,,,,,,,,,,,,,,,,,,8.0,0.0,8.0,0.0,-1077.0,0,1,0,0,0,0,0,0,0,0,0,0,0,0,0,0,0,0,0,0,0.0,1.0,0.0,0.0,1.0,0.0
146702,5/24/2018,0,Cash loans,F,Y,Y,0,225000.0,592560.0,35937.0,450000.0,Unaccompanied,Working,Secondary / secondary special,Married,House / apartment,0.010643,-14067,-2523,-6874,-5662,8.0,1,1,0,1,0,0,Sales staff,2.0,2,2,TUESDAY,18,0,0,0,0,0,0,Business Entity Type 3,0.49690903,0.274398012,0.363945239,0.0619,0.0503,0.9831,,,0.0,0.1207,0.1667,,0.0479,,0.0533,,0.0,0.063,0.0506,0.9782,,,0.0,0.1034,0.1667,,0.0459,,0.0533,,0.0,0.0625,0.0503,0.9831,,,0.0,0.1207,0.1667,,0.0487,,0.0543,,0.0,,block of flats,0.0402,"Stone, brick",No,0.0,0.0,0.0,0.0,0.0,0,1,0,0,0,0,0,0,0,0,0,0,0,0,0,0,0,0,0,0,0.0,0.0,0.0,0.0,0.0,4.0
112321,2/7/2018,0,Cash loans,M,Y,N,0,225000.0,679500.0,36333.0,679500.0,Unaccompanied,Working,Higher education,Married,Municipal apartment,0.026392,-11749,-1192,-5722,-2550,1.0,1,1,1,1,0,0,Laborers,2.0,2,2,SATURDAY,12,0,0,0,1,1,0,Other,,0.623935377,0.665854922,,,,,,,,,,,,,,,,,,,,,,,,,,,,,,,,,,,,,,,,,,,,,,,,3.0,0.0,3.0,0.0,-921.0,0,0,0,0,0,0,1,0,0,0,0,0,0,0,0,0,0,0,0,0,0.0,0.0,0.0,0.0,0.0,0.0
140939,5/6/2018,0,Cash loans,F,Y,N,0,112500.0,689742.0,26401.5,616500.0,Family,Working,Secondary / secondary special,Separated,House / apartment,0.00496,-19670,-2446,-4926,-3198,0.0,1,1,0,1,0,0,,1.0,2,2,MONDAY,10,0,0,0,0,0,0,Business Entity Type 3,,0.702371476,0.547810466,,,,,,,,,,,,,,,,,,,,,,,,,,,,,,,,,,,,,,,,,,,,,,,,1.0,0.0,1.0,0.0,-145.0,0,0,0,0,0,0,0,0,0,0,0,0,0,0,0,0,0,0,0,0,0.0,0.0,0.0,0.0,0.0,0.0
100620,1/2/2018,0,Cash loans,F,N,Y,0,225000.0,1800000.0,49500.0,1800000.0,Unaccompanied,Commercial associate,Secondary / secondary special,Married,House / apartment,0.072508,-17388,-1988,-3305,-941,,1,1,1,1,1,0,High skill tech staff,2.0,1,1,FRIDAY,17,0,1,1,0,1,1,Industry: type 12,,0.673737119,0.53527625,,,,,,,,,,,,,,,,,,,,,,,,,,,,,,,,,,,,,,,,,,,,,,,,0.0,0.0,0.0,0.0,-642.0,0,1,0,0,0,0,0,0,0,0,0,0,0,0,0,0,0,0,0,0,0.0,0.0,1.0,0.0,0.0,1.0
140959,5/6/2018,0,Cash loans,M,Y,Y,2,67500.0,450000.0,14517.0,450000.0,Unaccompanied,Working,Secondary / secondary special,Married,House / apartment,0.031329,-14858,-3924,-3110,-3111,65.0,1,1,0,1,1,0,Laborers,4.0,2,2,THURSDAY,8,0,0,0,0,0,0,Trade: type 7,0.793276994,0.46352062,0.499272015,,,,,,,,,,,,,,,,,,,,,,,,,,,,,,,,,,,,,,,,,,,,,,,,0.0,0.0,0.0,0.0,-1155.0,0,1,0,0,0,0,0,0,0,0,0,0,0,0,0,0,0,0,0,0,0.0,0.0,0.0,0.0,1.0,2.0
137304,4/25/2018,0,Cash loans,F,N,Y,1,103500.0,247986.0,12658.5,207000.0,Children,Working,Secondary / secondary special,Widow,House / apartment,0.019689,-13704,-1541,-3382,-4390,,1,1,0,1,0,0,Core staff,2.0,2,2,TUESDAY,15,0,0,0,0,0,0,Kindergarten,0.576724434,0.439292307,0.510089528,0.0825,0.0523,0.9762,0.6736,0.0471,0.0,0.1379,0.1667,0.2083,0.0801,0.0672,0.0623,0.0,0.0,0.084,0.0543,0.9762,0.6864,0.0475,0.0,0.1379,0.1667,0.2083,0.082,0.0735,0.065,0.0,0.0,0.0833,0.0523,0.9762,0.678,0.0473,0.0,0.1379,0.1667,0.2083,0.0815,0.0684,0.0635,0.0,0.0,reg oper account,block of flats,0.0748,Panel,No,2.0,0.0,2.0,0.0,-2949.0,0,1,0,0,0,0,0,0,0,0,0,0,0,0,0,0,0,0,0,0,0.0,0.0,0.0,0.0,0.0,0.0
146242,5/23/2018,0,Cash loans,M,Y,Y,0,135000.0,518562.0,26604.0,463500.0,Unaccompanied,Commercial associate,Secondary / secondary special,Married,House / apartment,0.01885,-13912,-514,-7770,-4416,19.0,1,1,0,1,0,0,Drivers,2.0,2,2,FRIDAY,12,0,0,0,1,1,1,Construction,0.341226338,0.700186361,,,,,,,,,,,,,,,,,,,,,,,,,,,,,,,,,,,,,,,,,,,,,,,,,5.0,0.0,5.0,0.0,-3498.0,0,1,0,0,0,0,0,0,0,0,0,0,0,0,0,0,0,0,0,0,,,,,,
137911,4/27/2018,0,Cash loans,M,N,N,0,157500.0,1288350.0,34114.5,1125000.0,Unaccompanied,Commercial associate,Secondary / secondary special,Married,House / apartment,0.030755,-21845,-4782,-8492,-4393,,1,1,1,1,0,0,Drivers,2.0,2,2,TUESDAY,14,0,0,0,0,0,0,Transport: type 4,,0.643880607,0.504681319,,,,,,,,,,,,,,,,,,,,,,,,,,,,,,,,,,,,,,,,,,,,,,,,2.0,0.0,2.0,0.0,-3.0,0,1,0,0,0,0,0,0,0,0,0,0,0,0,0,0,1,0,0,0,0.0,0.0,0.0,0.0,0.0,0.0
128791,3/30/2018,0,Cash loans,F,N,Y,0,72000.0,270000.0,9828.0,270000.0,Unaccompanied,Pensioner,Secondary / secondary special,Married,House / apartment,0.026392,-22082,365243,-2508,-2526,,1,0,0,1,0,0,,2.0,2,2,FRIDAY,9,0,0,0,0,0,0,XNA,0.819927286,0.723081278,0.337672722,,,,,,,,,,,,,,,,,,,,,,,,,,,,,,,,,,,,,,,,,,,,,,,,0.0,0.0,0.0,0.0,-1066.0,0,1,0,0,0,0,0,0,0,0,0,0,0,0,0,0,0,0,0,0,0.0,0.0,0.0,0.0,0.0,2.0
138265,4/28/2018,1,Cash loans,M,Y,N,0,270000.0,640080.0,29970.0,450000.0,Unaccompanied,Commercial associate,Higher education,Single / not married,House / apartment,0.011657,-9821,-109,-4367,-377,6.0,1,1,0,1,0,0,Managers,1.0,1,1,THURSDAY,16,0,1,1,0,0,0,Trade: type 3,0.255106811,0.708943552,0.542445144,0.0928,0.1003,0.9816,0.7484,0.0114,0.0,0.2069,0.1667,0.2083,0.0,0.0748,0.0865,0.0039,0.0044,0.0945,0.1041,0.9816,0.7583,0.0115,0.0,0.2069,0.1667,0.2083,0.0,0.0817,0.0901,0.0039,0.0047,0.0937,0.1003,0.9816,0.7518,0.0115,0.0,0.2069,0.1667,0.2083,0.0,0.0761,0.088,0.0039,0.0045,reg oper account,block of flats,0.0752,Panel,No,2.0,1.0,2.0,0.0,0.0,0,1,0,0,0,0,0,0,0,0,0,0,0,0,0,0,0,0,0,0,0.0,0.0,0.0,0.0,0.0,1.0
143139,5/13/2018,0,Cash loans,M,Y,N,1,225000.0,254700.0,27558.0,225000.0,Family,Commercial associate,Higher education,Married,House / apartment,0.030755,-10811,-846,-435,-3129,8.0,1,1,0,1,0,1,Laborers,3.0,2,2,SATURDAY,11,0,0,0,0,0,0,Business Entity Type 3,0.243931801,0.750155908,,0.0753,0.0625,0.9871,0.8232,0.0303,0.08,0.069,0.3333,0.0417,0.0198,0.0605,0.0934,0.0039,0.0154,0.0767,0.0648,0.9871,0.8301,0.0306,0.0806,0.069,0.3333,0.0417,0.0202,0.0661,0.0852,0.0039,0.0051,0.076,0.0625,0.9871,0.8256,0.0305,0.08,0.069,0.3333,0.0417,0.0201,0.0616,0.0951,0.0039,0.0158,reg oper account,block of flats,0.0829,Panel,No,0.0,0.0,0.0,0.0,-1541.0,0,1,0,0,0,0,0,0,0,0,0,0,0,0,0,0,0,0,0,0,,,,,,
109976,1/31/2018,0,Cash loans,F,Y,N,1,157500.0,264888.0,31563.0,234000.0,Unaccompanied,Working,Secondary / secondary special,Civil marriage,With parents,0.0228,-9232,-652,-700,-1531,3.0,1,1,0,1,0,1,Drivers,3.0,2,2,TUESDAY,17,0,0,0,0,0,0,Medicine,0.184902398,0.094514087,0.450747282,0.1216,0.0445,0.997,0.9592,,0.08,0.0345,0.5417,0.5833,0.0359,0.0983,0.0548,0.0039,0.0326,0.1239,0.0462,0.997,0.9608,,0.0806,0.0345,0.5417,0.5833,0.0367,0.1074,0.0571,0.0039,0.0345,0.1228,0.0445,0.997,0.9597,,0.08,0.0345,0.5417,0.5833,0.0365,0.1,0.0558,0.0039,0.0333,not specified,block of flats,0.1327,Monolithic,No,4.0,0.0,4.0,0.0,-56.0,0,1,0,0,0,0,0,0,0,0,0,0,0,0,0,0,0,0,0,0,0.0,0.0,0.0,1.0,0.0,0.0
145511,5/20/2018,0,Cash loans,M,N,Y,0,225000.0,755190.0,56592.0,675000.0,Unaccompanied,Commercial associate,Secondary / secondary special,Married,House / apartment,0.019689,-10527,-1091,-4950,-3148,,1,1,0,1,0,0,,2.0,2,2,TUESDAY,7,0,0,0,0,0,0,Business Entity Type 3,,0.038634057,0.694092643,,,0.9757,,,,0.1379,0.1667,,,,0.0518,,,,,0.9757,,,,0.1379,0.1667,,,,0.054,,,,,0.9757,,,,0.1379,0.1667,,,,0.0527,,,,,0.0473,"Stone, brick",No,0.0,0.0,0.0,0.0,-78.0,0,1,0,0,0,0,0,0,0,0,0,0,0,0,0,0,0,0,0,0,0.0,0.0,0.0,0.0,0.0,4.0
121075,3/6/2018,0,Cash loans,F,N,N,0,135000.0,677664.0,28615.5,585000.0,Unaccompanied,Working,Higher education,Married,House / apartment,0.010147,-17214,-5113,-3952,-752,,1,1,0,1,1,0,High skill tech staff,2.0,2,2,MONDAY,11,0,0,0,0,0,0,Business Entity Type 2,0.534659905,0.378194776,0.185202082,0.1646,0.0614,0.9806,0.9796,0.1182,0.32,0.1379,0.1942,0.5833,0.331,0.3782,0.127,0.0695,0.0977,0.0053,0.0637,0.9717,0.9804,0.1193,0.3222,0.1379,0.0,0.5833,0.3385,0.4132,0.0049,0.07,0.1034,0.0062,0.0614,0.9722,0.9799,0.1189,0.32,0.1379,0.0,0.5833,0.3367,0.3848,0.005,0.0699,0.0997,org spec account,block of flats,0.3132,Wooden,No,0.0,0.0,0.0,0.0,-782.0,0,1,0,0,0,0,0,0,0,0,0,0,0,0,0,0,0,0,0,0,0.0,0.0,0.0,0.0,0.0,0.0
149856,6/3/2018,0,Cash loans,M,Y,Y,0,135000.0,222768.0,16654.5,180000.0,Unaccompanied,Working,Incomplete higher,Married,House / apartment,0.028663,-15293,-5244,-9060,-4480,7.0,1,1,1,1,1,0,,2.0,2,2,SATURDAY,11,0,0,0,0,0,0,Other,0.404011757,0.539559487,0.652896552,,,,,,,,,,,,,,,,,,,,,,,,,,,,,,,,,,,,,,,,,,,,,,,,0.0,0.0,0.0,0.0,-3402.0,0,1,0,0,0,0,0,0,0,0,0,0,0,0,0,0,0,0,0,0,0.0,0.0,0.0,1.0,0.0,1.0
117627,2/23/2018,0,Cash loans,M,Y,Y,0,135000.0,873342.0,25533.0,729000.0,Unaccompanied,Working,Secondary / secondary special,Married,House / apartment,0.028663,-18592,-2889,-12534,-2121,11.0,1,1,0,1,0,0,Laborers,2.0,2,2,FRIDAY,9,0,0,0,0,0,0,Kindergarten,,0.475944262,,,,,,,,,,,,,,,,,,,,,,,,,,,,,,,,,,,,,,,,,,,,,,,,,7.0,0.0,7.0,0.0,-641.0,0,1,0,0,0,0,0,0,0,0,0,0,0,0,0,0,0,0,0,0,,,,,,
111307,2/4/2018,0,Cash loans,F,N,Y,0,112500.0,1078200.0,29650.5,900000.0,Unaccompanied,Working,Secondary / secondary special,Civil marriage,House / apartment,0.00702,-20890,-765,-4018,-4018,,1,1,0,1,0,0,Security staff,2.0,2,2,FRIDAY,13,0,0,0,0,1,1,Agriculture,,0.506589111,0.344155007,,,,,,,,,,,,,,,,,,,,,,,,,,,,,,,,,,,,,,,,,,,,,,,,1.0,0.0,1.0,0.0,-18.0,0,1,0,0,0,0,0,0,0,0,0,0,0,0,0,0,0,0,0,0,0.0,0.0,0.0,0.0,0.0,0.0
109994,1/31/2018,0,Cash loans,F,N,Y,1,90000.0,369720.0,29340.0,292500.0,Unaccompanied,Commercial associate,Secondary / secondary special,Separated,House / apartment,0.022625,-10119,-533,-4050,-2537,,1,1,0,1,0,0,Laborers,2.0,2,2,SATURDAY,15,0,0,0,0,0,0,Business Entity Type 1,0.420547297,0.733859183,0.771361592,0.0852,,0.9816,,,0.0,0.1838,0.1667,,0.0712,,0.0795,,,0.0935,,0.9806,,,0.0,0.2069,0.1667,,0.0612,,0.0709,,,0.0926,,0.9811,,,0.0,0.2069,0.1667,,0.0749,,0.0864,,,,block of flats,0.0579,Panel,No,4.0,0.0,4.0,0.0,-2458.0,0,1,0,0,0,0,0,0,0,0,0,0,0,0,0,0,0,0,0,0,0.0,0.0,0.0,0.0,0.0,4.0
101053,1/4/2018,0,Cash loans,F,N,N,0,135000.0,254700.0,16276.5,225000.0,Group of people,Working,Secondary / secondary special,Married,House / apartment,0.006008,-11272,-233,-2354,-1546,,1,1,1,1,1,0,Sales staff,2.0,2,2,WEDNESDAY,13,1,1,0,1,1,0,Business Entity Type 2,0.0812806,0.592311121,0.425892898,0.0454,,0.9886,,,0.0,0.1034,0.125,,,,0.0449,,0.0143,0.0462,,0.9886,,,0.0,0.1034,0.125,,,,0.0468,,0.0152,0.0458,,0.9886,,,0.0,0.1034,0.125,,,,0.0457,,0.0146,,block of flats,0.0384,"Stone, brick",No,0.0,0.0,0.0,0.0,-566.0,0,1,0,0,0,0,0,0,0,0,0,0,0,0,0,0,0,0,0,0,0.0,0.0,0.0,0.0,0.0,0.0
141103,5/7/2018,0,Cash loans,M,N,Y,1,135000.0,254700.0,17019.0,225000.0,Unaccompanied,Working,Incomplete higher,Married,With parents,0.035792,-11302,-671,-367,-1296,,1,1,0,1,0,0,Laborers,3.0,2,2,FRIDAY,9,0,1,1,0,1,1,Self-employed,0.190033521,0.041564488,,,,,,,,,,,,,,,,,,,,,,,,,,,,,,,,,,,,,,,,,,,,,,,,,0.0,0.0,0.0,0.0,-2519.0,0,1,0,0,0,0,0,0,0,0,0,0,0,0,0,0,0,0,0,0,0.0,0.0,0.0,0.0,0.0,2.0
122823,3/11/2018,0,Cash loans,F,Y,Y,0,180000.0,409500.0,21438.0,409500.0,Unaccompanied,Pensioner,Secondary / secondary special,Married,House / apartment,0.002042,-18847,365243,-419,-2305,1.0,1,0,0,1,0,0,,2.0,3,3,FRIDAY,12,0,0,0,0,0,0,XNA,,0.555296565,0.399675616,0.0825,0.0626,0.9771,0.6872,0.0,0.0,0.1379,0.1667,0.2083,0.0704,0.0672,0.0621,0.0,0.0707,0.084,0.065,0.9772,0.6994,0.0,0.0,0.1379,0.1667,0.2083,0.072,0.0735,0.0647,0.0,0.0749,0.0833,0.0626,0.9771,0.6914,0.0,0.0,0.1379,0.1667,0.2083,0.0716,0.0684,0.0632,0.0,0.0722,,block of flats,0.0642,"Stone, brick",No,3.0,0.0,3.0,0.0,-178.0,0,1,0,0,0,0,0,0,0,0,0,0,0,0,0,0,0,0,0,0,0.0,0.0,0.0,0.0,0.0,0.0
141546,5/8/2018,0,Cash loans,F,N,Y,0,207000.0,720000.0,21181.5,720000.0,Family,Commercial associate,Secondary / secondary special,Married,House / apartment,0.01452,-19689,-3399,-3739,-3208,,1,1,0,1,1,0,HR staff,2.0,2,2,FRIDAY,13,0,0,0,0,0,0,Business Entity Type 2,,0.634749051,0.520897599,0.1237,0.1079,0.9955,0.9388,0.0277,0.12,0.1034,0.375,0.4167,0.0106,0.1,0.1611,0.0039,0.004,0.1261,0.112,0.9955,0.9412,0.028,0.1208,0.1034,0.375,0.4167,0.0108,0.1093,0.1678,0.0039,0.0042,0.1249,0.1079,0.9955,0.9396,0.0279,0.12,0.1034,0.375,0.4167,0.0108,0.1018,0.164,0.0039,0.004,reg oper account,block of flats,0.1453,Panel,No,4.0,0.0,4.0,0.0,-356.0,0,1,0,0,0,0,0,0,0,0,0,0,0,0,0,0,0,0,0,0,0.0,0.0,0.0,0.0,1.0,4.0
156720,6/24/2018,0,Cash loans,F,N,Y,0,135000.0,177903.0,12510.0,148500.0,Unaccompanied,Pensioner,Secondary / secondary special,Widow,House / apartment,0.011657,-23915,365243,-12876,-4060,,1,0,0,1,1,0,,1.0,1,1,THURSDAY,12,0,0,0,0,0,0,XNA,,0.713631736,0.593717587,0.1567,0.2293,0.9821,0.7552,0.0261,0.0,0.4138,0.1667,0.2083,0.0398,0.1278,0.1646,0.0,0.0,0.1597,0.2379,0.9821,0.7648,0.0263,0.0,0.4138,0.1667,0.2083,0.0407,0.1396,0.1715,0.0,0.0,0.1582,0.2293,0.9821,0.7585,0.0262,0.0,0.4138,0.1667,0.2083,0.0405,0.13,0.1675,0.0,0.0,reg oper account,block of flats,0.1831,"Stone, brick",No,2.0,1.0,2.0,0.0,-1525.0,0,1,0,0,0,0,0,0,0,0,0,0,0,0,0,0,0,0,0,0,0.0,0.0,0.0,0.0,0.0,3.0
153571,6/14/2018,0,Cash loans,F,N,Y,0,135000.0,728460.0,38578.5,675000.0,Children,Pensioner,Secondary / secondary special,Single / not married,House / apartment,0.018209,-21070,365243,-9809,-3645,,1,0,0,1,1,0,,1.0,3,3,MONDAY,12,0,0,0,0,0,0,XNA,,0.579019445,0.76623367,,,,,,,,,,,,,,,,,,,,,,,,,,,,,,,,,,,,,,,,,,,,,,,,0.0,0.0,0.0,0.0,-2539.0,0,0,0,0,1,0,0,0,0,0,0,0,0,0,0,0,0,0,0,0,0.0,0.0,0.0,0.0,0.0,2.0
126821,3/24/2018,0,Cash loans,M,Y,N,1,270000.0,229500.0,21366.0,229500.0,Unaccompanied,Commercial associate,Higher education,Married,House / apartment,0.030755,-18361,-10304,-3916,-1888,6.0,1,1,0,1,0,0,Managers,3.0,2,2,FRIDAY,14,0,0,0,0,0,0,University,,0.767584353,,0.0948,0.0309,0.9916,0.8844,0.0,0.08,0.069,0.375,0.0417,0.0259,0.0756,0.096,0.0077,0.0608,0.0966,0.032,0.9916,0.8889,0.0,0.0806,0.069,0.375,0.0417,0.0265,0.0826,0.1,0.0078,0.0644,0.0958,0.0309,0.9916,0.8859,0.0,0.08,0.069,0.375,0.0417,0.0264,0.077,0.0977,0.0078,0.0621,org spec account,block of flats,0.0887,"Stone, brick",No,1.0,0.0,1.0,0.0,-181.0,0,1,0,0,0,0,0,0,0,0,0,0,0,0,1,0,0,0,0,0,0.0,0.0,0.0,0.0,0.0,1.0
139235,5/1/2018,0,Cash loans,F,N,Y,1,180000.0,1546020.0,45333.0,1350000.0,Unaccompanied,Working,Secondary / secondary special,Married,House / apartment,0.020246,-15830,-3810,-3351,-5874,,1,1,0,1,0,0,Sales staff,3.0,3,3,SATURDAY,7,0,0,0,0,0,0,Trade: type 7,0.573681165,0.428582064,0.684827659,0.0701,0.0796,0.9767,0.6804,0.0607,0.0,0.1379,0.1667,0.2083,0.0473,0.0538,0.0561,0.0154,0.0508,0.0714,0.0826,0.9767,0.6929,0.0613,0.0,0.1379,0.1667,0.2083,0.0484,0.0588,0.0585,0.0156,0.0538,0.0708,0.0796,0.9767,0.6847,0.0611,0.0,0.1379,0.1667,0.2083,0.0482,0.0547,0.0571,0.0155,0.0519,reg oper account,block of flats,0.0552,Panel,No,1.0,0.0,1.0,0.0,-720.0,0,1,0,0,0,0,0,0,0,0,0,0,0,0,0,0,0,0,0,0,0.0,0.0,0.0,0.0,2.0,1.0
142088,5/10/2018,0,Cash loans,M,Y,Y,0,157500.0,1506816.0,47443.5,1350000.0,Unaccompanied,Pensioner,Secondary / secondary special,Married,House / apartment,0.00496,-19135,365243,-4278,-2688,14.0,1,0,0,1,0,0,,2.0,2,2,WEDNESDAY,12,0,0,0,0,0,0,XNA,,0.667583831,0.563835049,,,,,,,,,,,,,,,,,,,,,,,,,,,,,,,,,,,,,,,,,,,,,,,,0.0,0.0,0.0,0.0,-34.0,0,0,0,0,1,0,0,0,0,0,0,0,0,0,0,0,0,0,0,0,0.0,0.0,0.0,0.0,1.0,1.0
142346,5/11/2018,0,Cash loans,M,N,Y,0,225000.0,1293502.5,37948.5,1129500.0,Family,Commercial associate,Secondary / secondary special,Married,House / apartment,0.005084,-18244,-4282,-1372,-1795,,1,1,0,1,0,0,Laborers,2.0,2,2,FRIDAY,16,0,0,0,0,0,0,Housing,,0.560474394,0.262248971,0.2,,0.998,,,0.2,0.1034,0.375,,,0.1597,0.1473,0.0154,0.0184,0.2038,,0.998,,,0.2014,0.1034,0.375,,,0.1745,0.1534,0.0156,0.0195,0.2019,,0.998,,,0.2,0.1034,0.375,,,0.1625,0.1499,0.0155,0.0188,,block of flats,0.1787,"Stone, brick",No,3.0,1.0,3.0,1.0,-1500.0,0,1,0,0,0,0,0,0,0,0,0,0,0,0,0,0,0,0,0,0,0.0,0.0,0.0,0.0,0.0,1.0
104871,1/15/2018,0,Cash loans,M,Y,Y,0,180000.0,284400.0,16456.5,225000.0,Unaccompanied,Working,Higher education,Separated,House / apartment,0.003122,-21453,-4622,-4968,-4813,7.0,1,1,0,1,0,0,,1.0,3,3,WEDNESDAY,15,0,0,0,0,0,0,Self-employed,,0.68848741,,,,,,,,,,,,,,,,,,,,,,,,,,,,,,,,,,,,,,,,,,,,,,,,,0.0,0.0,0.0,0.0,-757.0,0,1,0,0,0,0,0,0,0,0,0,0,0,0,0,0,0,0,0,0,0.0,0.0,0.0,0.0,0.0,1.0
149936,6/3/2018,0,Cash loans,M,Y,N,1,180000.0,675000.0,32602.5,675000.0,Unaccompanied,Working,Higher education,Married,House / apartment,0.026392,-15512,-1084,-4950,-4763,13.0,1,1,0,1,0,0,Managers,3.0,2,2,SATURDAY,16,0,0,0,0,0,0,Other,,0.683697805,0.066887934,0.2969,,0.9826,,,0.0,0.2759,0.3333,,,,0.3087,,0.0,0.3025,,0.9826,,,0.0,0.2759,0.3333,,,,0.3216,,0.0,0.2998,,0.9826,,,0.0,0.2759,0.3333,,,,0.3142,,0.0,,block of flats,0.2428,"Stone, brick",No,0.0,0.0,0.0,0.0,-2019.0,0,1,0,0,0,0,0,0,0,0,0,0,0,0,0,0,0,0,0,0,0.0,0.0,0.0,0.0,0.0,0.0
151808,6/9/2018,0,Cash loans,F,N,Y,1,135000.0,338314.5,33592.5,306000.0,Unaccompanied,Commercial associate,Secondary / secondary special,Married,House / apartment,0.003069,-14610,-1927,-51,-4145,,1,1,0,1,0,0,Cooking staff,3.0,3,3,THURSDAY,15,0,0,0,0,1,1,Business Entity Type 3,0.265755109,0.356473921,0.479448981,,,,,,,,,,,,,,,,,,,,,,,,,,,,,,,,,,,,,,,,,,,,,,,,1.0,0.0,1.0,0.0,0.0,0,1,0,0,0,0,0,0,0,0,0,0,0,0,0,0,0,0,0,0,0.0,0.0,0.0,0.0,1.0,0.0
153383,6/14/2018,0,Cash loans,F,N,Y,2,202500.0,1098000.0,32233.5,1098000.0,Unaccompanied,Commercial associate,Secondary / secondary special,Married,House / apartment,0.00702,-12911,-5284,-1799,-5031,,1,1,1,1,1,0,Core staff,4.0,2,2,WEDNESDAY,16,0,0,0,0,0,0,Bank,,0.394487502,0.404878364,,,,,,,,,,,,,,,,,,,,,,,,,,,,,,,,,,,,,,,,,,,,,,,,0.0,0.0,0.0,0.0,-876.0,0,1,0,0,0,0,0,0,0,0,0,0,0,0,0,0,0,0,0,0,0.0,0.0,0.0,0.0,0.0,1.0
145101,5/19/2018,0,Cash loans,F,Y,Y,0,153000.0,640080.0,24259.5,450000.0,Children,Commercial associate,Secondary / secondary special,Married,House / apartment,0.003122,-17012,-1627,-6179,-549,4.0,1,1,1,1,0,0,Core staff,2.0,3,3,SUNDAY,12,0,1,1,0,1,1,Medicine,,0.139270132,0.633031641,,,,,,,,,,,,,,,,,,,,,,,,,,,,,,,,,,,,,,,,,,,,,,,,0.0,0.0,0.0,0.0,-660.0,0,1,0,0,0,0,0,0,0,0,0,0,0,0,0,0,0,0,0,0,0.0,0.0,0.0,0.0,0.0,0.0
127411,3/25/2018,0,Cash loans,M,Y,N,0,157500.0,1096020.0,52857.0,900000.0,Unaccompanied,Working,Secondary / secondary special,Married,House / apartment,0.04622,-17120,-108,-8801,-664,4.0,1,1,0,1,0,0,Security staff,2.0,1,1,THURSDAY,15,0,1,1,0,0,0,Military,,0.468728376,0.665854922,0.0619,0.0611,0.9871,0.8232,0.0079,0.0,0.1379,0.1667,0.2083,0.013,0.0504,0.06,0.0,0.0,0.063,0.0634,0.9871,0.8301,0.008,0.0,0.1379,0.1667,0.2083,0.0133,0.0551,0.0625,0.0,0.0,0.0625,0.0611,0.9871,0.8256,0.008,0.0,0.1379,0.1667,0.2083,0.0132,0.0513,0.061,0.0,0.0,reg oper account,block of flats,0.062,Panel,No,0.0,0.0,0.0,0.0,-3567.0,0,0,0,0,0,0,1,0,0,0,0,0,0,0,0,0,0,0,0,0,0.0,0.0,0.0,0.0,0.0,3.0
117990,2/24/2018,0,Cash loans,F,N,Y,0,31500.0,166500.0,8631.0,166500.0,Unaccompanied,Working,Secondary / secondary special,Married,House / apartment,0.015221,-16862,-3187,-5706,-404,,1,1,0,1,0,1,Core staff,2.0,2,2,THURSDAY,15,0,0,0,0,0,0,Kindergarten,0.586200226,0.512884503,,,,,,,,,,,,,,,,,,,,,,,,,,,,,,,,,,,,,,,,,,,,,,,,,3.0,0.0,3.0,0.0,-1.0,0,1,0,0,0,0,0,0,0,0,0,0,0,0,0,0,0,0,0,0,,,,,,
113355,2/10/2018,0,Cash loans,M,Y,N,0,225000.0,315000.0,22918.5,315000.0,Unaccompanied,Working,Secondary / secondary special,Single / not married,House / apartment,0.018801,-8874,-1706,-1302,-1302,12.0,1,1,0,1,1,0,Sales staff,1.0,2,2,TUESDAY,12,0,0,0,0,0,0,Industry: type 1,,0.278377813,0.417099668,0.1227,0.0995,0.9796,0.7212,0.0511,0.0,0.2759,0.1667,0.2083,0.1428,0.1,0.1029,0.0,0.004,0.125,0.1032,0.9796,0.7321,0.0515,0.0,0.2759,0.1667,0.2083,0.1461,0.1093,0.1072,0.0,0.0043,0.1239,0.0995,0.9796,0.7249,0.0514,0.0,0.2759,0.1667,0.2083,0.1453,0.1018,0.1048,0.0,0.0041,reg oper spec account,block of flats,0.0928,Panel,No,0.0,0.0,0.0,0.0,-182.0,0,1,0,0,0,0,0,0,0,0,0,0,0,0,0,0,0,0,0,0,0.0,0.0,0.0,0.0,0.0,3.0
123406,3/13/2018,0,Cash loans,M,Y,Y,0,225000.0,1096020.0,59589.0,900000.0,Unaccompanied,Working,Secondary / secondary special,Married,House / apartment,0.005144,-13468,-1937,-951,-4256,15.0,1,1,0,1,0,0,Laborers,2.0,2,2,WEDNESDAY,16,0,0,0,0,1,1,Self-employed,,0.491829602,0.72094415,,,,,,,,,,,,,,,,,,,,,,,,,,,,,,,,,,,,,,,,,,,,,,,,5.0,1.0,5.0,1.0,-1082.0,0,1,0,0,0,0,0,0,0,0,0,0,0,0,0,0,0,0,0,0,0.0,0.0,0.0,0.0,1.0,1.0
125756,3/20/2018,0,Cash loans,F,N,N,0,78750.0,1288350.0,37669.5,1125000.0,Unaccompanied,Working,Secondary / secondary special,Married,House / apartment,0.018634,-20852,-1546,-12623,-4171,,1,1,0,1,1,0,Cleaning staff,2.0,2,2,THURSDAY,10,0,0,0,0,0,0,Transport: type 4,,0.502079292,0.403141677,,,0.9732,,,,,,,,,0.0435,,,,,0.9732,,,,,,,,,0.0453,,,,,0.9732,,,,,,,,,0.0443,,,,,0.048,,No,2.0,1.0,2.0,1.0,-729.0,0,1,0,0,0,0,0,0,0,0,0,0,0,0,0,0,0,0,0,0,0.0,0.0,0.0,0.0,0.0,1.0
116319,2/19/2018,0,Cash loans,F,N,Y,0,225000.0,518562.0,21969.0,463500.0,Unaccompanied,Pensioner,Higher education,Married,House / apartment,0.04622,-20377,365243,-3845,-3926,,1,0,0,1,0,0,,2.0,1,1,THURSDAY,17,0,0,0,0,0,0,XNA,,0.738678497,,,,,,,,,,,,,,,,,,,,,,,,,,,,,,,,,,,,,,,,,,,,,,,,,2.0,0.0,2.0,0.0,-1867.0,0,1,0,0,0,0,0,0,0,0,0,0,0,0,0,0,0,0,0,0,,,,,,
100324,1/2/2018,0,Cash loans,F,Y,Y,1,112500.0,152820.0,18265.5,135000.0,Unaccompanied,Commercial associate,Secondary / secondary special,Separated,House / apartment,0.003069,-10471,-1753,-4922,-2885,1.0,1,1,0,1,0,0,Sales staff,2.0,3,3,THURSDAY,17,0,0,0,0,0,0,Self-employed,0.470460254,0.65914092,,0.1649,0.0928,0.9901,,,0.12,0.1034,0.375,,0.0145,,0.077,,0.0,0.1681,0.0963,0.9901,,,0.1208,0.1034,0.375,,0.0149,,0.0803,,0.0,0.1665,0.0928,0.9901,,,0.12,0.1034,0.375,,0.0148,,0.0784,,0.0,,block of flats,0.1047,Panel,No,0.0,0.0,0.0,0.0,-1957.0,0,1,0,0,0,0,0,0,0,0,0,0,0,0,0,0,0,0,0,0,,,,,,
128737,3/29/2018,0,Cash loans,F,N,Y,0,180000.0,526500.0,17113.5,526500.0,Unaccompanied,Working,Higher education,Married,House / apartment,0.028663,-22981,-4677,-3171,-4686,,1,1,0,1,0,0,Core staff,2.0,2,2,FRIDAY,8,0,0,0,0,0,0,School,0.756352651,0.57268502,0.380799683,,,,,,,,,,,,,,,,,,,,,,,,,,,,,,,,,,,,,,,,,,,,,,,,1.0,0.0,1.0,0.0,-1813.0,0,1,0,0,0,0,0,0,0,0,0,0,0,0,0,0,0,0,0,0,0.0,0.0,0.0,0.0,0.0,1.0
106007,1/19/2018,0,Cash loans,F,N,Y,0,55350.0,203760.0,11826.0,180000.0,Unaccompanied,Pensioner,Secondary / secondary special,Married,House / apartment,0.019101,-20010,365243,-11657,-3531,,1,0,0,1,1,0,,2.0,2,2,SATURDAY,9,0,0,0,0,0,0,XNA,,0.589514753,0.403141677,,,,,,,,,,,,,,,,,,,,,,,,,,,,,,,,,,,,,,,,,,,,,,,,0.0,0.0,0.0,0.0,0.0,0,0,0,0,1,0,0,0,0,0,0,0,0,0,0,0,0,0,0,0,0.0,0.0,0.0,0.0,0.0,0.0
156640,6/24/2018,0,Cash loans,F,N,Y,1,67500.0,477000.0,19557.0,477000.0,Unaccompanied,Working,Higher education,Married,House / apartment,0.026392,-12774,-517,-6771,-3086,,1,1,0,1,0,0,High skill tech staff,3.0,2,2,THURSDAY,10,0,0,0,0,0,0,Business Entity Type 3,0.480292085,0.698102722,0.542445144,0.1031,0.1138,0.9826,,,0.0,0.2069,0.1667,,0.0495,,0.0894,,0.0,0.105,0.1181,0.9826,,,0.0,0.2069,0.1667,,0.0506,,0.0932,,0.0,0.1041,0.1138,0.9826,,,0.0,0.2069,0.1667,,0.0503,,0.091,,0.0,,block of flats,0.0703,"Stone, brick",No,2.0,0.0,2.0,0.0,-198.0,0,0,0,0,0,0,0,0,0,0,0,0,0,0,0,0,0,0,0,0,0.0,0.0,0.0,0.0,0.0,0.0
144868,5/18/2018,0,Cash loans,M,Y,Y,1,270000.0,296280.0,19930.5,225000.0,Unaccompanied,Working,Secondary / secondary special,Married,With parents,0.018634,-10552,-3024,-57,-3011,65.0,1,1,0,1,0,0,Laborers,3.0,2,2,FRIDAY,15,0,0,0,0,0,0,Transport: type 2,0.618331389,0.234123586,0.175605979,0.4866,0.3195,0.9886,,,0.48,0.4138,0.375,,0.2373,,0.5273,,0.5203,0.4958,0.3316,0.9886,,,0.4834,0.4138,0.375,,0.2427,,0.5494,,0.5508,0.4913,0.3195,0.9886,,,0.48,0.4138,0.375,,0.2414,,0.5368,,0.5312,,block of flats,0.4658,Panel,No,2.0,0.0,2.0,0.0,-146.0,0,1,0,0,0,0,0,0,0,0,0,0,0,0,0,0,0,0,0,0,0.0,0.0,0.0,0.0,0.0,0.0
110141,2/1/2018,0,Cash loans,F,N,N,0,157500.0,454500.0,20020.5,454500.0,Unaccompanied,Working,Secondary / secondary special,Civil marriage,House / apartment,0.007114,-14314,-2090,-2187,-1725,,1,1,1,1,1,0,Sales staff,2.0,2,2,FRIDAY,10,0,0,0,0,0,0,Self-employed,,0.562832482,,0.0577,0.0846,0.9801,0.728,0.0085,0.0,0.1379,0.1667,0.2083,0.0165,0.0471,0.0528,0.0,0.1052,0.0588,0.0878,0.9801,0.7387,0.0085,0.0,0.1379,0.1667,0.2083,0.0169,0.0514,0.055,0.0,0.1113,0.0583,0.0846,0.9801,0.7316,0.0085,0.0,0.1379,0.1667,0.2083,0.0168,0.0479,0.0538,0.0,0.1074,reg oper account,block of flats,0.0644,"Stone, brick",No,2.0,0.0,2.0,0.0,-2300.0,0,1,0,0,0,0,0,0,0,0,0,0,0,0,0,0,0,0,0,0,0.0,0.0,0.0,0.0,0.0,2.0
105590,1/18/2018,0,Cash loans,M,Y,N,1,225000.0,239850.0,28593.0,225000.0,Family,Working,Secondary / secondary special,Married,House / apartment,0.010643,-16067,-670,-2168,-4215,17.0,1,1,0,1,0,0,Drivers,3.0,2,2,SATURDAY,16,0,1,1,0,0,0,Business Entity Type 1,0.224206072,0.233250321,0.728141299,0.1289,0.0805,0.9911,0.8776,0.0534,0.12,0.1034,0.3333,0.0417,0.0951,0.1051,0.1383,0.0,0.0,0.1313,0.0835,0.9911,0.8824,0.0538,0.1208,0.1034,0.3333,0.0417,0.0972,0.1148,0.1441,0.0,0.0,0.1301,0.0805,0.9911,0.8792,0.0537,0.12,0.1034,0.3333,0.0417,0.0967,0.1069,0.1408,0.0,0.0,reg oper account,block of flats,0.138,"Stone, brick",No,5.0,0.0,5.0,0.0,-2799.0,0,1,0,0,0,0,0,0,0,0,0,0,0,0,0,0,0,0,0,0,0.0,0.0,0.0,0.0,0.0,4.0
108580,1/27/2018,1,Cash loans,F,Y,Y,2,202500.0,993082.5,42205.5,913500.0,Family,Commercial associate,Secondary / secondary special,Married,House / apartment,0.019689,-13171,-3952,-6616,-2451,11.0,1,1,0,1,0,0,Laborers,4.0,2,2,WEDNESDAY,7,0,0,0,0,0,0,Self-employed,,0.735257705,0.384206813,0.1113,0.0,0.9841,,,0.12,0.1034,0.3333,,0.0556,,0.1149,,0.0,0.1134,0.0,0.9841,,,0.1208,0.1034,0.3333,,0.0569,,0.1197,,0.0,0.1124,0.0,0.9841,,,0.12,0.1034,0.3333,,0.0566,,0.1169,,0.0,,block of flats,0.0904,Panel,No,0.0,0.0,0.0,0.0,-1105.0,0,1,0,0,0,0,0,0,0,0,0,0,0,0,0,0,0,0,0,0,0.0,0.0,0.0,0.0,0.0,4.0
127161,3/25/2018,0,Cash loans,F,N,Y,0,135000.0,592560.0,26230.5,450000.0,Unaccompanied,State servant,Secondary / secondary special,Civil marriage,House / apartment,0.035792,-18080,-6362,-9569,-1618,,1,1,0,1,0,0,Medicine staff,2.0,2,2,FRIDAY,9,0,0,0,0,1,1,Medicine,,0.634363657,0.504681319,,,,,,,,,,,,,,,,,,,,,,,,,,,,,,,,,,,,,,,,,,,,,,,,1.0,1.0,1.0,0.0,-1645.0,0,1,0,0,0,0,0,0,0,0,0,0,0,0,0,0,0,0,0,0,0.0,0.0,0.0,0.0,0.0,1.0
116444,2/20/2018,0,Cash loans,F,Y,Y,1,270000.0,1256400.0,36864.0,900000.0,Unaccompanied,Commercial associate,Lower secondary,Married,House / apartment,0.011657,-12678,-1320,-3768,-4737,8.0,1,1,0,1,0,0,Sales staff,3.0,1,1,WEDNESDAY,10,0,1,1,0,0,0,Business Entity Type 3,0.637479388,0.171880342,0.669056695,,,,,,,,,,,,,,,,,,,,,,,,,,,,,,,,,,,,,,,,,,,,,,,,2.0,0.0,2.0,0.0,-1220.0,0,1,0,0,0,0,0,0,0,0,0,0,0,0,0,0,0,0,0,0,0.0,0.0,0.0,0.0,0.0,0.0
152805,6/12/2018,1,Cash loans,M,Y,Y,0,135000.0,640080.0,31261.5,450000.0,Family,Commercial associate,Higher education,Married,House / apartment,0.009657,-11115,-2872,-1685,-3689,2.0,1,1,0,1,0,0,Drivers,2.0,2,2,WEDNESDAY,12,0,0,0,0,1,1,Business Entity Type 3,,0.600537871,0.028474248,,,,,,,,,,,,,,,,,,,,,,,,,,,,,,,,,,,,,,,,,,,,,,,,0.0,0.0,0.0,0.0,-520.0,0,1,0,0,0,0,0,0,0,0,0,0,0,0,0,0,0,0,0,0,0.0,0.0,0.0,0.0,0.0,0.0
143109,5/13/2018,1,Cash loans,F,Y,N,0,90000.0,1588500.0,45252.0,1588500.0,Unaccompanied,Pensioner,Secondary / secondary special,Married,House / apartment,0.035792,-22213,365243,-1580,-3471,21.0,1,0,0,1,0,0,,2.0,2,2,MONDAY,12,0,0,0,0,0,0,XNA,,0.529853849,,,,,,,,,,,,,,,,,,,,,,,,,,,,,,,,,,,,,,,,,,,,,,,,,0.0,0.0,0.0,0.0,-1517.0,0,0,0,0,0,0,0,0,0,0,0,0,0,0,0,0,0,0,0,0,,,,,,
150642,6/5/2018,1,Cash loans,M,Y,Y,0,126000.0,517500.0,31788.0,517500.0,Unaccompanied,Working,Secondary / secondary special,Single / not married,House / apartment,0.01452,-8264,-675,-6133,-833,64.0,1,1,0,1,0,0,Drivers,1.0,2,2,FRIDAY,12,0,0,0,0,1,1,Military,0.117280585,0.004527627,,,,,,,,,,,,,,,,,,,,,,,,,,,,,,,,,,,,,,,,,,,,,,,,,1.0,0.0,1.0,0.0,0.0,0,1,0,0,0,0,0,0,0,0,0,0,0,0,0,0,0,0,0,0,,,,,,
152756,6/12/2018,0,Cash loans,M,N,Y,0,112500.0,239850.0,23850.0,225000.0,Unaccompanied,Commercial associate,Higher education,Married,House / apartment,0.00702,-18072,-975,-4292,-1627,,1,1,0,1,0,0,Laborers,2.0,2,2,SATURDAY,12,0,0,0,0,0,0,Advertising,0.735296668,0.599015606,0.528092751,,,,,,,,,,,,,,,,,,,,,,,,,,,,,,,,,,,,,,,,,,,,,,,,0.0,0.0,0.0,0.0,-1342.0,0,1,0,0,0,0,0,0,0,0,0,0,0,0,0,0,0,0,0,0,0.0,0.0,0.0,1.0,0.0,0.0
107539,1/24/2018,0,Cash loans,M,N,N,2,180000.0,625536.0,32067.0,540000.0,Unaccompanied,Working,Secondary / secondary special,Married,House / apartment,0.04622,-12836,-4367,-5424,-1763,,1,1,0,1,0,0,Core staff,4.0,1,1,WEDNESDAY,14,0,0,0,0,1,1,Police,0.290658683,0.62881756,0.710674386,0.1443,0.1034,0.9881,,,0.16,0.1379,0.3333,,0.0205,,0.146,,0.0,0.1471,0.1073,0.9881,,,0.1611,0.1379,0.3333,,0.021,,0.1521,,0.0,0.1457,0.1034,0.9881,,,0.16,0.1379,0.3333,,0.0209,,0.1486,,0.0,,block of flats,0.1148,Panel,No,0.0,0.0,0.0,0.0,-844.0,0,1,0,0,0,0,0,0,0,0,0,0,0,0,0,0,0,0,0,0,0.0,0.0,0.0,0.0,0.0,2.0
133206,4/12/2018,0,Cash loans,M,N,Y,1,180000.0,283419.0,13342.5,234000.0,Unaccompanied,Working,Incomplete higher,Married,House / apartment,0.072508,-12632,-145,-6682,-4031,,1,1,0,1,1,0,,3.0,1,1,SUNDAY,13,0,0,0,0,0,0,Business Entity Type 3,0.5744074,0.721528562,0.190705948,0.2175,0.0856,0.9836,0.7756,0.0,0.2664,0.1148,0.625,0.6667,0.0,0.1774,0.2682,0.0,0.0041,0.1334,0.0554,0.9836,0.7844,0.0,0.3222,0.1379,0.625,0.6667,0.0,0.1166,0.1692,0.0,0.0,0.2623,0.0971,0.9836,0.7786,0.0,0.32,0.1379,0.625,0.6667,0.0,0.2155,0.3257,0.0,0.0,reg oper account,block of flats,0.2534,Panel,No,0.0,0.0,0.0,0.0,0.0,0,1,0,0,0,0,0,0,0,0,0,0,0,0,0,0,0,0,0,0,0.0,0.0,0.0,1.0,0.0,5.0
117592,2/23/2018,0,Cash loans,F,N,Y,0,157500.0,1711764.0,45283.5,1530000.0,Unaccompanied,Pensioner,Higher education,Married,House / apartment,0.019689,-21531,365243,-8526,-4366,,1,0,0,1,0,0,,2.0,2,2,TUESDAY,11,0,0,0,0,0,0,XNA,0.853150148,0.381238718,0.684827659,0.0918,0.0088,0.9876,0.83,0.0189,0.0,0.2069,0.1667,0.0417,0.0,0.0748,0.0774,0.0,0.0026,0.0935,0.0092,0.9876,0.8367,0.0191,0.0,0.2069,0.1667,0.0417,0.0,0.0817,0.0807,0.0,0.0028,0.0926,0.0088,0.9876,0.8323,0.019,0.0,0.2069,0.1667,0.0417,0.0,0.0761,0.0788,0.0,0.0027,reg oper spec account,block of flats,0.0615,Panel,No,2.0,1.0,2.0,1.0,-310.0,0,1,0,0,0,0,0,0,0,0,0,0,0,0,0,0,0,0,0,0,0.0,0.0,0.0,0.0,0.0,0.0
150992,6/6/2018,0,Cash loans,F,N,Y,0,135000.0,753840.0,22171.5,540000.0,Unaccompanied,Working,Secondary / secondary special,Single / not married,House / apartment,0.018801,-16489,-1168,-10295,-22,,1,1,1,1,0,0,Sales staff,1.0,2,2,TUESDAY,11,0,0,0,0,0,0,Self-employed,,0.564349209,0.746300213,,,,,,,,,,,,,,,,,,,,,,,,,,,,,,,,,,,,,,,,,,,,,,,,5.0,0.0,5.0,0.0,-57.0,0,1,0,0,0,0,0,0,0,0,0,0,0,0,0,0,0,0,0,0,0.0,0.0,0.0,0.0,2.0,0.0
145051,5/19/2018,0,Cash loans,F,N,Y,0,225000.0,787131.0,26145.0,679500.0,Unaccompanied,State servant,Secondary / secondary special,Married,House / apartment,0.002042,-19001,-721,-1593,-2553,,1,1,0,1,0,0,,2.0,3,3,MONDAY,17,0,0,0,1,1,0,University,,0.20161536,0.616121691,,,,,,,,,,,,,,,,,,,,,,,,,,,,,,,,,,,,,,,,,,,,,,,,0.0,0.0,0.0,0.0,-275.0,0,1,0,0,0,0,0,0,0,0,0,0,0,0,0,0,0,0,0,0,0.0,0.0,0.0,0.0,0.0,0.0
124712,3/17/2018,0,Cash loans,M,N,Y,0,103500.0,159264.0,7875.0,126000.0,Family,Pensioner,Secondary / secondary special,Married,House / apartment,0.008625,-23244,365243,-3837,-4324,,1,0,0,1,0,0,,2.0,2,2,THURSDAY,13,0,0,0,0,0,0,XNA,0.668347245,0.509709869,0.819317692,,,,,,,,,,,,,,,,,,,,,,,,,,,,,,,,,,,,,,,,,,,,,,,,4.0,0.0,4.0,0.0,-1327.0,0,1,0,0,0,0,0,0,0,0,0,0,0,0,0,0,0,0,0,0,0.0,0.0,0.0,0.0,0.0,2.0
126833,3/24/2018,0,Cash loans,F,N,Y,0,180000.0,728847.0,29389.5,553500.0,Unaccompanied,State servant,Secondary / secondary special,Married,House / apartment,0.019101,-17719,-1419,-9080,-1260,,1,1,0,1,0,0,Cooking staff,2.0,2,2,WEDNESDAY,18,0,0,0,0,1,1,Restaurant,,0.613292402,0.45969045,,,,,,,,,,,,,,,,,,,,,,,,,,,,,,,,,,,,,,,,,,,,,,,,0.0,0.0,0.0,0.0,-1066.0,0,1,0,0,0,0,0,0,0,0,0,0,0,0,0,0,0,0,0,0,0.0,0.0,0.0,0.0,0.0,0.0
109008,1/28/2018,0,Cash loans,M,Y,N,1,315000.0,1078200.0,38331.0,900000.0,Unaccompanied,Working,Secondary / secondary special,Married,House / apartment,0.006305,-13095,-1680,-294,-4318,20.0,1,1,0,1,0,0,Drivers,3.0,3,3,MONDAY,3,0,0,0,0,1,1,Business Entity Type 1,0.283961893,0.246940166,0.231439351,,,,,,,,,,,,,,,,,,,,,,,,,,,,,,,,,,,,,,,,,,,,,,,,2.0,0.0,2.0,0.0,-2384.0,0,1,0,0,0,0,0,0,0,0,0,0,0,0,0,0,0,0,0,0,0.0,0.0,1.0,0.0,0.0,2.0
142377,5/11/2018,0,Cash loans,F,N,Y,0,170100.0,630000.0,43978.5,630000.0,Unaccompanied,Pensioner,Secondary / secondary special,Married,House / apartment,0.018209,-17633,365243,-5680,-1169,,1,0,0,1,1,0,,2.0,3,3,THURSDAY,10,0,0,0,0,0,0,XNA,0.619780174,0.570998502,0.782607837,0.1485,0.0975,0.9886,0.8436,0.0379,0.16,0.1379,0.3333,0.375,0.0795,0.121,0.1498,0.0,0.0,0.1513,0.1011,0.9886,0.8497,0.0383,0.1611,0.1379,0.3333,0.375,0.0813,0.1322,0.1561,0.0,0.0,0.1499,0.0975,0.9886,0.8457,0.0382,0.16,0.1379,0.3333,0.375,0.0809,0.1231,0.1525,0.0,0.0,reg oper account,block of flats,0.1386,Panel,No,4.0,0.0,4.0,0.0,-1468.0,0,1,0,0,0,0,0,0,0,0,0,0,0,0,0,0,0,0,0,0,0.0,0.0,0.0,6.0,0.0,3.0
156762,6/24/2018,0,Cash loans,M,Y,Y,0,202500.0,824823.0,26739.0,688500.0,Family,Commercial associate,Secondary / secondary special,Married,House / apartment,0.025164,-17724,-4223,-4702,-1265,7.0,1,1,0,1,0,0,Security staff,2.0,2,2,MONDAY,10,0,0,0,0,1,1,Security,,0.262258369,0.740799088,0.0,,0.0,,,,,,,,,,,,0.0,,0.0005,,,,,,,,,,,,0.0,,0.0,,,,,,,,,,,,,block of flats,0.0,,No,4.0,0.0,4.0,0.0,-1494.0,0,1,0,0,0,0,0,0,0,0,0,0,0,0,0,0,0,0,0,0,0.0,0.0,0.0,1.0,0.0,3.0
128242,3/28/2018,0,Cash loans,F,N,N,0,112500.0,270000.0,13801.5,270000.0,Unaccompanied,Working,Secondary / secondary special,Married,House / apartment,0.026392,-18117,-10070,-5129,-1679,,1,1,1,1,1,0,Laborers,2.0,2,2,FRIDAY,10,0,0,0,0,0,0,Transport: type 2,,0.667724546,0.294083101,0.0753,0.1492,0.9916,,,0.0,0.2414,0.1667,,0.0912,,0.094,,0.0,0.0767,0.1548,0.9916,,,0.0,0.2414,0.1667,,0.0933,,0.0979,,0.0,0.076,0.1492,0.9916,,,0.0,0.2414,0.1667,,0.0928,,0.0956,,0.0,,block of flats,0.0739,"Stone, brick",No,0.0,0.0,0.0,0.0,-484.0,0,1,0,0,0,0,0,0,0,0,0,0,0,0,0,0,0,0,0,0,0.0,0.0,0.0,0.0,1.0,1.0
117537,2/23/2018,0,Cash loans,F,N,Y,0,67500.0,315000.0,19269.0,315000.0,Unaccompanied,State servant,Secondary / secondary special,Widow,House / apartment,0.005084,-21542,-12750,-13645,-3100,,1,1,1,1,0,0,Core staff,1.0,2,2,WEDNESDAY,10,0,0,0,0,1,1,Kindergarten,,0.492999248,0.349055251,,,,,,,,,,,,,,,,,,,,,,,,,,,,,,,,,,,,,,,,,,,,,,,,0.0,0.0,0.0,0.0,-1236.0,0,1,0,0,0,0,0,0,0,0,0,0,0,0,0,0,0,0,0,0,0.0,0.0,0.0,0.0,0.0,0.0
111270,2/4/2018,0,Cash loans,F,Y,Y,0,112500.0,1013508.0,27999.0,846000.0,Unaccompanied,Commercial associate,Secondary / secondary special,Married,House / apartment,0.031329,-17151,-6386,-2531,-711,6.0,1,1,0,1,0,0,High skill tech staff,2.0,2,2,MONDAY,9,0,0,0,0,0,0,Business Entity Type 3,,0.618837052,0.689479143,0.0629,0.0033,0.9955,0.9388,0.0114,0.0,0.1034,0.125,0.1667,0.0273,,0.0515,,0.0307,0.0641,0.0034,0.9955,0.9412,0.0115,0.0,0.1034,0.125,0.1667,0.0279,,0.0537,,0.0324,0.0635,0.0033,0.9955,0.9396,0.0114,0.0,0.1034,0.125,0.1667,0.0278,,0.0524,,0.0313,reg oper account,block of flats,0.0472,"Stone, brick",No,0.0,0.0,0.0,0.0,-375.0,0,0,0,0,0,0,0,0,0,0,0,0,0,0,0,0,0,0,0,0,0.0,0.0,0.0,0.0,2.0,2.0
150016,6/3/2018,0,Cash loans,M,N,Y,1,112500.0,450000.0,19953.0,450000.0,Unaccompanied,Working,Secondary / secondary special,Married,House / apartment,0.0105,-12959,-4583,-4545,-4578,,1,1,1,1,1,0,Laborers,3.0,3,3,THURSDAY,15,0,0,0,1,1,0,Industry: type 3,0.181098923,0.598274777,0.656158373,,,,,,,,,,,,,,,,,,,,,,,,,,,,,,,,,,,,,,,,,,,,,,,,0.0,0.0,0.0,0.0,-1792.0,0,1,0,0,0,0,0,0,0,0,0,0,0,0,0,0,0,0,0,0,0.0,0.0,0.0,0.0,0.0,0.0
104174,1/13/2018,0,Revolving loans,F,N,Y,0,112500.0,180000.0,9000.0,180000.0,Unaccompanied,Working,Higher education,Single / not married,House / apartment,0.025164,-10744,-320,-5068,-420,,1,1,0,1,0,0,Sales staff,1.0,2,2,MONDAY,10,0,0,0,0,0,0,Trade: type 3,,0.19938945,0.45432106,,,,,,,,,,,,,,,,,,,,,,,,,,,,,,,,,,,,,,,,,,,,,,,,0.0,0.0,0.0,0.0,0.0,0,0,0,0,0,0,0,0,0,0,0,0,0,0,0,0,0,0,0,0,0.0,0.0,0.0,0.0,0.0,1.0
155945,6/22/2018,0,Cash loans,M,Y,Y,0,180000.0,1305000.0,35887.5,1305000.0,Unaccompanied,Working,Higher education,Separated,House / apartment,0.01452,-16757,-1684,-9169,-291,0.0,1,1,0,1,0,0,Laborers,1.0,2,2,TUESDAY,7,0,0,0,0,0,0,Business Entity Type 2,0.592188754,0.322141104,0.698667555,0.1031,0.0,0.9786,0.7076,,0.24,0.2069,0.3333,0.375,0.0694,,0.2239,,0.0,0.105,0.0,0.9786,0.719,,0.2417,0.2069,0.3333,0.375,0.071,,0.2333,,0.0,0.1041,0.0,0.9786,0.7115,,0.24,0.2069,0.3333,0.375,0.0706,,0.2279,,0.0,,block of flats,0.1675,Panel,No,2.0,1.0,2.0,1.0,-1508.0,0,1,0,0,0,0,0,0,0,0,0,0,0,0,0,0,0,0,0,0,0.0,0.0,0.0,1.0,2.0,3.0
106563,1/20/2018,1,Cash loans,F,N,Y,1,225000.0,545040.0,26640.0,450000.0,Unaccompanied,Commercial associate,Secondary / secondary special,Married,House / apartment,0.025164,-15640,-3000,-129,-4763,,1,1,0,1,0,0,Laborers,3.0,2,2,SATURDAY,8,0,0,0,0,0,0,Business Entity Type 1,,0.335527669,0.174564266,0.0716,0.0357,0.9722,0.6192,0.0438,0.0,0.1552,0.1458,0.1875,0.0152,0.0542,0.0556,0.0193,0.0238,0.062,0.0303,0.9722,0.6341,0.0407,0.0,0.1379,0.125,0.1667,0.0152,0.0468,0.0561,0.0078,0.0204,0.0723,0.0357,0.9722,0.6243,0.0441,0.0,0.1552,0.1458,0.1875,0.0154,0.0552,0.0566,0.0194,0.0243,reg oper account,block of flats,0.0724,Panel,No,0.0,0.0,0.0,0.0,-981.0,0,1,0,0,0,0,0,0,0,0,0,0,0,0,0,0,0,0,0,0,0.0,0.0,1.0,0.0,2.0,6.0
111231,2/4/2018,0,Cash loans,M,Y,N,0,112500.0,143910.0,15628.5,135000.0,Unaccompanied,Working,Secondary / secondary special,Civil marriage,House / apartment,0.025164,-10837,-223,-3243,-988,17.0,1,1,1,1,0,0,Laborers,2.0,2,2,WEDNESDAY,14,0,0,0,0,0,0,Other,,0.464755221,0.190705948,,,,,,,,,,,,,,,,,,,,,,,,,,,,,,,,,,,,,,,,,,,,,,,,1.0,1.0,1.0,1.0,-134.0,0,1,0,0,0,0,0,0,0,0,0,0,0,0,0,0,0,0,0,0,0.0,0.0,0.0,0.0,0.0,1.0
150691,6/5/2018,0,Revolving loans,F,N,Y,0,234000.0,270000.0,13500.0,270000.0,Unaccompanied,Working,Secondary / secondary special,Civil marriage,House / apartment,0.011703,-7723,-963,-2811,-373,,1,1,0,1,1,0,Sales staff,2.0,2,2,SATURDAY,11,0,0,0,0,0,0,Business Entity Type 3,,0.605709347,,0.033,,0.9608,,,0.0,0.1379,0.125,,0.0347,,0.0436,,0.0,0.0336,,0.9608,,,0.0,0.1379,0.125,,0.0355,,0.0455,,0.0,0.0333,,0.9608,,,0.0,0.1379,0.125,,0.0353,,0.0444,,0.0,,block of flats,0.0343,Block,No,1.0,0.0,1.0,0.0,-583.0,0,0,0,0,0,0,0,0,0,0,0,0,0,0,0,0,0,0,0,0,,,,,,
109254,1/29/2018,0,Cash loans,M,Y,N,2,202500.0,521280.0,19318.5,450000.0,Unaccompanied,Working,Secondary / secondary special,Married,House / apartment,0.030755,-11889,-1651,-1098,-4332,10.0,1,1,0,1,0,0,Drivers,4.0,2,2,THURSDAY,15,0,0,0,0,1,1,Industry: type 3,,0.682902801,0.619527708,,,,,,,,,,,,,,,,,,,,,,,,,,,,,,,,,,,,,,,,,,,,,,,,1.0,0.0,1.0,0.0,-2451.0,0,1,0,0,0,0,0,0,0,0,0,0,0,0,0,0,0,0,0,0,0.0,0.0,0.0,0.0,0.0,5.0
137029,4/24/2018,0,Cash loans,F,N,N,0,121500.0,916470.0,32598.0,765000.0,Unaccompanied,Commercial associate,Secondary / secondary special,Married,House / apartment,0.04622,-16679,-1447,-3875,-228,,1,1,1,1,0,0,,2.0,1,1,FRIDAY,15,0,0,0,0,0,0,Business Entity Type 3,,0.64861478,0.431191798,0.1577,0.0569,0.9925,0.898,0.0273,0.16,0.1379,0.3333,0.0417,0.0588,0.1286,0.1606,0.0,0.0,0.1607,0.059,0.9926,0.902,0.0276,0.1611,0.1379,0.3333,0.0417,0.0602,0.1405,0.1673,0.0,0.0,0.1593,0.0569,0.9925,0.8994,0.0275,0.16,0.1379,0.3333,0.0417,0.0598,0.1308,0.1634,0.0,0.0,not specified,block of flats,0.1623,"Stone, brick",No,0.0,0.0,0.0,0.0,-417.0,0,1,0,0,0,0,0,0,0,0,0,0,0,0,0,0,0,0,0,0,0.0,0.0,0.0,0.0,2.0,0.0
102257,1/7/2018,0,Cash loans,F,N,Y,0,112500.0,524866.5,19917.0,369000.0,Unaccompanied,Working,Secondary / secondary special,Separated,House / apartment,0.035792,-18174,-1754,-9393,-1703,,1,1,0,1,1,0,Accountants,1.0,2,2,THURSDAY,13,0,0,0,0,0,0,Business Entity Type 3,0.578229891,0.606889022,0.652896552,0.3433,0.266,0.9846,0.7892,0.0742,0.36,0.3103,0.3333,0.375,0.2084,0.2799,0.3354,0.0,0.0,0.3498,0.276,0.9846,0.7975,0.0749,0.3625,0.3103,0.3333,0.375,0.2132,0.3058,0.3495,0.0,0.0,0.3466,0.266,0.9846,0.792,0.0747,0.36,0.3103,0.3333,0.375,0.2121,0.2847,0.3415,0.0,0.0,reg oper account,block of flats,0.2638,Panel,No,6.0,0.0,6.0,0.0,-363.0,0,1,0,0,0,0,0,0,0,0,0,0,0,0,0,0,0,0,0,0,0.0,0.0,0.0,0.0,0.0,1.0
129075,3/31/2018,0,Cash loans,F,Y,Y,1,135000.0,251091.0,28525.5,238500.0,Unaccompanied,Working,Higher education,Single / not married,House / apartment,0.018634,-12869,-474,-3250,-4328,11.0,1,1,0,1,0,0,Accountants,2.0,2,2,FRIDAY,11,0,0,0,0,0,0,Other,0.545666085,0.69912947,0.000527265,,,,,,,,,,,,,,,,,,,,,,,,,,,,,,,,,,,,,,,,,,,,,,,,0.0,0.0,0.0,0.0,0.0,0,1,0,0,0,0,0,0,0,0,0,0,0,0,0,0,0,0,0,0,0.0,0.0,0.0,0.0,0.0,1.0
135439,4/19/2018,0,Cash loans,F,N,N,0,157500.0,1611072.0,42628.5,1440000.0,Unaccompanied,Commercial associate,Secondary / secondary special,Married,House / apartment,0.010276,-17366,-3080,-2765,-891,,1,1,0,1,0,0,Core staff,2.0,2,2,THURSDAY,11,0,0,0,0,1,1,Transport: type 2,,0.627714422,0.340906426,,,,,,,,,,,,,,,,,,,,,,,,,,,,,,,,,,,,,,,,,,,,,,,,0.0,0.0,0.0,0.0,-556.0,0,1,0,0,0,0,0,0,0,0,0,0,0,0,1,0,0,0,1,0,0.0,0.0,0.0,0.0,0.0,6.0
130756,4/5/2018,0,Revolving loans,F,N,Y,0,135000.0,382500.0,19125.0,382500.0,Unaccompanied,Pensioner,Higher education,Married,Municipal apartment,0.072508,-21055,365243,-5107,-3827,,1,0,0,1,0,0,,2.0,1,1,SUNDAY,16,0,0,0,0,0,0,XNA,0.766613701,0.727173939,0.551381262,,,,,,,,,,,,,,,,,,,,,,,,,,,,,,,,,,,,,,,,,,,,,,,,2.0,0.0,2.0,0.0,-174.0,0,0,0,0,0,0,0,0,0,0,0,0,0,0,0,0,0,0,0,0,0.0,0.0,0.0,0.0,0.0,1.0
157801,6/27/2018,0,Cash loans,F,Y,Y,0,180000.0,1288350.0,37800.0,1125000.0,Unaccompanied,Working,Secondary / secondary special,Married,House / apartment,0.004849,-17696,-1668,-1740,-1219,8.0,1,1,0,1,1,0,High skill tech staff,2.0,2,2,SATURDAY,11,0,0,0,0,1,1,Industry: type 11,,0.563816876,,,,,,,,,,,,,,,,,,,,,,,,,,,,,,,,,,,,,,,,,,,,,,,,,1.0,0.0,1.0,0.0,-164.0,0,1,0,0,0,0,0,0,0,0,0,0,0,0,0,0,0,0,0,0,0.0,0.0,0.0,0.0,0.0,1.0
127050,3/24/2018,0,Revolving loans,M,N,N,0,63000.0,135000.0,6750.0,135000.0,Unaccompanied,Pensioner,Higher education,Married,House / apartment,0.018634,-23204,365243,-4577,-4737,,1,0,0,1,0,0,,2.0,2,2,MONDAY,16,0,0,0,0,0,0,XNA,,0.406336118,0.547810466,,,,,,,,,,,,,,,,,,,,,,,,,,,,,,,,,,,,,,,,,,,,,,,,0.0,0.0,0.0,0.0,-1691.0,0,0,0,0,0,0,0,0,0,0,0,0,0,0,0,0,0,0,0,0,0.0,0.0,0.0,1.0,0.0,3.0
139766,5/3/2018,0,Cash loans,M,Y,Y,0,315000.0,1298911.5,38110.5,1017000.0,Unaccompanied,Working,Secondary / secondary special,Single / not married,With parents,0.018801,-19101,-2087,-2240,-126,13.0,1,1,0,1,0,0,Drivers,1.0,2,2,MONDAY,8,0,0,0,0,0,0,Other,,0.158299136,0.211550764,0.0825,0.0785,0.9762,0.6736,0.057,0.0,0.1379,0.1667,0.2083,0.0099,0.0672,0.0621,0.0,0.0,0.084,0.0815,0.9762,0.6864,0.0575,0.0,0.1379,0.1667,0.2083,0.0101,0.0735,0.0647,0.0,0.0,0.0833,0.0785,0.9762,0.678,0.0573,0.0,0.1379,0.1667,0.2083,0.01,0.0684,0.0632,0.0,0.0,reg oper account,block of flats,0.08,"Stone, brick",No,0.0,0.0,0.0,0.0,-40.0,0,1,0,0,0,0,0,0,0,0,0,0,0,0,0,0,0,0,0,0,0.0,0.0,0.0,0.0,0.0,3.0
110645,2/2/2018,0,Cash loans,M,Y,Y,1,193500.0,2047500.0,54139.5,2047500.0,Unaccompanied,State servant,Higher education,Separated,With parents,0.011657,-11884,-526,-389,-4555,11.0,1,1,0,1,1,0,Managers,2.0,1,1,TUESDAY,14,0,0,0,0,0,0,Government,0.142476778,0.535819652,0.777659443,0.0134,0.0541,0.9831,0.796,0.0047,0.0,0.1034,0.0417,0.125,0.0,0.0202,0.0153,0.0,0.0,0.0021,0.0562,0.9811,0.804,0.0048,0.0,0.1034,0.0,0.125,0.0,0.022,0.0021,0.0,0.0,0.0135,0.0541,0.9831,0.7987,0.0047,0.0,0.1034,0.0417,0.125,0.0,0.0205,0.0155,0.0,0.0,reg oper account,block of flats,0.0025,"Stone, brick",No,0.0,0.0,0.0,0.0,-4.0,0,1,0,0,0,0,0,0,0,0,0,0,0,0,0,0,0,0,0,0,0.0,0.0,0.0,0.0,0.0,0.0
110334,2/1/2018,0,Revolving loans,M,Y,Y,0,90000.0,180000.0,9000.0,180000.0,Unaccompanied,Working,Secondary / secondary special,Single / not married,House / apartment,0.028663,-7969,-1016,-3969,-641,6.0,1,1,0,1,0,0,Laborers,1.0,2,2,MONDAY,12,0,0,0,0,1,1,Self-employed,0.151124808,0.616161596,0.380799683,,,,,,,,,,,,,,,,,,,,,,,,,,,,,,,,,,,,,,,,,,,,,,,,0.0,0.0,0.0,0.0,-462.0,0,0,0,0,0,0,0,0,0,0,0,0,0,0,0,0,0,0,0,0,0.0,1.0,0.0,0.0,0.0,2.0
133989,4/15/2018,0,Cash loans,M,Y,N,0,157500.0,284400.0,17397.0,225000.0,Family,State servant,Secondary / secondary special,Married,House / apartment,0.014464,-19394,-4305,-7614,-2653,23.0,1,1,0,1,0,0,Laborers,2.0,2,2,THURSDAY,3,0,0,0,0,0,0,Electricity,,0.575887394,0.17352743,,,,,,,,,,,,,,,,,,,,,,,,,,,,,,,,,,,,,,,,,,,,,,,,7.0,0.0,7.0,0.0,-1911.0,0,1,0,0,0,0,0,0,0,0,0,0,0,0,0,0,0,0,0,0,0.0,0.0,0.0,0.0,0.0,2.0
108174,1/26/2018,0,Cash loans,F,Y,N,1,180000.0,753840.0,20016.0,540000.0,,State servant,Higher education,Married,House / apartment,0.008866,-14030,-2217,-1109,-1729,8.0,1,1,0,1,0,0,Core staff,3.0,2,2,MONDAY,16,0,0,0,0,0,0,Government,,0.767705267,0.511891802,0.2845,0.1996,0.9866,0.8164,0.0531,0.28,0.2414,0.3333,0.375,0.0,0.2311,0.3073,0.0039,0.0229,0.2899,0.2071,0.9866,0.8236,0.0536,0.282,0.2414,0.3333,0.375,0.0,0.2525,0.3201,0.0039,0.0243,0.2873,0.1996,0.9866,0.8189,0.0535,0.28,0.2414,0.3333,0.375,0.0,0.2351,0.3128,0.0039,0.0234,reg oper spec account,block of flats,0.2757,"Stone, brick",No,0.0,0.0,0.0,0.0,-461.0,0,1,0,0,0,0,0,0,0,0,0,0,0,0,0,0,0,0,0,0,0.0,0.0,0.0,0.0,0.0,0.0
130505,4/4/2018,0,Cash loans,M,N,N,0,157500.0,490495.5,30136.5,454500.0,Unaccompanied,Working,Higher education,Single / not married,With parents,0.006207,-9093,-1033,-9088,-1761,,1,1,1,1,0,0,High skill tech staff,1.0,2,2,MONDAY,17,0,0,0,0,0,0,Business Entity Type 2,,0.539945183,,0.3412,0.053,0.9821,0.7552,0.0049,0.36,0.3103,0.375,0.375,0.2033,0.2765,0.3553,0.0077,0.144,0.3477,0.055,0.9821,0.7648,0.0049,0.3625,0.3103,0.375,0.375,0.208,0.3021,0.3702,0.0078,0.1524,0.3445,0.053,0.9821,0.7585,0.0049,0.36,0.3103,0.375,0.375,0.2069,0.2813,0.3617,0.0078,0.147,reg oper account,block of flats,0.3108,Panel,No,0.0,0.0,0.0,0.0,0.0,0,1,0,0,0,0,0,0,0,0,0,0,0,0,0,0,0,0,0,0,,,,,,
136085,4/21/2018,0,Cash loans,M,Y,Y,0,157500.0,760225.5,38947.5,679500.0,Unaccompanied,Pensioner,Secondary / secondary special,Married,House / apartment,0.032561,-22130,365243,-11661,-1324,1.0,1,0,0,1,0,0,,2.0,1,1,WEDNESDAY,12,0,0,0,0,0,0,XNA,,0.65919005,0.352339973,0.0322,0.0,0.9434,0.0,0.0,0.0,0.0517,0.0729,0.125,0.0256,0.0,0.0159,0.0,0.0005,0.0315,0.0,0.9146,0.0,0.0,0.0,0.0345,0.0,0.125,0.008,0.0,0.0,0.0,0.0,0.0312,0.0,0.9329,0.0,0.0,0.0,0.0345,0.0625,0.125,0.0113,0.0,0.0171,0.0,0.0,not specified,block of flats,0.0235,Others,No,0.0,0.0,0.0,0.0,-1343.0,0,0,0,0,1,0,0,0,0,0,0,0,0,0,0,0,0,0,0,0,0.0,0.0,0.0,0.0,0.0,6.0
110166,2/1/2018,0,Cash loans,F,N,Y,0,112500.0,755190.0,30078.0,675000.0,Unaccompanied,Commercial associate,Secondary / secondary special,Married,House / apartment,0.009549,-16771,-2422,-10739,-313,,1,1,0,1,1,0,Laborers,2.0,2,2,THURSDAY,16,0,0,0,0,0,0,Business Entity Type 3,0.918056571,0.636152247,0.798137231,0.0165,,0.9662,,,0.0,0.069,0.0417,,0.023,,0.0142,,0.0036,0.0168,,0.9662,,,0.0,0.069,0.0417,,0.0235,,0.0142,,0.0039,0.0167,,0.9662,,,0.0,0.069,0.0417,,0.0234,,0.0144,,0.0037,,block of flats,0.0115,Others,No,0.0,0.0,0.0,0.0,-482.0,0,1,0,0,0,0,0,0,0,0,0,0,0,0,0,0,0,0,0,0,0.0,0.0,0.0,0.0,1.0,0.0
119799,3/2/2018,0,Cash loans,F,N,Y,0,135000.0,391500.0,20119.5,391500.0,Family,Pensioner,Secondary / secondary special,Widow,House / apartment,0.02461,-22691,365243,-1473,-4560,,1,0,0,1,1,0,,1.0,2,2,FRIDAY,14,0,0,0,0,0,0,XNA,,0.465538629,0.54065445,0.0825,0.0694,0.9757,,,0.0,0.1379,0.1667,,0.0678,,0.0763,,0.0,0.084,0.072,0.9757,,,0.0,0.1379,0.1667,,0.0694,,0.0795,,0.0,0.0833,0.0694,0.9757,,,0.0,0.1379,0.1667,,0.069,,0.0776,,0.0,,block of flats,0.0643,Panel,No,0.0,0.0,0.0,0.0,-1351.0,0,1,0,0,0,0,0,0,0,0,0,0,0,0,0,0,0,0,0,0,0.0,0.0,0.0,0.0,0.0,5.0
115460,2/17/2018,0,Cash loans,F,N,Y,2,202500.0,1113840.0,47322.0,900000.0,Unaccompanied,Commercial associate,Higher education,Married,House / apartment,0.032561,-12571,-978,-137,-3927,,1,1,0,1,0,0,Managers,4.0,1,1,TUESDAY,11,0,0,0,0,0,0,Industry: type 11,,0.721023,0.863363382,,,,,,,,,,,,,,,,,,,,,,,,,,,,,,,,,,,,,,,,,,,,,,,,0.0,0.0,0.0,0.0,0.0,0,1,0,0,0,0,0,0,0,0,0,0,0,0,0,0,0,0,0,0,0.0,0.0,0.0,1.0,0.0,0.0
118646,2/26/2018,0,Cash loans,M,Y,N,1,135000.0,1125000.0,47794.5,1125000.0,Unaccompanied,Working,Secondary / secondary special,Married,House / apartment,0.028663,-10714,-392,-7584,-2905,8.0,1,1,0,1,0,0,Drivers,3.0,2,2,FRIDAY,11,0,0,0,0,0,0,Transport: type 3,,0.759215555,,,,,,,,,,,,,,,,,,,,,,,,,,,,,,,,,,,,,,,,,,,,,,,,,1.0,0.0,1.0,0.0,-993.0,0,1,0,0,0,0,0,0,0,0,0,0,0,0,0,0,0,0,0,0,,,,,,
141635,5/8/2018,0,Cash loans,M,Y,N,0,135000.0,1125000.0,30937.5,1125000.0,Unaccompanied,Commercial associate,Higher education,Single / not married,Rented apartment,0.010147,-8505,-419,-7584,-1187,7.0,1,1,0,1,1,0,Core staff,1.0,2,2,MONDAY,14,1,1,0,1,1,0,Trade: type 2,,0.380315782,,0.0629,,0.9796,0.7212,,,0.1379,0.1667,0.2083,0.0455,0.0471,0.0547,0.0193,0.1267,0.0641,,0.9796,0.7321,,,0.1379,0.1667,0.2083,0.0466,0.0514,0.057,0.0195,0.1342,0.0635,,0.9796,0.7249,,,0.1379,0.1667,0.2083,0.0463,0.0479,0.0557,0.0194,0.1294,reg oper account,block of flats,0.0584,,No,0.0,0.0,0.0,0.0,-396.0,0,0,0,0,0,0,0,0,0,0,0,0,0,0,0,0,0,0,0,0,,,,,,
118515,2/26/2018,0,Cash loans,F,N,Y,2,90000.0,239850.0,28462.5,225000.0,Unaccompanied,Commercial associate,Secondary / secondary special,Married,House / apartment,0.019101,-11719,-772,-2517,-935,,1,1,1,1,0,0,Cooking staff,4.0,2,2,MONDAY,13,0,0,0,0,1,1,Medicine,,0.599745483,0.425892898,,,,,,,,,,,,,,,,,,,,,,,,,,,,,,,,,,,,,,,,,,,,,,,,3.0,1.0,3.0,0.0,-470.0,0,1,0,0,0,0,0,0,0,0,0,0,0,0,0,0,0,0,0,0,0.0,0.0,0.0,0.0,0.0,0.0
109733,1/30/2018,0,Cash loans,M,Y,Y,2,112500.0,729792.0,30807.0,630000.0,Unaccompanied,Working,Secondary / secondary special,Separated,House / apartment,0.006207,-13382,-5926,-224,-4011,17.0,1,1,0,1,0,0,Laborers,3.0,2,2,WEDNESDAY,18,0,0,0,0,0,0,Self-employed,,0.195856145,0.307736696,0.2423,0.1036,0.9836,0.7756,0.0263,0.08,0.0345,0.3333,0.375,0.0,0.1975,0.0697,0.0,0.0,0.2468,0.1075,0.9831,0.7779,0.0248,0.0806,0.0345,0.3333,0.375,0.0,0.2158,0.0685,0.0,0.0,0.2446,0.1036,0.9836,0.7786,0.0265,0.08,0.0345,0.3333,0.375,0.0,0.2009,0.071,0.0,0.0,reg oper account,block of flats,0.0837,"Stone, brick",No,4.0,0.0,4.0,0.0,-1150.0,0,0,0,0,0,0,1,0,0,0,0,0,0,0,0,0,0,0,0,0,0.0,0.0,0.0,0.0,0.0,4.0
121533,3/7/2018,0,Cash loans,M,N,N,0,112500.0,547344.0,18216.0,472500.0,Unaccompanied,Pensioner,Secondary / secondary special,Married,House / apartment,0.035792,-23414,365243,-8001,-4888,,1,0,0,1,0,0,,2.0,2,2,FRIDAY,10,0,0,0,0,0,0,XNA,,0.527761533,0.820382959,0.0928,,0.9806,,,0.0,0.2069,0.1667,,0.0812,,0.0813,,0.0132,0.0945,,0.9806,,,0.0,0.2069,0.1667,,0.083,,0.0847,,0.0139,0.0937,,0.9806,,,0.0,0.2069,0.1667,,0.0826,,0.0828,,0.0134,,block of flats,0.0693,"Stone, brick",No,0.0,0.0,0.0,0.0,-1603.0,0,0,0,0,1,0,0,0,0,0,0,0,0,0,0,0,0,0,0,0,0.0,0.0,0.0,0.0,0.0,0.0
120453,3/4/2018,0,Revolving loans,F,N,Y,0,137997.0,135000.0,6750.0,135000.0,Unaccompanied,Commercial associate,Higher education,Civil marriage,House / apartment,0.01452,-11741,-1622,-1631,-1632,,1,1,1,1,0,0,Sales staff,2.0,2,2,WEDNESDAY,15,1,1,0,1,1,0,Trade: type 3,0.342481269,0.593836307,,,,,,,,,,,,,,,,,,,,,,,,,,,,,,,,,,,,,,,,,,,,,,,,,3.0,0.0,3.0,0.0,-15.0,0,0,0,0,0,0,0,0,0,1,0,0,0,0,0,0,0,0,0,0,,,,,,
132312,4/9/2018,0,Cash loans,F,Y,Y,1,180000.0,980005.5,35329.5,846000.0,"Spouse, partner",Working,Higher education,Married,House / apartment,0.035792,-12563,-1940,-6555,-3503,10.0,1,1,0,1,0,0,Core staff,3.0,2,2,SATURDAY,15,0,0,0,0,0,0,Security Ministries,0.523390551,0.119840207,0.636376171,,,,,,,,,,,,,,,,,,,,,,,,,,,,,,,,,,,,,,,,,,,,,,,,0.0,0.0,0.0,0.0,-460.0,0,1,0,0,0,0,0,0,0,0,0,0,0,0,0,0,0,0,0,0,0.0,0.0,0.0,0.0,0.0,1.0
108676,1/27/2018,0,Cash loans,M,N,N,1,112500.0,49752.0,5220.0,45000.0,Family,Working,Secondary / secondary special,Married,Municipal apartment,0.006207,-14144,-1087,-7892,-4684,,1,1,1,1,1,0,Security staff,3.0,2,2,TUESDAY,9,0,0,0,0,0,0,Security,,0.49159459,0.157594999,0.0186,0.0116,0.9841,0.7824,0.003,0.0,0.1034,0.0417,0.0833,0.0194,0.0151,0.0174,0.0,0.0,0.0189,0.012,0.9841,0.7909,0.0031,0.0,0.1034,0.0417,0.0833,0.0198,0.0165,0.0181,0.0,0.0,0.0187,0.0116,0.9841,0.7853,0.0031,0.0,0.1034,0.0417,0.0833,0.0197,0.0154,0.0177,0.0,0.0,reg oper account,block of flats,0.0158,"Stone, brick",No,6.0,0.0,6.0,0.0,-499.0,0,1,0,0,0,0,0,0,0,0,0,0,0,0,0,0,0,0,0,0,0.0,0.0,0.0,1.0,0.0,3.0
111987,2/6/2018,0,Cash loans,F,N,Y,0,382500.0,247275.0,17716.5,225000.0,Family,Pensioner,Secondary / secondary special,Married,House / apartment,0.072508,-24686,365243,-18761,-4643,,1,0,0,1,0,0,,2.0,1,1,FRIDAY,17,0,0,0,0,0,0,XNA,,0.731194214,0.758393062,0.1237,0.1357,0.9712,,,0.16,0.1379,0.375,,0.2775,,0.1643,,0.1471,0.1261,0.1408,0.9712,,,0.1611,0.1379,0.375,,0.2839,,0.1712,,0.1557,0.1249,0.1357,0.9712,,,0.16,0.1379,0.375,,0.2824,,0.1673,,0.1501,,block of flats,0.1612,"Stone, brick",No,0.0,0.0,0.0,0.0,-610.0,0,0,0,1,0,0,0,0,0,0,0,0,0,0,0,0,0,0,0,0,0.0,0.0,0.0,0.0,0.0,3.0
106588,1/21/2018,0,Cash loans,M,N,Y,0,108000.0,891000.0,29443.5,891000.0,Family,Working,Secondary / secondary special,Married,House / apartment,0.005084,-22615,-5227,-3948,-3959,,1,1,0,1,0,0,Laborers,2.0,2,2,TUESDAY,10,0,0,0,0,1,1,Other,,0.461444027,,,,,,,,,,,,,,,,,,,,,,,,,,,,,,,,,,,,,,,,,,,,,,,,,9.0,0.0,9.0,0.0,-167.0,0,1,0,0,0,0,0,0,0,0,0,0,0,0,0,0,0,0,0,0,,,,,,
100528,1/2/2018,0,Cash loans,F,N,Y,1,90000.0,675000.0,19867.5,675000.0,Unaccompanied,Working,Secondary / secondary special,Married,House / apartment,0.020246,-14608,-4624,-514,-6085,,1,1,0,1,0,0,,3.0,3,3,FRIDAY,6,0,0,0,0,1,1,Medicine,,0.527756083,0.572682505,0.0082,,,0.7008,0.0014,,,0.0417,,,,0.0063,,,0.0084,,,0.7125,0.0014,,,0.0417,,,,0.0066,,,0.0083,,,0.7048,0.0014,,,0.0417,,,,0.0064,,,,,0.0057,,No,1.0,0.0,1.0,0.0,-1218.0,0,1,0,0,0,0,0,0,0,0,0,0,0,0,0,0,0,0,0,0,0.0,0.0,0.0,0.0,1.0,4.0
156102,6/22/2018,0,Revolving loans,M,N,Y,1,103500.0,180000.0,9000.0,180000.0,Unaccompanied,Working,Secondary / secondary special,Single / not married,House / apartment,0.01885,-11515,-1411,-2969,-2033,,1,1,0,1,0,0,Laborers,2.0,2,2,TUESDAY,11,0,0,0,1,1,0,Industry: type 6,0.165407726,0.512365479,,,,,,,,,,,,,,,,,,,,,,,,,,,,,,,,,,,,,,,,,,,,,,,,,9.0,0.0,9.0,0.0,0.0,0,0,0,0,0,0,0,0,0,0,0,0,0,0,0,0,0,0,0,0,0.0,0.0,0.0,0.0,0.0,1.0
149772,6/3/2018,0,Cash loans,F,N,N,0,72000.0,269550.0,14751.0,225000.0,Unaccompanied,Pensioner,Secondary / secondary special,Widow,House / apartment,0.010147,-20790,365243,-9148,-2005,,1,0,0,1,0,0,,1.0,2,2,TUESDAY,15,0,0,0,0,0,0,XNA,,0.360471857,0.384206813,,,,,,,,,,,,,,,,,,,,,,,,,,,,,,,,,,,,,,,,,,,,,,,,0.0,0.0,0.0,0.0,-543.0,0,0,0,0,1,0,0,0,0,0,0,0,0,0,0,0,0,0,0,0,0.0,0.0,0.0,0.0,0.0,2.0
148712,5/30/2018,0,Cash loans,F,N,Y,0,45000.0,545040.0,20677.5,450000.0,Unaccompanied,Working,Secondary / secondary special,Married,House / apartment,0.030755,-18563,-497,-5028,-1963,,1,1,0,1,0,0,Waiters/barmen staff,2.0,2,2,MONDAY,17,0,0,0,0,0,0,Medicine,,0.481958031,0.612704244,,,,,,,,,,,,,,,,,,,,,,,,,,,,,,,,,,,,,,,,,,,,,,,,4.0,0.0,4.0,0.0,-1822.0,0,1,0,0,0,0,0,0,0,0,0,0,0,0,0,0,0,0,0,0,0.0,0.0,0.0,0.0,0.0,2.0
107094,1/22/2018,0,Cash loans,F,Y,Y,0,157500.0,825588.0,82620.0,765000.0,Family,Working,Secondary / secondary special,Married,House / apartment,0.020713,-9896,-3214,-1627,-2574,5.0,1,1,1,1,1,0,Private service staff,2.0,3,3,MONDAY,13,0,0,0,0,1,1,Services,0.495609695,0.585572093,0.218859082,,,,,,,,,,,,,,,,,,,,,,,,,,,,,,,,,,,,,,,,,,,,,,,,1.0,0.0,1.0,0.0,-254.0,0,1,0,0,0,0,0,0,0,0,0,0,0,0,0,0,0,0,0,0,0.0,0.0,0.0,1.0,2.0,1.0
141563,5/8/2018,0,Cash loans,M,Y,Y,1,180000.0,324216.0,23589.0,256500.0,Family,Working,Secondary / secondary special,Married,House / apartment,0.025164,-13564,-868,-1396,-5174,4.0,1,1,1,1,0,0,Drivers,3.0,2,2,THURSDAY,16,0,0,0,0,1,1,Government,0.374304505,0.485873719,,0.0928,0.1038,0.9856,0.8028,0.0135,0.0,0.2069,0.1667,0.2083,0.0,0.0723,0.0526,0.0154,0.0883,0.0945,0.1077,0.9856,0.8105,0.0137,0.0,0.2069,0.1667,0.2083,0.0,0.079,0.0548,0.0156,0.0935,0.0937,0.1038,0.9856,0.8054,0.0136,0.0,0.2069,0.1667,0.2083,0.0,0.0735,0.0535,0.0155,0.0901,reg oper account,block of flats,0.0605,Panel,No,0.0,0.0,0.0,0.0,-2004.0,0,0,0,0,0,0,1,0,0,0,0,0,0,0,0,0,0,0,0,0,0.0,0.0,1.0,0.0,0.0,1.0
121523,3/7/2018,0,Cash loans,F,N,Y,0,157500.0,911079.0,26635.5,760500.0,Family,State servant,Higher education,Widow,House / apartment,0.016612,-17996,-1505,-12092,-1554,,1,1,0,1,0,0,Core staff,1.0,2,2,THURSDAY,13,0,0,0,0,0,0,Government,0.754993156,0.485458576,0.493862882,0.0732,0.0825,0.9781,0.7008,0.0346,0.0,0.1379,0.1667,0.2083,0.047,0.0588,0.067,0.0039,0.0288,0.0746,0.0857,0.9782,0.7125,0.0349,0.0,0.1379,0.1667,0.2083,0.048,0.0643,0.0699,0.0039,0.0305,0.0739,0.0825,0.9781,0.7048,0.0348,0.0,0.1379,0.1667,0.2083,0.0478,0.0599,0.0683,0.0039,0.0294,reg oper account,block of flats,0.0779,"Stone, brick",No,0.0,0.0,0.0,0.0,-1101.0,0,1,0,0,0,0,0,0,0,0,0,0,0,0,0,0,0,0,0,0,0.0,0.0,0.0,0.0,0.0,4.0
133163,4/12/2018,0,Cash loans,F,Y,N,0,540000.0,450000.0,23692.5,450000.0,Unaccompanied,Working,Higher education,Single / not married,House / apartment,0.020713,-12572,-3457,-6722,-4076,13.0,1,1,1,1,0,0,Laborers,1.0,3,2,FRIDAY,10,0,0,0,0,0,0,Services,0.512715715,0.569203093,0.092617171,0.0835,0.1214,0.9901,0.864,0.0932,0.24,0.2069,0.1667,0.2083,0.0,0.0672,0.0867,0.0039,0.0091,0.0851,0.126,0.9901,0.8693,0.094,0.2417,0.2069,0.1667,0.2083,0.0,0.0735,0.0904,0.0039,0.0096,0.0843,0.1214,0.9901,0.8658,0.0938,0.24,0.2069,0.1667,0.2083,0.0,0.0684,0.0883,0.0039,0.0093,reg oper account,block of flats,0.1211,"Stone, brick",No,1.0,0.0,1.0,0.0,-1352.0,0,0,0,0,0,0,1,0,0,0,0,0,0,0,0,0,0,0,0,0,0.0,0.0,0.0,0.0,0.0,0.0
155188,6/19/2018,0,Cash loans,F,N,N,0,202500.0,599472.0,47493.0,517500.0,Unaccompanied,Working,Higher education,Single / not married,House / apartment,0.014464,-12929,-1246,-275,-4238,,1,1,0,1,0,0,,1.0,2,2,SATURDAY,3,0,0,0,0,0,0,Business Entity Type 1,,0.323718919,0.819317692,0.2773,0.1744,0.998,0.966,0.0986,0.24,0.2069,0.375,0.4167,0.2524,0.2261,0.2865,0.0,0.0,0.2826,0.181,0.998,0.9673,0.0995,0.2417,0.2069,0.375,0.4167,0.2582,0.247,0.2985,0.0,0.0,0.28,0.1744,0.998,0.9665,0.0992,0.24,0.2069,0.375,0.4167,0.2568,0.23,0.2916,0.0,0.0,not specified,block of flats,0.2792,"Stone, brick",No,0.0,0.0,0.0,0.0,0.0,0,1,0,0,0,0,0,0,0,0,0,0,0,0,0,0,0,0,0,0,0.0,0.0,0.0,0.0,0.0,2.0
108460,1/26/2018,0,Revolving loans,M,N,Y,0,121500.0,180000.0,9000.0,180000.0,Unaccompanied,Commercial associate,Secondary / secondary special,Single / not married,House / apartment,0.020246,-10315,-667,-5004,-2812,,1,1,0,1,1,0,Laborers,1.0,3,3,SATURDAY,13,0,0,0,1,1,0,Construction,0.422006296,0.265119982,,,,,,,,,,,,,,,,,,,,,,,,,,,,,,,,,,,,,,,,,,,,,,,,,0.0,0.0,0.0,0.0,-472.0,0,0,0,1,0,0,0,0,0,0,0,0,0,0,0,0,0,0,0,0,0.0,0.0,0.0,0.0,0.0,1.0
101165,1/4/2018,1,Revolving loans,F,N,Y,0,157500.0,225000.0,11250.0,225000.0,Family,Pensioner,Secondary / secondary special,Widow,House / apartment,0.02461,-19862,365243,-6287,-1768,,1,0,0,1,1,0,,1.0,2,2,SATURDAY,12,0,0,0,0,0,0,XNA,0.79166333,0.589430084,,,,,,,,,,,,,,,,,,,,,,,,,,,,,,,,,,,,,,,,,,,,,,,,,0.0,0.0,0.0,0.0,-499.0,0,0,0,0,0,0,0,0,0,0,0,0,0,0,0,0,0,0,0,0,,,,,,
139154,5/1/2018,1,Revolving loans,F,N,Y,1,157500.0,202500.0,10125.0,202500.0,Unaccompanied,Working,Higher education,Married,House / apartment,0.002042,-14931,-213,-2261,-4431,,1,1,1,1,0,0,Sales staff,3.0,3,3,FRIDAY,16,1,1,0,1,1,0,Business Entity Type 3,0.360063777,0.46508162,0.367291018,,,,,,,,,,,,,,,,,,,,,,,,,,,,,,,,,,,,,,,,,,,,,,,,0.0,0.0,0.0,0.0,-1101.0,0,0,0,0,0,0,0,0,0,0,0,0,0,0,0,0,0,0,0,0,0.0,0.0,0.0,0.0,0.0,1.0
147059,5/25/2018,0,Cash loans,F,N,Y,1,112500.0,130320.0,10215.0,112500.0,Children,Commercial associate,Higher education,Married,House / apartment,0.030755,-10865,-1010,-449,-839,,1,1,0,1,0,0,Sales staff,3.0,2,2,TUESDAY,15,0,0,0,0,0,0,Self-employed,0.246365796,0.696990865,0.456109739,0.0247,0.0356,0.9717,0.6124,0.0135,0.0,0.069,0.0833,0.125,0.0317,0.0202,0.0214,0.0,0.0,0.0252,0.037,0.9717,0.6276,0.0136,0.0,0.069,0.0833,0.125,0.0324,0.022,0.0223,0.0,0.0,0.025,0.0356,0.9717,0.6176,0.0136,0.0,0.069,0.0833,0.125,0.0322,0.0205,0.0218,0.0,0.0,reg oper account,block of flats,0.0242,"Stone, brick",No,4.0,1.0,4.0,1.0,-629.0,0,1,0,0,0,0,0,0,0,0,0,0,0,0,0,0,0,0,0,0,0.0,0.0,0.0,1.0,0.0,1.0
136287,4/22/2018,0,Cash loans,F,Y,Y,0,247500.0,327024.0,12456.0,270000.0,Unaccompanied,Commercial associate,Secondary / secondary special,Civil marriage,House / apartment,0.019689,-18579,-2984,-10483,-2131,8.0,1,1,0,1,0,0,,2.0,2,2,SATURDAY,11,0,0,0,0,1,1,Government,,0.661167097,,,,,,,,,,,,,,,,,,,,,,,,,,,,,,,,,,,,,,,,,,,,,,,,,2.0,0.0,2.0,0.0,-2249.0,0,1,0,0,0,0,0,0,0,0,0,0,0,0,0,0,0,0,0,0,,,,,,
129334,3/31/2018,0,Cash loans,F,N,Y,1,135000.0,73944.0,5485.5,58500.0,Unaccompanied,Commercial associate,Higher education,Separated,House / apartment,0.035792,-12064,-3066,-148,-1923,,1,1,0,1,0,0,HR staff,2.0,2,2,TUESDAY,17,0,0,0,0,0,0,Business Entity Type 3,0.463197684,0.522264749,0.163425695,0.0052,0.0,0.9692,0.4968,0.0,0.0,0.0345,0.0,0.0417,0.016,0.0042,0.0069,0.0,0.0,0.0053,0.0,0.9633,0.5165,0.0,0.0,0.0345,0.0,0.0417,0.0164,0.0046,0.0038,0.0,0.0,0.0052,0.0,0.9692,0.5035,0.0,0.0,0.0345,0.0,0.0417,0.0163,0.0043,0.007,0.0,0.0,not specified,block of flats,0.0028,Others,No,4.0,0.0,4.0,0.0,-1615.0,0,1,0,0,0,0,0,0,0,0,0,0,0,0,0,0,0,0,0,0,0.0,0.0,0.0,0.0,0.0,4.0
156483,6/23/2018,0,Cash loans,F,N,Y,2,45000.0,545040.0,20677.5,450000.0,Unaccompanied,Working,Secondary / secondary special,Married,House / apartment,0.020246,-13727,-2540,-5022,-2704,,1,1,1,1,1,0,Waiters/barmen staff,4.0,3,3,FRIDAY,12,0,0,0,0,0,0,University,0.609807672,0.249024024,0.69562193,0.0165,,0.9771,,,0.0,0.069,0.0417,,0.0082,,0.0146,,0.0,0.0168,,0.9772,,,0.0,0.069,0.0417,,0.0084,,0.0152,,0.0,0.0167,,0.9771,,,0.0,0.069,0.0417,,0.0083,,0.0149,,0.0,,block of flats,0.0206,"Stone, brick",No,0.0,0.0,0.0,0.0,0.0,0,0,0,0,0,0,1,0,0,0,0,0,0,0,0,0,0,0,0,0,0.0,0.0,0.0,0.0,0.0,0.0
125801,3/20/2018,0,Cash loans,F,N,Y,1,135000.0,201024.0,11034.0,144000.0,Family,Working,Secondary / secondary special,Civil marriage,House / apartment,0.00733,-12433,-1321,-165,-4217,,1,1,0,1,0,0,Medicine staff,3.0,2,2,FRIDAY,14,0,0,0,0,0,0,Medicine,0.39168996,0.003686503,,,,,,,,,,,,,,,,,,,,,,,,,,,,,,,,,,,,,,,,,,,,,,,,,9.0,0.0,9.0,0.0,-304.0,0,1,0,0,0,0,0,0,0,0,0,0,0,0,0,0,0,0,0,0,0.0,0.0,0.0,0.0,1.0,5.0
151415,6/8/2018,0,Cash loans,F,Y,Y,0,180000.0,855000.0,24997.5,855000.0,Unaccompanied,Working,Secondary / secondary special,Married,House / apartment,0.007305,-17421,-358,-4333,-915,14.0,1,1,0,1,1,0,Laborers,2.0,3,3,WEDNESDAY,10,0,0,0,0,0,0,Business Entity Type 3,0.708514215,0.606534206,0.50648424,0.1485,0.1165,0.9856,0.8028,0.0782,0.16,0.1379,0.3333,0.375,0.0579,0.1202,0.1559,0.0039,0.0049,0.1513,0.1209,0.9856,0.8105,0.0789,0.1611,0.1379,0.3333,0.375,0.0592,0.1313,0.1624,0.0039,0.0052,0.1499,0.1165,0.9856,0.8054,0.0787,0.16,0.1379,0.3333,0.375,0.0589,0.1223,0.1587,0.0039,0.005,,block of flats,0.1237,Panel,No,0.0,0.0,0.0,0.0,-1614.0,0,1,0,0,0,0,0,0,0,0,0,0,0,0,0,0,0,0,0,0,0.0,0.0,0.0,0.0,2.0,2.0
117763,2/24/2018,0,Cash loans,F,N,Y,1,157500.0,609187.5,29304.0,544500.0,Family,Commercial associate,Secondary / secondary special,Married,Municipal apartment,0.032561,-18340,-3087,-7886,-1853,,1,1,0,1,1,0,Cooking staff,3.0,1,1,MONDAY,19,0,0,0,0,0,0,Business Entity Type 3,,0.229431838,0.64797686,,,0.9816,,,0.08,0.069,0.5417,,,,,,,,,0.9816,,,0.0806,0.069,0.5417,,,,,,,,,0.9816,,,0.08,0.069,0.5417,,,,,,,,block of flats,0.078,"Stone, brick",No,0.0,0.0,0.0,0.0,0.0,0,1,0,0,0,0,0,0,0,0,0,0,0,0,0,0,0,0,0,0,0.0,0.0,1.0,0.0,0.0,0.0
132477,4/10/2018,0,Cash loans,F,Y,Y,1,112500.0,1006920.0,40063.5,900000.0,Unaccompanied,Commercial associate,Secondary / secondary special,Married,House / apartment,0.030755,-14238,-305,-4478,-4299,19.0,1,1,0,1,0,0,Sales staff,3.0,2,2,THURSDAY,14,0,0,0,0,1,1,Self-employed,0.477241345,0.082713364,0.70620511,,,,,,,,,,,,,,,,,,,,,,,,,,,,,,,,,,,,,,,,,,,,,,,,0.0,0.0,0.0,0.0,0.0,0,1,0,0,0,0,0,0,0,0,0,0,0,0,0,0,0,0,0,0,0.0,0.0,0.0,0.0,2.0,2.0
151165,6/7/2018,0,Cash loans,F,N,Y,1,76500.0,450000.0,23107.5,450000.0,Unaccompanied,Working,Secondary / secondary special,Married,House / apartment,0.030755,-10644,-998,-4810,-2387,,1,1,0,1,0,0,Core staff,3.0,2,2,TUESDAY,9,0,0,0,0,0,0,Trade: type 3,0.662696117,0.625335103,0.631354537,0.0742,0.0579,0.9742,0.6464,,0.0,0.1379,0.1667,0.2083,0.0352,0.0605,0.0634,0.0,0.0,0.0756,0.0601,0.9742,0.6602,,0.0,0.1379,0.1667,0.2083,0.036,0.0661,0.066,0.0,0.0,0.0749,0.0579,0.9742,0.6511,,0.0,0.1379,0.1667,0.2083,0.0359,0.0616,0.0645,0.0,0.0,reg oper account,block of flats,0.0499,"Stone, brick",No,0.0,0.0,0.0,0.0,-1148.0,0,1,0,0,0,0,0,0,0,0,0,0,0,0,0,0,0,0,0,0,0.0,0.0,0.0,0.0,0.0,1.0
104484,1/14/2018,1,Cash loans,F,N,Y,0,157500.0,417915.0,45139.5,378000.0,Unaccompanied,Commercial associate,Secondary / secondary special,Married,House / apartment,0.072508,-12875,-306,-6999,-3657,,1,1,0,1,1,0,,2.0,1,1,THURSDAY,13,0,0,0,0,0,0,Business Entity Type 3,0.246354307,0.528497228,,0.2041,0.1479,0.9737,0.6396,0.0556,0.24,0.2069,0.2917,0.3333,0.0,0.1404,0.2413,0.1197,0.2697,0.208,0.1535,0.9737,0.6537,0.0561,0.2417,0.2069,0.2917,0.3333,0.0,0.1534,0.2514,0.1206,0.2855,0.2061,0.1479,0.9737,0.6444,0.056,0.24,0.2069,0.2917,0.3333,0.0,0.1428,0.2456,0.1203,0.2754,reg oper account,block of flats,0.2484,"Stone, brick",No,0.0,0.0,0.0,0.0,-278.0,0,1,0,0,0,0,0,0,0,0,0,0,0,0,0,0,0,0,0,0,0.0,0.0,0.0,0.0,1.0,2.0
117256,2/22/2018,0,Cash loans,M,Y,N,1,225000.0,495000.0,26851.5,495000.0,Unaccompanied,Working,Higher education,Married,House / apartment,0.006305,-12768,-464,-2019,-4218,5.0,1,1,0,1,0,0,Managers,3.0,3,3,TUESDAY,7,0,0,0,0,1,1,Self-employed,0.193593505,0.432254345,,,,,,,,,,,,,,,,,,,,,,,,,,,,,,,,,,,,,,,,,,,,,,,,,0.0,0.0,0.0,0.0,-846.0,0,0,0,0,0,0,1,0,0,0,0,0,0,0,0,0,0,0,0,0,0.0,0.0,0.0,1.0,0.0,1.0
143905,5/15/2018,0,Cash loans,F,N,Y,0,157500.0,194031.0,23026.5,175500.0,Unaccompanied,Commercial associate,Secondary / secondary special,Married,House / apartment,0.030755,-18285,-2576,-10547,-1827,,1,1,1,1,0,1,Core staff,2.0,2,2,TUESDAY,16,0,0,0,0,0,0,Trade: type 5,,0.720596132,0.431191798,,,,,,,,,,,,,,,,,,,,,,,,,,,,,,,,,,,,,,,,,,,,,,,,1.0,0.0,1.0,0.0,-1215.0,0,1,0,0,0,0,0,0,0,0,0,0,0,0,0,0,0,0,0,0,0.0,0.0,0.0,0.0,0.0,4.0
151874,6/9/2018,0,Revolving loans,F,N,Y,1,202500.0,405000.0,20250.0,405000.0,Unaccompanied,Commercial associate,Higher education,Single / not married,House / apartment,0.031329,-13468,-13,-7540,-3942,,1,1,0,1,1,1,,2.0,2,2,SATURDAY,9,0,0,0,0,0,0,Business Entity Type 3,0.346139205,0.725927058,0.627990819,0.1835,0.0952,0.9727,0.626,0.0516,0.0,0.4138,0.2083,0.25,,0.1387,0.1743,0.0502,0.1724,0.187,0.0988,0.9727,0.6406,0.052,0.0,0.4138,0.2083,0.25,,0.1515,0.1816,0.0506,0.1825,0.1853,0.0952,0.9727,0.631,0.0519,0.0,0.4138,0.2083,0.25,,0.1411,0.1775,0.0505,0.176,reg oper account,block of flats,0.2028,Block,No,2.0,0.0,2.0,0.0,-517.0,0,0,0,0,0,0,0,0,0,0,0,0,0,0,0,0,0,0,0,0,0.0,0.0,0.0,0.0,0.0,0.0
101544,1/5/2018,0,Cash loans,F,N,Y,0,157500.0,1125000.0,33025.5,1125000.0,Unaccompanied,Commercial associate,Secondary / secondary special,Married,House / apartment,0.035792,-22627,-5442,-13663,-4586,,1,1,0,1,0,0,Managers,2.0,2,2,THURSDAY,14,0,0,0,0,1,1,Business Entity Type 3,0.775048198,0.752036455,0.382501804,,,,,,,,,,,,,,,,,,,,,,,,,,,,,,,,,,,,,,,,,,,,,,,,0.0,0.0,0.0,0.0,-3297.0,0,0,0,0,1,0,0,0,0,0,0,0,0,0,0,0,0,0,0,0,0.0,0.0,0.0,0.0,3.0,6.0
106405,1/20/2018,0,Cash loans,F,N,Y,2,72000.0,526491.0,19039.5,454500.0,Unaccompanied,State servant,Secondary / secondary special,Civil marriage,House / apartment,0.01885,-13722,-1494,-911,-4358,,1,1,1,1,1,0,Cleaning staff,4.0,2,2,WEDNESDAY,12,0,0,0,1,1,0,Government,,0.720816217,,,,,,,,,,,,,,,,,,,,,,,,,,,,,,,,,,,,,,,,,,,,,,,,,0.0,0.0,0.0,0.0,-66.0,0,1,0,0,0,0,0,0,0,0,0,0,0,0,0,0,0,0,0,0,,,,,,
145674,5/21/2018,0,Cash loans,F,N,Y,2,90000.0,814041.0,23931.0,679500.0,Unaccompanied,Working,Secondary / secondary special,Married,House / apartment,0.035792,-10824,-353,-2422,-3423,,1,1,0,1,0,0,Sales staff,4.0,2,2,WEDNESDAY,15,0,0,0,0,0,0,Trade: type 7,,0.603461438,,,,,,,,,,,,,,,,,,,,,,,,,,,,,,,,,,,,,,,,,,,,,,,,,4.0,0.0,4.0,0.0,-767.0,0,1,0,0,0,0,0,0,0,0,0,0,0,0,0,0,0,0,0,0,,,,,,
115486,2/17/2018,0,Cash loans,M,Y,N,0,202500.0,545040.0,26509.5,450000.0,Unaccompanied,Working,Secondary / secondary special,Married,House / apartment,0.020713,-13764,-152,-1634,-4105,31.0,1,1,1,1,0,0,Laborers,2.0,3,3,WEDNESDAY,13,0,0,0,1,1,0,Business Entity Type 3,,0.459461096,,,,,,,,,,,,,,,,,,,,,,,,,,,,,,,,,,,,,,,,,,,,,,,,,2.0,0.0,2.0,0.0,-144.0,0,1,0,0,0,0,0,0,0,0,0,0,0,0,0,0,0,0,0,0,,,,,,
102155,1/7/2018,0,Cash loans,F,N,N,0,157500.0,729000.0,28908.0,729000.0,Unaccompanied,Commercial associate,Secondary / secondary special,Civil marriage,Municipal apartment,0.072508,-17259,-3627,-505,-802,,1,1,0,1,0,0,Sales staff,2.0,1,1,TUESDAY,14,0,0,0,0,0,0,Business Entity Type 3,0.604456555,0.730936252,,0.2546,0.0946,0.999,,,0.32,0.1379,0.75,,0.0,,0.2709,,0.0534,0.2595,0.0981,0.999,,,0.3222,0.1379,0.75,,0.0,,0.2823,,0.0566,0.2571,0.0946,0.999,,,0.32,0.1379,0.75,,0.0,,0.2758,,0.0545,,block of flats,0.2247,Panel,No,0.0,0.0,0.0,0.0,-2405.0,0,1,0,0,0,0,0,0,0,0,0,0,0,0,0,0,0,0,0,0,,,,,,
121436,3/7/2018,0,Cash loans,M,N,Y,0,135000.0,808650.0,31464.0,675000.0,Family,Working,Secondary / secondary special,Married,House / apartment,0.010147,-17071,-1491,-2067,-574,,1,1,0,1,0,0,Laborers,2.0,2,2,FRIDAY,9,0,0,0,0,1,1,Business Entity Type 3,,0.566783122,0.197474512,,,,,,,,,,,,,,,,,,,,,,,,,,,,,,,,,,,,,,,,,,,,,,,,0.0,0.0,0.0,0.0,-1120.0,0,1,0,0,0,0,0,0,0,0,0,0,0,0,0,0,0,0,0,0,0.0,0.0,0.0,1.0,0.0,0.0
157285,6/26/2018,0,Cash loans,F,N,N,1,144900.0,254700.0,14350.5,225000.0,Unaccompanied,Working,Secondary / secondary special,Separated,House / apartment,0.031329,-17421,-9395,-5994,-965,,1,1,1,1,1,0,Laborers,2.0,2,2,MONDAY,14,0,0,0,0,0,0,Industry: type 1,0.674944005,0.570527051,0.192942228,0.0928,0.2014,0.9871,0.8232,0.0096,0.0,0.2069,0.1667,0.0417,0.02,0.0756,0.0972,0.0,0.0,0.0945,0.209,0.9871,0.8301,0.0097,0.0,0.2069,0.1667,0.0417,0.0205,0.0826,0.1013,0.0,0.0,0.0937,0.2014,0.9871,0.8256,0.0097,0.0,0.2069,0.1667,0.0417,0.0204,0.077,0.099,0.0,0.0,reg oper spec account,block of flats,0.0817,Panel,No,4.0,1.0,4.0,1.0,-1535.0,0,1,0,0,0,0,0,0,0,0,0,0,0,0,0,0,0,0,0,0,0.0,0.0,0.0,1.0,0.0,6.0
140918,5/6/2018,0,Cash loans,F,N,N,1,225000.0,630000.0,64683.0,630000.0,Unaccompanied,Working,Secondary / secondary special,Separated,House / apartment,0.008019,-15509,-8102,-1281,-3066,,1,1,0,1,0,0,Managers,2.0,2,2,TUESDAY,11,0,0,0,0,0,0,Postal,,0.440084247,,,,,,,,,,,,,,,,,,,,,,,,,,,,,,,,,,,,,,,,,,,,,,,,,0.0,0.0,0.0,0.0,-528.0,0,1,0,0,0,0,0,0,0,0,0,0,0,0,0,0,0,0,0,0,,,,,,
156487,6/23/2018,0,Cash loans,F,N,Y,0,103500.0,675000.0,19737.0,675000.0,Unaccompanied,Commercial associate,Secondary / secondary special,Married,House / apartment,0.011703,-19692,-3097,-5611,-3224,,1,1,0,1,0,0,Sales staff,2.0,2,2,TUESDAY,11,0,0,0,0,0,0,Self-employed,,0.726027113,,0.0928,0.0,0.9866,0.8164,0.0177,0.0,0.2069,0.1667,0.0417,0.0531,0.0756,0.0844,0.0,0.0,0.0945,0.0,0.9866,0.8236,0.0179,0.0,0.2069,0.1667,0.0417,0.0543,0.0826,0.0879,0.0,0.0,0.0937,0.0,0.9866,0.8189,0.0178,0.0,0.2069,0.1667,0.0417,0.054,0.077,0.0859,0.0,0.0,reg oper account,block of flats,0.0664,Panel,No,0.0,0.0,0.0,0.0,-82.0,0,1,0,0,0,0,0,0,0,0,0,0,0,0,0,0,0,0,0,0,,,,,,
139135,5/1/2018,1,Cash loans,M,N,N,0,112500.0,916470.0,24304.5,765000.0,Children,Commercial associate,Secondary / secondary special,Single / not married,House / apartment,0.02461,-22707,-6771,-8203,-4306,,1,1,0,1,0,0,Laborers,1.0,2,2,WEDNESDAY,10,0,0,0,0,1,1,Industry: type 3,,0.570350224,0.553164699,,,,,,,,,,,,,,,,,,,,,,,,,,,,,,,,,,,,,,,,,,,,,,,,0.0,0.0,0.0,0.0,-2.0,0,1,0,0,0,0,0,0,0,0,0,0,0,0,1,0,0,0,0,0,0.0,0.0,0.0,0.0,0.0,0.0
101437,1/5/2018,0,Cash loans,F,Y,Y,0,315000.0,1575000.0,64998.0,1575000.0,Unaccompanied,Commercial associate,Higher education,Separated,House / apartment,0.04622,-14514,-2341,-5677,-719,5.0,1,1,1,1,1,0,Accountants,1.0,1,1,TUESDAY,11,0,1,1,0,1,1,Bank,0.655817886,0.753310608,0.41359676,,,,,,,,,,,,,,,,,,,,,,,,,,,,,,,,,,,,,,,,,,,,,,,,0.0,0.0,0.0,0.0,-1957.0,0,1,0,0,0,0,0,0,0,0,0,0,0,0,0,0,0,0,0,0,0.0,0.0,0.0,1.0,1.0,2.0
134522,4/16/2018,1,Cash loans,F,N,N,2,112500.0,326439.0,16006.5,229500.0,Unaccompanied,Working,Secondary / secondary special,Civil marriage,House / apartment,0.025164,-14587,-703,-4896,-4677,,1,1,0,1,0,0,Laborers,4.0,2,2,FRIDAY,11,0,0,0,1,1,0,Self-employed,0.075063463,0.216326128,,,,,,,,,,,,,,,,,,,,,,,,,,,,,,,,,,,,,,,,,,,,,,,,,0.0,0.0,0.0,0.0,-253.0,0,1,0,0,0,0,0,0,0,0,0,0,0,0,0,0,0,0,0,0,,,,,,
110689,2/2/2018,0,Cash loans,F,N,Y,0,135000.0,722394.0,23431.5,603000.0,Unaccompanied,Commercial associate,Secondary / secondary special,Single / not married,House / apartment,0.018801,-17512,-408,-5396,-1057,,1,1,0,1,1,0,Sales staff,1.0,2,2,WEDNESDAY,6,0,0,0,0,1,1,Business Entity Type 3,0.710578238,0.269385082,0.342528872,,,,,,,,,,,,,,,,,,,,,,,,,,,,,,,,,,,,,,,,,,,,,,,No,0.0,0.0,0.0,0.0,-203.0,0,1,0,0,0,0,0,0,0,0,0,0,0,0,0,0,0,0,0,0,0.0,0.0,0.0,1.0,0.0,3.0
106814,1/21/2018,0,Cash loans,F,Y,Y,3,157500.0,550980.0,43659.0,450000.0,Unaccompanied,Commercial associate,Secondary / secondary special,Married,House / apartment,0.004849,-13565,-1154,-6025,-4316,8.0,1,1,0,1,1,1,Cooking staff,5.0,2,2,WEDNESDAY,15,0,0,0,0,0,0,Business Entity Type 3,0.550546264,0.346896513,,0.0722,0.0823,0.9806,0.7348,0.0953,0.0,0.1379,0.1667,0.2083,0.0,0.0588,0.0662,0.0,0.0,0.0735,0.0854,0.9806,0.7452,0.0961,0.0,0.1379,0.1667,0.2083,0.0,0.0643,0.069,0.0,0.0,0.0729,0.0823,0.9806,0.7383,0.0959,0.0,0.1379,0.1667,0.2083,0.0,0.0599,0.0674,0.0,0.0,reg oper account,block of flats,0.0521,"Stone, brick",No,0.0,0.0,0.0,0.0,-251.0,0,1,0,0,0,0,0,0,0,0,0,0,0,0,0,0,0,0,0,0,0.0,0.0,0.0,0.0,1.0,1.0
111075,2/3/2018,0,Cash loans,F,N,Y,0,225000.0,900000.0,38263.5,900000.0,Unaccompanied,Pensioner,Secondary / secondary special,Married,House / apartment,0.018209,-21014,365243,-536,-4165,,1,0,0,1,0,0,,2.0,3,3,TUESDAY,9,0,0,0,0,0,0,XNA,0.741704737,0.480325756,0.549596502,0.0186,0.0314,0.9677,0.558,0.0195,0.0,0.069,0.0417,0.0417,0.018,0.0118,0.012,0.0154,0.0219,0.0189,0.0325,0.9677,0.5753,0.0197,0.0,0.069,0.0417,0.0417,0.0184,0.0129,0.0125,0.0156,0.0231,0.0187,0.0314,0.9677,0.5639,0.0197,0.0,0.069,0.0417,0.0417,0.0183,0.012,0.0123,0.0155,0.0223,reg oper account,block of flats,0.0249,Others,No,0.0,0.0,0.0,0.0,-738.0,0,0,0,0,1,0,0,0,0,0,0,0,0,0,0,0,0,0,0,0,0.0,0.0,0.0,0.0,1.0,0.0
117482,2/23/2018,0,Revolving loans,F,N,Y,2,67500.0,202500.0,10125.0,202500.0,Unaccompanied,Working,Secondary / secondary special,Married,House / apartment,0.008068,-13060,-2353,-5686,-4216,,1,1,0,1,0,0,Laborers,4.0,3,3,SATURDAY,9,0,0,0,0,0,0,Transport: type 4,0.231219599,0.236768833,0.767523105,,,,,,,,,,,,,,,,,,,,,,,,,,,,,,,,,,,,,,,,,,,,,,,,1.0,0.0,1.0,0.0,-1585.0,0,0,0,0,0,0,0,0,0,0,0,0,0,0,0,0,0,0,0,0,0.0,0.0,0.0,0.0,0.0,0.0
149495,6/2/2018,0,Cash loans,F,N,Y,0,157500.0,808650.0,23773.5,675000.0,Unaccompanied,Working,Secondary / secondary special,Single / not married,House / apartment,0.025164,-18164,-361,-11461,-1717,,1,1,0,1,0,0,Sales staff,1.0,2,2,THURSDAY,11,0,0,0,0,0,0,Self-employed,0.648132213,0.600333265,0.522697317,0.1021,0.0859,0.9796,0.7212,0.0674,0.0,0.2069,0.1667,0.2083,0.0873,0.0832,0.09,0.0,0.0,0.104,0.0892,0.9796,0.7321,0.068,0.0,0.2069,0.1667,0.2083,0.0893,0.0909,0.0938,0.0,0.0,0.1031,0.0859,0.9796,0.7249,0.0678,0.0,0.2069,0.1667,0.2083,0.0888,0.0847,0.0916,0.0,0.0,reg oper account,block of flats,0.1076,"Stone, brick",No,4.0,1.0,4.0,0.0,-2313.0,0,1,0,0,0,0,0,0,0,0,0,0,0,0,0,0,0,0,0,0,0.0,0.0,0.0,0.0,1.0,3.0
133070,4/12/2018,0,Cash loans,F,Y,Y,1,103500.0,1042560.0,58347.0,900000.0,"Spouse, partner",Working,Higher education,Married,House / apartment,0.004849,-10517,-937,-475,-822,3.0,1,1,0,1,0,0,Accountants,3.0,2,2,THURSDAY,15,0,0,0,0,0,0,Transport: type 4,0.50328886,0.377809169,0.673830078,0.1108,0.1149,0.997,,,0.0,0.1379,0.1667,,0.0816,,0.088,,0.0009,0.0788,0.0925,0.997,,,0.0,0.1034,0.1667,,0.0659,,0.0696,,0.0008,0.1119,0.1149,0.997,,,0.0,0.1379,0.1667,,0.083,,0.0895,,0.0009,reg oper spec account,block of flats,0.0601,Panel,No,1.0,0.0,1.0,0.0,-2071.0,0,0,0,0,0,0,1,0,0,0,0,0,0,0,0,0,0,0,0,0,0.0,0.0,0.0,0.0,1.0,0.0
147072,5/25/2018,0,Cash loans,F,N,Y,1,121500.0,450000.0,17095.5,450000.0,Unaccompanied,Working,Higher education,Separated,House / apartment,0.026392,-15322,-1393,-9460,-4749,,1,1,1,1,1,0,,2.0,2,2,SATURDAY,13,0,0,0,0,0,0,Medicine,0.831472602,0.708559865,0.520897599,0.5309,0.2491,0.9816,0.7484,,0.88,0.3793,0.4583,0.0,0.3977,,0.5878,,0.0487,0.541,0.2585,0.9816,0.7583,,0.8862,0.3793,0.4583,0.0,0.4067,,0.6124,,0.0516,0.5361,0.2491,0.9816,0.7518,,0.88,0.3793,0.4583,0.0,0.4046,,0.5983,,0.0498,,block of flats,0.5149,Panel,No,1.0,0.0,1.0,0.0,-1329.0,0,1,0,0,0,0,0,0,0,0,0,0,0,0,0,0,0,0,0,0,0.0,0.0,0.0,0.0,0.0,1.0
125454,3/19/2018,0,Cash loans,F,Y,N,1,157500.0,276277.5,19777.5,238500.0,Unaccompanied,Commercial associate,Higher education,Single / not married,House / apartment,0.02461,-12635,-715,-2484,-2081,2.0,1,1,0,1,0,0,Core staff,2.0,2,2,FRIDAY,11,0,0,0,0,0,0,Business Entity Type 1,0.3561463,0.120638255,0.593717587,,0.0125,0.9866,0.8164,0.0087,0.04,0.0345,0.3333,0.375,0.0352,,0.0652,0.0,0.0,,0.0129,0.9866,0.8236,0.0088,0.0403,0.0345,0.3333,0.375,0.036,,0.068,0.0,0.0,,0.0125,0.9866,0.8189,0.0088,0.04,0.0345,0.3333,0.375,0.0358,,0.0664,0.0,0.0,,block of flats,0.0895,"Stone, brick",No,0.0,0.0,0.0,0.0,-1265.0,0,0,0,0,0,0,1,0,0,0,0,0,0,0,0,0,0,0,0,0,0.0,0.0,0.0,0.0,0.0,0.0
135798,4/20/2018,1,Cash loans,M,N,Y,0,135000.0,1078200.0,31653.0,900000.0,Unaccompanied,Working,Secondary / secondary special,Single / not married,House / apartment,0.025164,-9520,-1492,-5587,-2175,,1,1,0,1,0,0,Laborers,1.0,2,2,TUESDAY,14,0,0,0,0,0,0,Business Entity Type 3,,0.049860921,,,,,,,,,,,,,,,,,,,,,,,,,,,,,,,,,,,,,,,,,,,,,,,,,1.0,1.0,1.0,1.0,0.0,0,0,0,1,0,0,0,0,0,0,0,0,0,0,0,0,0,0,0,0,0.0,0.0,0.0,0.0,1.0,1.0
151121,6/7/2018,1,Cash loans,M,N,N,0,157500.0,1575000.0,41679.0,1575000.0,Unaccompanied,Working,Secondary / secondary special,Single / not married,House / apartment,0.010147,-13775,-453,-6916,-1229,,1,1,1,1,0,0,Laborers,1.0,2,2,FRIDAY,15,0,0,0,0,0,0,Business Entity Type 3,,0.594094724,0.631354537,0.1206,,0.9737,0.6396,,0.0,0.1379,0.125,0.1667,,,0.0442,,,0.1229,,0.9737,0.6537,,0.0,0.1379,0.125,0.1667,,,0.046,,,0.1218,,0.9737,0.6444,,0.0,0.1379,0.125,0.1667,,,0.0449,,,reg oper account,block of flats,0.0347,"Stone, brick",No,0.0,0.0,0.0,0.0,-5.0,0,0,0,0,0,0,0,0,0,1,0,0,0,0,0,0,0,0,0,0,0.0,1.0,0.0,0.0,0.0,0.0
150305,6/4/2018,0,Cash loans,F,N,Y,1,202500.0,269550.0,21294.0,225000.0,Unaccompanied,Working,Secondary / secondary special,Married,House / apartment,0.006207,-12277,-2927,-2332,-4417,,1,1,0,1,0,0,Laborers,3.0,2,2,WEDNESDAY,14,0,0,0,0,0,0,Construction,,0.57849165,0.379100485,0.1141,0.0497,0.9925,0.898,0.0235,0.1332,0.1148,0.3608,0.4025,0.0499,0.093,0.1132,0.0,0.0321,0.0756,0.0145,0.9856,0.8105,0.0,0.0806,0.069,0.375,0.4167,0.0,0.0661,0.0506,0.0,0.0,0.0833,0.0426,0.996,0.9463,0.0185,0.08,0.069,0.375,0.4167,0.0518,0.0684,0.0867,0.0,0.0,reg oper account,block of flats,0.1904,Panel,No,2.0,0.0,2.0,0.0,-294.0,0,1,0,0,0,0,0,0,0,0,0,0,0,0,0,0,0,0,0,0,0.0,0.0,0.0,0.0,0.0,3.0
107971,1/25/2018,0,Cash loans,F,Y,Y,1,270000.0,871335.0,47398.5,715500.0,Unaccompanied,Commercial associate,Secondary / secondary special,Married,House / apartment,0.005313,-10391,-2566,-1954,-1363,11.0,1,1,0,1,0,1,Laborers,3.0,2,2,SATURDAY,14,0,0,0,0,0,0,Self-employed,0.694536422,0.461150584,0.728141299,,,,,,,,,,,,,,,,,,,,,,,,,,,,,,,,,,,,,,,,,,,,,,,,0.0,0.0,0.0,0.0,0.0,0,1,0,0,0,0,0,0,0,0,0,0,0,0,0,0,0,0,0,0,0.0,0.0,0.0,1.0,1.0,2.0
124112,3/15/2018,0,Cash loans,F,N,N,0,135000.0,536917.5,27544.5,463500.0,Unaccompanied,Pensioner,Secondary / secondary special,Married,House / apartment,0.04622,-21363,365243,-10155,-4631,,1,0,0,1,0,0,,2.0,1,1,TUESDAY,10,0,0,0,0,0,0,XNA,,0.390930775,0.304672184,0.1485,0.0841,0.9861,0.8096,0.0213,0.16,0.1379,0.3333,0.375,,0.121,0.1535,0.0,0.0,0.1513,0.0873,0.9861,0.8171,0.0215,0.1611,0.1379,0.3333,0.375,,0.1322,0.1599,0.0,0.0,0.1499,0.0841,0.9861,0.8121,0.0214,0.16,0.1379,0.3333,0.375,,0.1231,0.1563,0.0,0.0,reg oper account,block of flats,0.1207,Panel,No,0.0,0.0,0.0,0.0,-932.0,0,1,0,0,0,0,0,0,0,0,0,0,0,0,0,0,0,0,0,0,0.0,0.0,0.0,0.0,0.0,4.0
157059,6/25/2018,0,Revolving loans,M,Y,N,2,810000.0,270000.0,13500.0,270000.0,Unaccompanied,Working,Higher education,Married,Office apartment,0.019101,-18135,-3705,-123,-1656,10.0,1,1,0,1,0,0,Managers,4.0,2,2,SATURDAY,15,0,1,1,0,1,1,Military,,0.623375932,0.762335618,,,,,,,,,,,,,,,,,,,,,,,,,,,,,,,,,,,,,,,,,,,,,,,,0.0,0.0,0.0,0.0,-1147.0,0,0,0,0,0,0,0,0,0,0,0,0,0,0,0,0,0,0,0,0,0.0,0.0,0.0,0.0,2.0,2.0
130142,4/3/2018,1,Cash loans,F,Y,Y,1,81000.0,90000.0,7195.5,90000.0,Family,State servant,Higher education,Civil marriage,House / apartment,0.010556,-10403,-502,-458,-507,1.0,1,1,1,1,0,0,Managers,3.0,3,3,THURSDAY,13,0,0,0,0,1,1,Other,0.260742282,0.369279063,0.495665829,,,,,,,,,,,,,,,,,,,,,,,,,,,,,,,,,,,,,,,,,,,,,,,,0.0,0.0,0.0,0.0,-334.0,0,0,0,0,0,0,1,0,0,0,0,0,0,0,0,0,0,0,0,0,0.0,0.0,0.0,0.0,0.0,0.0
149199,6/1/2018,0,Cash loans,M,Y,N,0,148500.0,781920.0,25839.0,675000.0,Unaccompanied,Pensioner,Secondary / secondary special,Married,House / apartment,0.019101,-19452,365243,-8323,-2987,13.0,1,0,0,1,0,0,,2.0,2,2,TUESDAY,16,0,0,0,0,0,0,XNA,,0.704834079,0.465069215,0.0567,0.0486,0.9786,0.7076,0.0086,0.0,0.1379,0.1667,0.2083,0.0,0.0454,0.0369,0.0039,0.06,0.0578,0.0505,0.9786,0.719,0.0087,0.0,0.1379,0.1667,0.2083,0.0,0.0496,0.0385,0.0039,0.0636,0.0573,0.0486,0.9786,0.7115,0.0086,0.0,0.1379,0.1667,0.2083,0.0,0.0462,0.0376,0.0039,0.0613,reg oper account,block of flats,0.0502,Panel,No,0.0,0.0,0.0,0.0,-3113.0,0,0,0,0,1,0,0,0,0,0,0,0,0,0,0,0,0,0,0,0,0.0,0.0,0.0,0.0,0.0,1.0
131850,4/8/2018,0,Cash loans,F,N,N,0,135000.0,900000.0,26446.5,900000.0,Unaccompanied,Pensioner,Higher education,Married,House / apartment,0.020713,-23250,365243,-735,-4613,,1,0,0,1,0,0,,2.0,3,3,FRIDAY,6,0,0,0,0,0,0,XNA,,0.44571719,0.26504943,0.3691,0.1909,0.9901,0.864,0.1435,0.4,0.3448,0.3333,0.375,0.2684,0.3009,0.4115,0.0039,0.0039,0.3761,0.1981,0.9901,0.8693,0.1449,0.4028,0.3448,0.3333,0.375,0.2746,0.3287,0.4287,0.0039,0.0041,0.3726,0.1909,0.9901,0.8658,0.1445,0.4,0.3448,0.3333,0.375,0.2731,0.3061,0.4189,0.0039,0.0039,reg oper account,block of flats,0.403,Panel,No,0.0,0.0,0.0,0.0,-277.0,0,1,0,0,0,0,0,0,0,0,0,0,0,0,0,0,0,0,0,0,3.0,3.0,0.0,0.0,0.0,0.0
130787,4/5/2018,0,Cash loans,M,N,Y,0,112500.0,521280.0,27423.0,450000.0,Unaccompanied,Commercial associate,Secondary / secondary special,Civil marriage,House / apartment,0.007114,-14755,-2313,-6913,-4126,,1,1,0,1,0,0,Laborers,2.0,2,2,SUNDAY,13,0,0,0,1,1,0,Business Entity Type 3,,0.262055336,,,,,,,,,,,,,,,,,,,,,,,,,,,,,,,,,,,,,,,,,,,,,,,,,3.0,0.0,3.0,0.0,0.0,0,1,0,0,0,0,0,0,0,0,0,0,0,0,0,0,0,0,0,0,0.0,0.0,0.0,0.0,0.0,1.0
141978,5/10/2018,0,Cash loans,F,Y,Y,0,90000.0,568197.0,27463.5,490500.0,Family,Pensioner,Secondary / secondary special,Widow,House / apartment,0.006852,-22801,365243,-12402,-4751,13.0,1,0,0,1,0,0,,1.0,3,3,SATURDAY,7,0,0,0,0,0,0,XNA,,0.352955204,0.212756305,,,,,,,,,,,,,,,,,,,,,,,,,,,,,,,,,,,,,,,,,,,,,,,,0.0,0.0,0.0,0.0,-1545.0,0,1,0,0,0,0,0,0,0,0,0,0,0,0,0,0,0,0,0,0,0.0,0.0,0.0,1.0,0.0,1.0
140178,5/4/2018,0,Cash loans,F,N,Y,0,135000.0,486459.0,18468.0,342000.0,Unaccompanied,Commercial associate,Secondary / secondary special,Single / not married,House / apartment,0.020246,-14413,-1500,-8556,-3964,,1,1,0,1,1,0,,1.0,3,3,WEDNESDAY,12,0,0,0,0,0,0,Business Entity Type 3,0.795687312,0.261620003,,0.0735,0.0982,0.9776,0.694,0.0,0.0,0.1607,0.1667,0.2083,0.0658,0.06,0.066,0.0,0.0326,0.063,0.0679,0.9777,0.706,0.0,0.0,0.1379,0.1667,0.2083,0.0352,0.0551,0.0568,0.0,0.0,0.0666,0.0982,0.9776,0.6981,0.0,0.0,0.1379,0.1667,0.2083,0.066,0.0547,0.0571,0.0,0.0,not specified,block of flats,0.0429,Panel,No,0.0,0.0,0.0,0.0,-1157.0,0,1,0,0,0,0,0,0,0,0,0,0,0,0,0,0,0,0,0,0,,,,,,
106575,1/21/2018,0,Cash loans,M,Y,N,0,180000.0,1350000.0,39474.0,1350000.0,Family,Working,Secondary / secondary special,Married,House / apartment,0.030755,-15555,-7862,-4460,-4593,10.0,1,1,1,1,1,0,Laborers,2.0,2,2,WEDNESDAY,10,0,0,0,0,1,1,Transport: type 4,0.556686719,0.669686568,0.337672722,,,,,,,,,,,,,,,,,,,,,,,,,,,,,,,,,,,,,,,,,,,,,,,,0.0,0.0,0.0,0.0,-1600.0,0,1,0,0,0,0,0,0,0,0,0,0,0,0,0,0,0,0,0,0,0.0,0.0,1.0,0.0,3.0,2.0
125032,3/18/2018,1,Cash loans,F,N,Y,0,135000.0,343800.0,12478.5,225000.0,Family,Pensioner,Secondary / secondary special,Widow,House / apartment,0.031329,-23468,365243,-3967,-4253,,1,0,0,1,0,0,,1.0,2,2,TUESDAY,8,0,0,0,0,0,0,XNA,,0.265311748,0.58499004,,,,,,,,,,,,,,,,,,,,,,,,,,,,,,,,,,,,,,,,,,,,,,,,3.0,1.0,3.0,1.0,-1561.0,0,0,0,0,1,0,0,0,0,0,0,0,0,0,0,0,0,0,0,0,0.0,0.0,0.0,0.0,0.0,3.0
117568,2/23/2018,0,Revolving loans,M,N,Y,0,90000.0,180000.0,9000.0,180000.0,Unaccompanied,Pensioner,Secondary / secondary special,Married,House / apartment,0.02461,-22066,365243,-14547,-4454,,1,0,0,1,0,0,,2.0,2,2,SATURDAY,16,0,0,0,0,0,0,XNA,,0.627019169,0.670651753,0.0794,,0.9781,,0.0127,0.0264,0.1034,0.2638,,0.0559,0.0642,0.0719,0.0025,0.005,0.0735,,0.9757,,0.009,0.0,0.1379,0.1667,,0.0238,0.0624,0.0727,0.0,0.0,0.0833,,0.9762,,0.009,0.0,0.1379,0.1667,,0.071,0.0684,0.0711,0.0,0.0,,block of flats,0.0598,Block,No,3.0,1.0,3.0,0.0,-267.0,0,0,0,0,0,0,0,0,0,0,0,0,0,0,0,0,0,0,0,0,0.0,0.0,0.0,1.0,0.0,1.0
146513,5/23/2018,0,Revolving loans,F,N,Y,0,76500.0,157500.0,7875.0,157500.0,Unaccompanied,State servant,Secondary / secondary special,Civil marriage,House / apartment,0.010032,-8540,-240,-3408,-1165,,1,1,1,1,0,0,HR staff,2.0,2,2,MONDAY,6,0,0,0,0,0,0,Transport: type 4,0.373317535,0.391592233,,0.0608,,0.9886,0.8436,0.0106,0.0,0.1379,0.1667,0.2083,,0.0496,0.0356,0.0,0.0962,0.062,,0.9886,0.8497,0.0107,0.0,0.1379,0.1667,0.2083,,0.0542,0.0371,0.0,0.1018,0.0614,,0.9886,0.8457,0.0107,0.0,0.1379,0.1667,0.2083,,0.0504,0.0363,0.0,0.0982,reg oper account,block of flats,0.0547,"Stone, brick",No,0.0,0.0,0.0,0.0,-224.0,0,0,0,0,0,0,0,0,0,0,0,0,0,0,0,0,0,0,0,0,0.0,0.0,0.0,0.0,0.0,1.0
126800,3/24/2018,0,Cash loans,F,Y,Y,0,135000.0,1068408.0,59787.0,990000.0,Family,Pensioner,Higher education,Married,House / apartment,0.006852,-22976,365243,-10227,-4918,18.0,1,0,0,1,0,0,,2.0,3,3,TUESDAY,5,0,0,0,0,0,0,XNA,,0.319891388,0.593717587,,,,,,,,,,,,,,,,,,,,,,,,,,,,,,,,,,,,,,,,,,,,,,,,4.0,0.0,4.0,0.0,-1930.0,0,1,0,0,0,0,0,0,0,0,0,0,0,0,0,0,0,0,0,0,0.0,0.0,0.0,1.0,0.0,2.0
137055,4/24/2018,0,Cash loans,F,N,Y,0,135000.0,419679.0,15201.0,346500.0,Unaccompanied,State servant,Secondary / secondary special,Civil marriage,House / apartment,0.031329,-17242,-10272,-11531,-777,,1,1,0,1,0,0,Laborers,2.0,2,2,FRIDAY,13,0,0,0,0,0,0,Government,0.582103241,0.109151899,0.45432106,0.0722,0.0656,0.9776,0.694,0.0098,0.0,0.1379,0.1667,0.2083,0.066,0.0588,0.0669,0.0,0.0,0.0735,0.068,0.9777,0.706,0.0098,0.0,0.1379,0.1667,0.2083,0.0675,0.0643,0.0697,0.0,0.0,0.0729,0.0656,0.9776,0.6981,0.0098,0.0,0.1379,0.1667,0.2083,0.0671,0.0599,0.0681,0.0,0.0,reg oper account,block of flats,0.0527,Panel,No,0.0,0.0,0.0,0.0,-823.0,0,1,0,0,0,0,0,0,0,0,0,0,0,0,0,0,0,0,0,0,0.0,0.0,0.0,0.0,0.0,3.0
125473,3/19/2018,0,Cash loans,M,Y,Y,0,225000.0,1223010.0,51817.5,1125000.0,Family,Working,Secondary / secondary special,Married,House / apartment,0.025164,-17314,-574,-8781,-862,2.0,1,1,0,1,0,0,Laborers,2.0,2,2,WEDNESDAY,10,0,0,0,0,1,1,Other,0.503730814,0.520272946,0.463275328,0.2969,0.1882,0.9841,,,0.36,0.3103,0.3333,,0.055,,0.3264,,0.0533,0.3025,0.1953,0.9841,,,0.3625,0.3103,0.3333,,0.0562,,0.3401,,0.0564,0.2998,0.1882,0.9841,,,0.36,0.3103,0.3333,,0.0559,,0.3323,,0.0544,,block of flats,0.3698,Panel,No,0.0,0.0,0.0,0.0,-2584.0,0,0,0,0,0,0,1,0,0,0,0,0,0,0,0,0,0,0,0,0,0.0,0.0,0.0,0.0,1.0,1.0
112226,2/7/2018,0,Cash loans,F,Y,N,2,216000.0,1587906.0,50256.0,1458000.0,Unaccompanied,Commercial associate,Incomplete higher,Married,House / apartment,0.031329,-9243,-351,-9243,-1382,3.0,1,1,1,1,0,0,Sales staff,4.0,2,2,THURSDAY,7,0,0,0,0,0,0,Business Entity Type 3,0.255757418,0.482979083,0.317031779,0.1412,0.0464,0.9841,0.7824,0.0329,0.08,0.0345,0.5417,0.5833,0.0757,0.1152,0.1328,0.0,0.0,0.1439,0.0481,0.9841,0.7909,0.0332,0.0806,0.0345,0.5417,0.5833,0.0774,0.1258,0.1383,0.0,0.0,0.1426,0.0464,0.9841,0.7853,0.0331,0.08,0.0345,0.5417,0.5833,0.077,0.1171,0.1352,0.0,0.0,reg oper account,block of flats,0.1224,Block,No,0.0,0.0,0.0,0.0,-498.0,0,0,0,0,0,0,1,0,0,0,0,0,0,0,1,0,0,0,1,0,0.0,0.0,0.0,0.0,0.0,3.0
140365,5/5/2018,0,Cash loans,M,N,Y,2,135000.0,500490.0,56731.5,450000.0,Unaccompanied,Working,Secondary / secondary special,Married,House / apartment,0.007114,-17226,-104,-2066,-671,,1,1,1,1,0,0,,4.0,2,2,WEDNESDAY,11,0,0,0,0,0,0,Business Entity Type 3,,0.58349564,,,,,,,,,,,,,,,,,,,,,,,,,,,,,,,,,,,,,,,,,,,,,,,,,1.0,0.0,1.0,0.0,-405.0,0,1,0,0,0,0,0,0,0,0,0,0,0,0,0,0,0,0,0,0,,,,,,
149064,5/31/2018,0,Cash loans,M,N,Y,0,315000.0,846000.0,38358.0,846000.0,Unaccompanied,Commercial associate,Higher education,Married,Rented apartment,0.026392,-11606,-623,-1400,-3516,,1,1,0,1,0,0,Sales staff,2.0,2,2,FRIDAY,19,0,0,0,0,0,0,Business Entity Type 3,,0.581613119,0.570916542,0.0825,,0.9801,,,0.0,0.1379,0.1667,,,,,,,0.084,,0.9801,,,0.0,0.1379,0.1667,,,,,,,0.0833,,0.9801,,,0.0,0.1379,0.1667,,,,,,,,block of flats,0.0572,Block,No,4.0,0.0,4.0,0.0,0.0,0,1,0,0,0,0,0,0,0,0,0,0,0,0,0,0,0,0,0,0,0.0,0.0,1.0,2.0,0.0,3.0
147808,5/28/2018,0,Cash loans,F,N,Y,0,126000.0,327024.0,10575.0,270000.0,Unaccompanied,Pensioner,Secondary / secondary special,Married,House / apartment,0.011657,-22124,365243,-9276,-4050,,1,0,0,1,0,0,,2.0,1,1,SATURDAY,11,0,0,0,0,0,0,XNA,,0.546526844,,,,,,,,,,,,,,,,,,,,,,,,,,,,,,,,,,,,,,,,,,,,,,,,,0.0,0.0,0.0,0.0,-1957.0,0,0,0,0,1,0,0,0,0,0,0,0,0,0,0,0,0,0,0,0,0.0,0.0,0.0,0.0,0.0,5.0
108750,1/27/2018,0,Cash loans,F,N,N,0,45000.0,810000.0,23814.0,810000.0,Unaccompanied,Commercial associate,Secondary / secondary special,Married,House / apartment,0.0105,-15245,-1561,-2111,-4638,,1,1,1,1,0,0,,2.0,3,3,WEDNESDAY,14,0,0,0,0,0,0,Agriculture,,0.303802635,0.397946322,,,,,,,,,,,,,,,,,,,,,,,,,,,,,,,,,,,,,,,,,,,,,,,,1.0,0.0,1.0,0.0,-545.0,0,1,0,0,0,0,0,0,0,0,0,0,0,0,0,0,0,0,0,0,0.0,0.0,0.0,1.0,0.0,6.0
143589,5/15/2018,0,Revolving loans,F,N,Y,0,270000.0,270000.0,13500.0,270000.0,Unaccompanied,Working,Higher education,Single / not married,House / apartment,0.018801,-15887,-732,-5247,-5051,,1,1,1,1,1,1,,1.0,2,2,TUESDAY,8,0,0,0,0,0,0,Business Entity Type 3,0.725692988,0.627704201,0.515495375,0.0464,0.0291,0.9598,0.4492,0.0,0.0,0.1034,0.1667,0.2083,,0.0378,0.0553,0.0,0.0023,0.0473,0.0302,0.9598,0.4708,0.0,0.0,0.1034,0.1667,0.2083,,0.0413,0.0577,0.0,0.0024,0.0468,0.0291,0.9598,0.4566,0.0,0.0,0.1034,0.1667,0.2083,,0.0385,0.0563,0.0,0.0023,reg oper account,block of flats,0.0546,"Stone, brick",No,0.0,0.0,0.0,0.0,-980.0,0,0,0,0,0,0,0,0,0,0,0,0,0,0,0,0,0,0,0,0,0.0,0.0,0.0,0.0,0.0,1.0
125612,3/20/2018,1,Cash loans,M,Y,Y,0,180000.0,1030680.0,69007.5,900000.0,Unaccompanied,Working,Secondary / secondary special,Married,House / apartment,0.018801,-19583,-1780,-7907,-3085,18.0,1,1,0,1,0,0,Drivers,2.0,2,2,MONDAY,9,0,0,0,0,0,0,Business Entity Type 3,,0.170728648,0.3392877,,,,,,,,,,,,,,,,,,,,,,,,,,,,,,,,,,,,,,,,,,,,,,,,0.0,0.0,0.0,0.0,0.0,0,1,0,0,0,0,0,0,0,0,0,0,0,0,0,0,0,0,0,0,0.0,0.0,0.0,1.0,0.0,0.0
151815,6/9/2018,0,Revolving loans,M,Y,N,0,207000.0,180000.0,9000.0,180000.0,Unaccompanied,Working,Secondary / secondary special,Married,House / apartment,0.002042,-15089,-1479,-2055,-4081,29.0,1,1,0,1,0,0,Drivers,2.0,3,3,THURSDAY,17,0,0,0,0,0,0,Business Entity Type 3,,0.557698267,0.700183851,,,,,,,,,,,,,,,,,,,,,,,,,,,,,,,,,,,,,,,,,,,,,,,,0.0,0.0,0.0,0.0,-1424.0,0,0,0,0,0,0,0,0,0,0,0,0,0,0,0,0,0,0,0,0,0.0,0.0,0.0,0.0,0.0,2.0
130916,4/5/2018,0,Cash loans,F,N,Y,0,135000.0,358443.0,13509.0,252000.0,Unaccompanied,Working,Secondary / secondary special,Married,House / apartment,0.020246,-19586,-3219,-4042,-337,,1,1,0,1,1,0,Managers,2.0,3,3,SATURDAY,12,0,0,0,0,0,0,Self-employed,0.611558292,0.580527192,0.586740009,0.1299,0.0995,0.994,0.9184,0.0264,0.16,0.1379,0.3333,0.375,0.0818,0.1059,0.1456,0.0,0.0,0.1324,0.1032,0.994,0.9216,0.0267,0.1611,0.1379,0.3333,0.375,0.0837,0.1157,0.1517,0.0,0.0,0.1312,0.0995,0.994,0.9195,0.0266,0.16,0.1379,0.3333,0.375,0.0833,0.1077,0.1482,0.0,0.0,reg oper spec account,block of flats,0.129,Panel,No,3.0,0.0,3.0,0.0,-2012.0,0,1,0,0,0,0,0,0,0,0,0,0,0,0,0,0,0,0,0,0,0.0,0.0,0.0,1.0,0.0,2.0
131338,4/7/2018,0,Cash loans,M,Y,N,0,112500.0,331834.5,15507.0,252000.0,Unaccompanied,Working,Secondary / secondary special,Married,House / apartment,0.020246,-18091,-4205,-449,-1650,15.0,1,1,0,1,0,0,Drivers,2.0,3,3,TUESDAY,7,0,0,0,0,0,0,Self-employed,0.430430445,0.360547478,0.560284328,0.0814,0.0482,0.9851,0.796,0.1637,0.04,0.0345,0.375,0.4167,0.0449,0.0647,0.0644,0.0077,0.0142,0.083,0.05,0.9851,0.804,0.1652,0.0403,0.0345,0.375,0.4167,0.046,0.0707,0.0671,0.0078,0.0151,0.0822,0.0482,0.9851,0.7987,0.1647,0.04,0.0345,0.375,0.4167,0.0457,0.0658,0.0656,0.0078,0.0145,reg oper spec account,block of flats,0.0538,"Stone, brick",No,2.0,0.0,2.0,0.0,-191.0,0,1,0,0,0,0,0,0,0,0,0,0,0,0,0,0,0,0,0,0,0.0,0.0,0.0,0.0,0.0,2.0
122612,3/11/2018,0,Cash loans,F,Y,N,2,112500.0,1288350.0,37669.5,1125000.0,Unaccompanied,State servant,Secondary / secondary special,Married,House / apartment,0.00702,-11309,-3024,-4094,-3675,4.0,1,1,0,1,1,0,Core staff,4.0,2,2,SATURDAY,18,0,0,0,1,1,0,Kindergarten,,0.601450301,0.520897599,,,,,,,,,,,,,,,,,,,,,,,,,,,,,,,,,,,,,,,,,,,,,,,,0.0,0.0,0.0,0.0,-1704.0,0,1,0,0,0,0,0,0,0,0,0,0,0,0,0,0,0,0,0,0,0.0,0.0,0.0,0.0,0.0,1.0
108893,1/28/2018,0,Cash loans,F,N,Y,2,135000.0,900000.0,29164.5,900000.0,Unaccompanied,Working,Secondary / secondary special,Married,House / apartment,0.020713,-14627,-2190,-14495,-3084,,1,1,0,1,0,0,Cooking staff,4.0,3,1,SUNDAY,14,0,0,0,0,0,0,Self-employed,,0.347446645,,0.0825,0.0813,0.9771,,,0.0,0.1379,0.1667,,0.0385,,0.0706,,0.0,0.084,0.0843,0.9772,,,0.0,0.1379,0.1667,,0.0394,,0.0736,,0.0,0.0833,0.0813,0.9771,,,0.0,0.1379,0.1667,,0.0391,,0.0719,,0.0,,block of flats,0.0555,Panel,No,4.0,0.0,4.0,0.0,-330.0,0,1,0,0,0,0,0,0,0,0,0,0,0,0,0,0,0,0,0,0,0.0,0.0,0.0,0.0,0.0,0.0
131868,4/8/2018,0,Revolving loans,F,N,Y,1,292500.0,270000.0,13500.0,270000.0,Family,Commercial associate,Higher education,Single / not married,House / apartment,0.04622,-18981,-1406,-1764,-2522,,1,1,0,1,0,0,,2.0,1,1,THURSDAY,17,0,0,0,0,0,0,Business Entity Type 3,,0.74593147,0.554946769,0.0619,0.0735,0.9881,0.8368,,0.0,0.1379,0.1667,0.2083,,0.0504,0.0551,0.0,0.0,0.063,0.0763,0.9881,0.8432,,0.0,0.1379,0.1667,0.2083,,0.0551,0.0574,0.0,0.0,0.0625,0.0735,0.9881,0.839,,0.0,0.1379,0.1667,0.2083,,0.0513,0.0561,0.0,0.0,reg oper account,block of flats,0.0478,Panel,No,3.0,1.0,3.0,0.0,0.0,0,0,0,0,0,0,0,0,0,0,0,0,0,0,0,0,0,0,0,0,0.0,0.0,0.0,0.0,0.0,0.0
127716,3/26/2018,0,Cash loans,M,N,Y,0,121500.0,71955.0,7137.0,67500.0,Family,Pensioner,Higher education,Married,House / apartment,0.025164,-19516,365243,-2237,-3075,,1,0,0,1,1,0,,2.0,2,2,FRIDAY,9,0,0,0,0,0,0,XNA,0.731513425,0.622975393,0.6041126,,,,,,,,,,,,,,,,,,,,,,,,,,,,,,,,,,,,,,,,,,,,,,,,5.0,0.0,5.0,0.0,0.0,0,1,0,0,0,0,0,0,0,0,0,0,0,0,0,0,0,0,0,0,0.0,0.0,0.0,0.0,0.0,0.0
136359,4/22/2018,0,Cash loans,F,N,Y,0,67500.0,49500.0,4950.0,49500.0,Unaccompanied,Pensioner,Secondary / secondary special,Widow,House / apartment,0.015221,-23908,365243,-5908,-4443,,1,0,0,1,1,0,,1.0,2,2,MONDAY,9,0,0,0,0,0,0,XNA,0.75934553,0.218047487,0.6075573,0.0165,0.0043,0.9727,0.626,0.0027,0.0,0.069,0.0417,0.0833,0.0147,0.0134,0.0128,0.0,0.0,0.0168,0.0045,0.9727,0.6406,0.0027,0.0,0.069,0.0417,0.0833,0.015,0.0147,0.0133,0.0,0.0,0.0167,0.0043,0.9727,0.631,0.0027,0.0,0.069,0.0417,0.0833,0.015,0.0137,0.013,0.0,0.0,reg oper account,block of flats,0.0116,Block,No,0.0,0.0,0.0,0.0,-1153.0,0,1,0,0,0,0,0,0,0,0,0,0,0,0,0,0,0,0,0,0,0.0,0.0,0.0,0.0,0.0,3.0
101788,1/6/2018,0,Cash loans,F,N,N,0,126000.0,315000.0,14814.0,315000.0,Unaccompanied,Commercial associate,Secondary / secondary special,Single / not married,House / apartment,0.018209,-12451,-3078,-1848,-1229,,1,1,0,1,0,0,Private service staff,1.0,3,3,MONDAY,10,0,0,0,0,0,0,Self-employed,0.26433798,0.497361397,,0.1311,0.0455,0.9856,0.8096,0.0076,0.08,0.069,0.3333,0.0417,0.0729,0.087,0.0765,0.0039,0.0314,0.105,0.0472,0.9861,0.8171,0.007,0.0806,0.069,0.3333,0.0417,0.0745,0.0909,0.0674,0.0039,0.0258,0.1135,0.0455,0.9861,0.8121,0.0077,0.08,0.069,0.3333,0.0417,0.0742,0.0885,0.0659,0.0039,0.0249,reg oper account,block of flats,0.0547,Panel,No,2.0,0.0,2.0,0.0,-1748.0,0,1,0,0,0,0,0,0,0,0,0,0,0,0,0,0,0,0,0,0,0.0,0.0,0.0,0.0,0.0,1.0
145291,5/20/2018,0,Cash loans,F,N,N,0,135000.0,360000.0,33016.5,360000.0,Unaccompanied,Working,Secondary / secondary special,Married,House / apartment,0.02461,-11989,-720,-1996,-1177,,1,1,1,1,1,0,,2.0,2,2,MONDAY,16,0,0,0,0,1,1,Business Entity Type 3,0.084778387,0.323580101,0.374020803,0.1392,0.086,0.9831,0.7688,0.0187,0.0,0.1034,0.1667,0.2083,0.0,0.1135,0.0785,0.0,0.0,0.1418,0.0892,0.9831,0.7779,0.0189,0.0,0.1034,0.1667,0.2083,0.0,0.124,0.0818,0.0,0.0,0.1405,0.086,0.9831,0.7719,0.0188,0.0,0.1034,0.1667,0.2083,0.0,0.1154,0.0799,0.0,0.0,reg oper account,block of flats,0.0617,Panel,No,0.0,0.0,0.0,0.0,-377.0,0,1,0,0,0,0,0,0,0,0,0,0,0,0,0,0,0,0,0,0,0.0,0.0,0.0,0.0,0.0,1.0
109183,1/29/2018,0,Cash loans,F,N,Y,0,315000.0,755190.0,36459.0,675000.0,Unaccompanied,Working,Secondary / secondary special,Civil marriage,House / apartment,0.04622,-13907,-177,-6466,-4184,,1,1,0,1,0,0,,2.0,1,1,SUNDAY,14,0,1,1,0,0,0,Business Entity Type 3,,0.725718174,,0.0825,0.043,0.9876,0.83,0.0231,0.0,0.069,0.1667,0.0417,,0.0672,0.0426,0.0,0.0,0.084,0.0446,0.9876,0.8367,0.0233,0.0,0.069,0.1667,0.0417,,0.0735,0.0444,0.0,0.0,0.0833,0.043,0.9876,0.8323,0.0233,0.0,0.069,0.1667,0.0417,,0.0684,0.0434,0.0,0.0,reg oper account,block of flats,0.0462,Others,No,1.0,1.0,1.0,0.0,-759.0,0,1,0,0,0,0,0,0,0,0,0,0,0,0,0,0,0,0,0,0,,,,,,
118338,2/25/2018,0,Cash loans,M,N,Y,3,184500.0,239850.0,25830.0,225000.0,Family,Working,Secondary / secondary special,Married,House / apartment,0.020246,-13139,-1563,-4936,-3952,,1,1,1,1,1,0,Laborers,5.0,3,3,SATURDAY,10,0,0,0,0,1,1,Industry: type 9,0.208441006,0.36805753,0.470456116,,,,,,,,,,,,,,,,,,,,,,,,,,,,,,,,,,,,,,,,,,,,,,,,0.0,0.0,0.0,0.0,-394.0,0,1,0,0,0,0,0,0,0,0,0,0,0,0,0,0,0,0,0,0,0.0,0.0,0.0,0.0,0.0,0.0
109616,1/30/2018,0,Cash loans,F,N,Y,0,112500.0,673875.0,21865.5,562500.0,Unaccompanied,Pensioner,Secondary / secondary special,Married,House / apartment,0.006008,-23454,365243,-11281,-4669,,1,0,0,1,0,0,,2.0,2,2,TUESDAY,11,0,0,0,0,0,0,XNA,,0.711293298,,0.1814,0.0797,0.9841,0.7824,0.0962,0.1732,0.1952,0.2775,0.3192,0.1448,0.1003,0.1848,0.0141,0.0259,0.084,0.0282,0.9826,0.7713,0.0413,0.0,0.1379,0.3333,0.375,0.0766,0.0735,0.0861,0.0039,0.0,0.204,0.0884,0.9846,0.792,0.1145,0.24,0.2069,0.3333,0.375,0.1755,0.0701,0.1969,0.0155,0.0049,reg oper account,block of flats,0.1931,Panel,No,2.0,1.0,2.0,1.0,0.0,0,1,0,0,0,0,0,0,0,0,0,0,0,0,0,0,0,0,0,0,,,,,,
115722,2/18/2018,0,Cash loans,F,N,Y,0,270000.0,900000.0,29875.5,900000.0,Unaccompanied,Commercial associate,Higher education,Separated,House / apartment,0.026392,-16517,-598,-10577,-66,,1,1,0,1,0,0,Accountants,1.0,2,2,FRIDAY,18,0,0,0,0,0,0,Trade: type 2,0.885616733,0.245349553,0.209154699,0.0711,0.1066,0.9826,,,0.0,0.2069,0.1667,,,,0.0688,,0.0344,0.0725,0.1106,0.9826,,,0.0,0.2069,0.1667,,,,0.0717,,0.0364,0.0718,0.1066,0.9826,,,0.0,0.2069,0.1667,,,,0.0701,,0.0351,,block of flats,0.0616,"Stone, brick",No,0.0,0.0,0.0,0.0,-1135.0,0,1,0,0,0,0,0,0,0,0,0,0,0,0,0,0,0,0,0,0,0.0,0.0,0.0,0.0,0.0,0.0
152855,6/12/2018,0,Cash loans,F,N,Y,0,270000.0,663669.0,28030.5,504000.0,Unaccompanied,Commercial associate,Secondary / secondary special,Civil marriage,Municipal apartment,0.04622,-15260,-2519,-9944,-1189,,1,1,0,1,1,0,Private service staff,2.0,1,1,WEDNESDAY,9,0,0,0,0,0,0,Business Entity Type 3,,0.762288148,,0.1113,0.0735,0.9831,,,0.12,0.1034,0.3333,,0.0737,,0.1048,,0.1551,0.1134,0.0763,0.9752,,,0.1208,0.1034,0.3333,,0.0754,,0.1092,,0.1642,0.1124,0.0735,0.9831,,,0.12,0.1034,0.3333,,0.075,,0.1067,,0.1583,,block of flats,0.0584,Panel,No,0.0,0.0,0.0,0.0,-1165.0,0,0,0,0,0,0,0,1,0,0,0,0,0,0,0,0,0,0,0,0,,,,,,
147717,5/27/2018,1,Cash loans,F,N,Y,0,90000.0,416052.0,15813.0,292500.0,Unaccompanied,State servant,Higher education,Married,House / apartment,0.020246,-14637,-717,-6041,-1819,,1,1,0,1,1,0,,2.0,3,3,TUESDAY,12,0,0,0,0,0,0,Government,0.477960319,0.523901321,0.431191798,,,,,,,,,,,,,,,,,,,,,,,,,,,,,,,,,,,,,,,,,,,,,,,,1.0,0.0,1.0,0.0,-322.0,0,1,0,0,0,0,0,0,0,0,0,0,0,0,0,0,0,0,0,0,0.0,0.0,0.0,0.0,0.0,6.0
148978,5/31/2018,0,Cash loans,F,N,Y,2,117000.0,101880.0,10206.0,90000.0,Unaccompanied,Working,Secondary / secondary special,Married,House / apartment,0.016612,-14488,-3223,-2221,-2375,,1,1,0,1,1,0,,4.0,2,2,FRIDAY,16,0,0,0,0,0,0,Industry: type 3,0.441373848,0.680981886,,,,,,,,,,,,,,,,,,,,,,,,,,,,,,,,,,,,,,,,,,,,,,,,,0.0,0.0,0.0,0.0,-479.0,0,1,0,0,0,0,0,0,0,0,0,0,0,0,0,0,0,0,0,0,,,,,,
156812,6/24/2018,0,Cash loans,F,N,Y,0,247500.0,1467612.0,62181.0,1350000.0,Unaccompanied,Pensioner,Secondary / secondary special,Civil marriage,House / apartment,0.04622,-20950,365243,-12013,-4066,,1,0,0,1,0,0,,2.0,1,1,FRIDAY,11,0,0,0,0,0,0,XNA,,0.450622342,,,,,,,,,,,,,,,,,,,,,,,,,,,,,,,,,,,,,,,,,,,,,,,,,3.0,0.0,3.0,0.0,-658.0,0,0,0,0,1,0,0,0,0,0,0,0,0,0,0,0,0,0,0,0,,,,,,
130624,4/4/2018,0,Cash loans,M,N,N,0,45000.0,207396.0,10602.0,157500.0,Unaccompanied,Pensioner,Secondary / secondary special,Married,House / apartment,0.035792,-23527,365243,-6938,-4427,,1,0,0,1,0,0,,2.0,2,2,THURSDAY,9,0,0,0,0,0,0,XNA,,0.68577958,,,,,,,,,,,,,,,,,,,,,,,,,,,,,,,,,,,,,,,,,,,,,,,,,1.0,0.0,1.0,0.0,-2737.0,0,0,0,1,0,0,0,0,0,0,0,0,0,0,0,0,0,0,0,0,,,,,,
126969,3/24/2018,0,Cash loans,M,Y,Y,0,112500.0,1242576.0,47457.0,1143000.0,Family,Pensioner,Secondary / secondary special,Married,House / apartment,0.020713,-23150,365243,-7909,-4028,17.0,1,0,0,1,0,0,,2.0,3,3,TUESDAY,7,0,0,0,0,0,0,XNA,,0.553362527,,,,,,,,,,,,,,,,,,,,,,,,,,,,,,,,,,,,,,,,,,,,,,,,,2.0,0.0,2.0,0.0,-532.0,0,1,0,0,0,0,0,0,0,0,0,0,0,0,0,0,0,0,0,0,,,,,,
101824,1/6/2018,0,Cash loans,F,Y,Y,1,270000.0,805072.5,28917.0,679500.0,"Spouse, partner",Commercial associate,Higher education,Married,House / apartment,0.00733,-12784,-2333,-6875,-3453,10.0,1,1,0,1,1,0,High skill tech staff,3.0,2,2,WEDNESDAY,18,0,0,0,0,0,0,Postal,0.464626621,0.791410563,,0.0351,0.0323,0.9722,0.6192,0.0037,0.0,0.069,0.1667,0.0417,0.035,,0.0247,,0.0371,0.0357,0.0335,0.9722,0.6341,0.0038,0.0,0.069,0.1667,0.0417,0.0358,,0.0258,,0.0392,0.0354,0.0323,0.9722,0.6243,0.0037,0.0,0.069,0.1667,0.0417,0.0356,,0.0252,,0.0379,,block of flats,0.0406,"Stone, brick",No,0.0,0.0,0.0,0.0,-1610.0,0,1,0,0,0,0,0,0,0,0,0,0,0,0,0,0,0,0,0,0,,,,,,
148481,5/30/2018,0,Cash loans,M,N,Y,0,315000.0,1006920.0,42660.0,900000.0,Unaccompanied,Working,Secondary / secondary special,Married,Municipal apartment,0.04622,-17754,-629,-2917,-1303,,1,1,1,1,1,0,Laborers,2.0,1,1,SUNDAY,14,0,0,0,0,0,0,Business Entity Type 3,,0.733367735,0.529889834,,,,,,,,,,,,,,,,,,,,,,,,,,,,,,,,,,,,,,,,,,,,,,,,0.0,0.0,0.0,0.0,-2550.0,0,1,0,0,0,0,0,0,0,0,0,0,0,0,0,0,0,0,0,0,0.0,0.0,0.0,0.0,1.0,1.0
102290,1/7/2018,0,Cash loans,M,Y,Y,0,234000.0,1288350.0,37800.0,1125000.0,Unaccompanied,Commercial associate,Secondary / secondary special,Married,House / apartment,0.019689,-21329,-5323,-188,-4861,2.0,1,1,1,1,1,0,,2.0,2,2,THURSDAY,9,0,0,0,0,0,0,Business Entity Type 3,,0.496585127,0.397946322,,,,,,,,,,,,,,,,,,,,,,,,,,,,,,,,,,,,,,,,,,,,,,,,1.0,0.0,1.0,0.0,-617.0,0,0,0,0,0,0,1,0,0,0,0,0,0,0,0,0,0,0,0,0,0.0,0.0,0.0,0.0,0.0,0.0
118421,2/26/2018,0,Cash loans,F,N,Y,0,202500.0,646920.0,20997.0,540000.0,Unaccompanied,Working,Secondary / secondary special,Civil marriage,House / apartment,0.019101,-13623,-4386,-7706,-3978,,1,1,0,1,0,0,Cooking staff,2.0,2,2,MONDAY,13,0,0,0,1,1,0,Business Entity Type 3,0.515685594,0.578273015,0.670651753,0.0082,0.0186,0.9742,0.6464,0.0115,0.0,0.0345,0.0417,0.0833,0.0147,0.0067,0.0055,0.0,0.0,0.0084,0.0193,0.9742,0.6602,0.0116,0.0,0.0345,0.0417,0.0833,0.015,0.0073,0.0058,0.0,0.0,0.0083,0.0186,0.9742,0.6511,0.0116,0.0,0.0345,0.0417,0.0833,0.0149,0.0068,0.0056,0.0,0.0,reg oper account,block of flats,0.011,"Stone, brick",No,0.0,0.0,0.0,0.0,-1531.0,0,1,0,0,0,0,0,0,0,0,0,0,0,0,0,0,0,0,0,0,0.0,0.0,0.0,0.0,0.0,3.0
140326,5/4/2018,0,Cash loans,F,N,N,0,225000.0,630000.0,34308.0,630000.0,Unaccompanied,Working,Lower secondary,Married,House / apartment,0.01885,-15217,-1238,-4589,-4146,,1,1,1,1,0,0,Laborers,2.0,2,2,TUESDAY,18,1,1,0,1,1,1,Industry: type 3,,0.02005686,0.336061521,,,,,,,,,,,,,,,,,,,,,,,,,,,,,,,,,,,,,,,,,,,,,,,,0.0,0.0,0.0,0.0,-837.0,0,1,0,0,0,0,0,0,0,0,0,0,0,0,0,0,0,0,0,0,0.0,0.0,0.0,0.0,1.0,4.0
138638,4/29/2018,0,Cash loans,F,N,Y,0,135000.0,679500.0,28917.0,679500.0,Unaccompanied,Pensioner,Secondary / secondary special,Married,House / apartment,0.026392,-21483,365243,-5834,-4710,,1,0,0,1,1,0,,2.0,2,2,FRIDAY,14,0,0,0,0,0,0,XNA,,0.610030432,0.862510303,0.0835,,0.9732,,,0.0,0.1379,0.1667,,,,0.0642,,0.0206,0.0851,,0.9732,,,0.0,0.1379,0.1667,,,,0.0669,,0.0218,0.0843,,0.9732,,,0.0,0.1379,0.1667,,,,0.0654,,0.0211,,block of flats,0.055,"Stone, brick",No,1.0,0.0,1.0,0.0,-593.0,0,0,0,0,1,0,0,0,0,0,0,0,0,0,0,0,0,0,0,0,1.0,0.0,0.0,11.0,0.0,1.0
152471,6/11/2018,0,Cash loans,M,N,Y,2,180000.0,509400.0,40374.0,450000.0,Unaccompanied,Commercial associate,Secondary / secondary special,Single / not married,House / apartment,0.072508,-10951,-1405,-4185,-2342,,1,1,0,1,0,0,Drivers,3.0,1,1,MONDAY,15,0,0,0,0,0,0,Business Entity Type 3,,0.61665797,0.45432106,0.2759,0.107,0.9921,0.8912,0.1384,0.32,0.1379,0.6667,0.0417,0.0,0.2233,0.2545,0.0154,0.0167,0.3529,0.0595,0.9926,0.902,0.0,0.4028,0.1724,0.6667,0.0417,0.0,0.3076,0.1444,0.0156,0.009,0.3497,0.1318,0.9925,0.8994,0.2087,0.4,0.1724,0.6667,0.0417,0.0,0.2865,0.3179,0.0155,0.0087,,block of flats,0.2474,Panel,No,0.0,0.0,0.0,0.0,-580.0,0,0,0,0,0,0,1,0,0,0,0,0,0,0,0,0,0,0,0,0,0.0,0.0,0.0,1.0,0.0,6.0
135133,4/18/2018,0,Cash loans,F,N,Y,0,126000.0,765000.0,30339.0,765000.0,Unaccompanied,State servant,Higher education,Married,House / apartment,0.015221,-19906,-2822,-3082,-3432,,1,1,1,1,1,0,Core staff,2.0,2,2,FRIDAY,9,0,0,0,0,0,0,Advertising,,0.570800294,0.45969045,0.0598,0.0505,0.9762,0.6736,,0.0,0.1034,0.1667,,0.036,,0.0489,,0.0,0.0609,0.0525,0.9762,0.6864,,0.0,0.1034,0.1667,,0.0368,,0.0509,,0.0,0.0604,0.0505,0.9762,0.678,,0.0,0.1034,0.1667,,0.0366,,0.0498,,0.0,,block of flats,0.0501,"Stone, brick",No,0.0,0.0,0.0,0.0,-1555.0,0,1,0,0,0,0,0,0,0,0,0,0,0,0,0,0,0,0,0,0,0.0,0.0,0.0,0.0,0.0,0.0
147070,5/25/2018,0,Cash loans,F,N,N,0,157500.0,808650.0,21460.5,675000.0,Unaccompanied,Pensioner,Secondary / secondary special,Single / not married,House / apartment,0.006671,-21001,365243,-329,-4422,,1,0,0,1,0,0,,1.0,2,2,TUESDAY,17,0,0,0,0,0,0,XNA,,0.666855517,0.551381262,,,,,,,,,,,,,,,,,,,,,,,,,,,,,,,,,,,,,,,,,,,,,,,,0.0,0.0,0.0,0.0,-1838.0,0,1,0,0,0,0,0,0,0,0,0,0,0,0,0,0,0,0,0,0,0.0,0.0,0.0,0.0,1.0,1.0
104306,1/14/2018,0,Cash loans,M,Y,Y,0,135000.0,152820.0,18135.0,135000.0,Unaccompanied,Commercial associate,Higher education,Single / not married,Rented apartment,0.030755,-10179,-1661,-4303,-2843,8.0,1,1,0,1,0,0,Drivers,1.0,2,2,WEDNESDAY,12,0,0,0,1,1,1,Business Entity Type 3,0.228822716,0.698825797,,,,,,,,,,,,,,,,,,,,,,,,,,,,,,,,,,,,,,,,,,,,,,,,,0.0,0.0,0.0,0.0,-716.0,0,1,0,0,0,0,0,0,0,0,0,0,0,0,0,0,0,0,0,0,0.0,0.0,0.0,0.0,0.0,0.0
149781,6/3/2018,0,Cash loans,M,Y,Y,0,135000.0,405000.0,19008.0,405000.0,Family,Working,Secondary / secondary special,Married,House / apartment,0.028663,-11027,-129,-4724,-3647,1.0,1,1,0,1,0,0,Laborers,2.0,2,2,FRIDAY,13,0,1,1,1,1,1,Construction,,0.223593192,0.424130311,,,,,,,,,,,,,,,,,,,,,,,,,,,,,,,,,,,,,,,,,,,,,,,,5.0,1.0,5.0,1.0,-730.0,0,1,0,0,0,0,0,0,0,0,0,0,0,0,0,0,0,0,0,0,0.0,0.0,0.0,0.0,0.0,1.0
111383,2/4/2018,0,Cash loans,M,Y,Y,2,315000.0,229500.0,26023.5,229500.0,Unaccompanied,Commercial associate,Secondary / secondary special,Married,Municipal apartment,0.04622,-15309,-1976,-7884,-4429,5.0,1,1,0,1,0,0,Drivers,4.0,1,1,THURSDAY,19,0,0,0,0,1,1,Transport: type 3,,0.685680616,0.69562193,0.2227,0.1522,0.9796,0.7212,0.4225,0.16,0.1379,0.3333,0.0417,0.0,0.1816,0.2121,0.0,0.2246,0.2269,0.1579,0.9796,0.7321,0.4263,0.1611,0.1379,0.3333,0.0417,0.0,0.1983,0.221,0.0,0.2378,0.2248,0.1522,0.9796,0.7249,0.4252,0.16,0.1379,0.3333,0.0417,0.0,0.1847,0.2159,0.0,0.2293,reg oper account,block of flats,0.231,Panel,No,0.0,0.0,0.0,0.0,-1222.0,0,0,0,0,0,0,1,0,0,0,0,0,0,0,0,0,0,0,0,0,0.0,0.0,0.0,0.0,0.0,1.0
150541,6/5/2018,0,Cash loans,M,Y,Y,0,112500.0,225000.0,21919.5,225000.0,Unaccompanied,Working,Secondary / secondary special,Married,House / apartment,0.030755,-20165,-387,-5624,-3294,10.0,1,1,1,1,1,0,Drivers,2.0,2,2,SATURDAY,12,0,0,0,0,0,0,Transport: type 4,,0.697341742,0.531686143,,,,,,,,,,,,,,,,,,,,,,,,,,,,,,,,,,,,,,,,,,,,,,,,0.0,0.0,0.0,0.0,-1757.0,0,1,0,0,0,0,0,0,0,0,0,0,0,0,0,0,0,0,0,0,0.0,0.0,0.0,0.0,0.0,2.0
145361,5/20/2018,0,Revolving loans,F,Y,Y,0,315000.0,180000.0,9000.0,180000.0,Unaccompanied,Commercial associate,Higher education,Single / not married,House / apartment,0.072508,-11461,-159,-664,-3901,1.0,1,1,1,1,1,0,Sales staff,1.0,1,1,THURSDAY,15,0,0,0,0,0,0,Business Entity Type 3,0.617914081,0.733162438,0.071532676,0.132,0.0581,0.994,0.9184,0.0404,0.16,0.069,0.6667,0.7083,0.0,0.1076,0.1508,0.0,0.0053,0.1345,0.0602,0.994,0.9216,0.0408,0.1611,0.069,0.6667,0.7083,0.0,0.1175,0.1571,0.0,0.0056,0.1332,0.0581,0.994,0.9195,0.0407,0.16,0.069,0.6667,0.7083,0.0,0.1095,0.1535,0.0,0.0054,not specified,block of flats,0.1186,Panel,No,2.0,1.0,2.0,1.0,-456.0,0,0,0,0,0,0,0,0,0,0,0,0,0,0,0,0,0,0,0,0,0.0,0.0,0.0,2.0,0.0,0.0
118946,2/27/2018,0,Cash loans,F,Y,Y,0,144000.0,512446.5,28741.5,463500.0,Unaccompanied,Pensioner,Higher education,Single / not married,House / apartment,0.0228,-23255,365243,-485,-4581,65.0,1,0,0,1,1,0,,1.0,2,2,SATURDAY,10,0,0,0,0,0,0,XNA,0.736713628,0.498400089,0.832785025,0.1474,0.0565,0.997,0.9592,0.0577,0.24,0.1034,0.4583,0.5,0.0742,0.1135,0.1463,0.0309,0.0368,0.1502,0.0587,0.997,0.9608,0.0582,0.2417,0.1034,0.4583,0.5,0.0759,0.124,0.1524,0.0311,0.0389,0.1489,0.0565,0.997,0.9597,0.058,0.24,0.1034,0.4583,0.5,0.0755,0.1154,0.1489,0.0311,0.0375,reg oper account,block of flats,0.1545,Panel,No,10.0,0.0,9.0,0.0,-1729.0,0,0,0,0,1,0,0,0,0,0,0,0,0,0,0,0,0,0,0,0,0.0,0.0,0.0,0.0,1.0,0.0
118715,2/27/2018,0,Cash loans,F,N,Y,0,72000.0,270000.0,29209.5,270000.0,Unaccompanied,Working,Secondary / secondary special,Married,House / apartment,0.030755,-15040,-1013,-2629,-410,,1,1,0,1,0,0,Core staff,2.0,2,2,MONDAY,11,0,0,0,0,0,0,Kindergarten,,0.6429926,0.619527708,,,,,,,,,,,,,,,,,,,,,,,,,,,,,,,,,,,,,,,,,,,,,,,,0.0,0.0,0.0,0.0,-733.0,0,1,0,0,0,0,0,0,0,0,0,0,0,0,0,0,0,0,0,0,0.0,0.0,0.0,1.0,0.0,1.0
114497,2/14/2018,0,Cash loans,F,Y,N,1,58500.0,1078200.0,31653.0,900000.0,Children,Working,Secondary / secondary special,Married,House / apartment,0.035792,-13695,-2080,-4216,-4325,9.0,1,1,0,1,0,0,Laborers,3.0,2,2,THURSDAY,10,0,0,0,0,0,0,Trade: type 7,0.55931814,0.748599371,0.824594971,,,,,,,,,,,,,,,,,,,,,,,,,,,,,,,,,,,,,,,,,,,,,,,,0.0,0.0,0.0,0.0,-1472.0,0,1,0,0,0,0,0,0,0,0,0,0,0,0,0,0,0,0,0,0,0.0,0.0,0.0,0.0,0.0,3.0
148523,5/30/2018,0,Cash loans,F,N,N,0,189000.0,760225.5,51138.0,679500.0,Unaccompanied,Pensioner,Secondary / secondary special,Married,House / apartment,0.002042,-21615,365243,-632,-4472,,1,0,0,1,0,0,,2.0,3,3,WEDNESDAY,10,0,0,0,0,0,0,XNA,,0.52875333,0.556727426,,,,,,,,,,,,,,,,,,,,,,,,,,,,,,,,,,,,,,,,,,,,,,,,0.0,0.0,0.0,0.0,-232.0,0,0,0,0,1,0,0,0,0,0,0,0,0,0,0,0,0,0,0,0,0.0,0.0,0.0,0.0,2.0,1.0
154581,6/17/2018,1,Revolving loans,F,N,N,1,99000.0,135000.0,6750.0,135000.0,Unaccompanied,Working,Secondary / secondary special,Married,With parents,0.006852,-8167,-530,-2991,-847,,1,1,1,1,0,0,,3.0,3,3,WEDNESDAY,9,0,0,0,0,0,0,Medicine,0.177674151,0.17191147,0.401407414,,,,,,,,,,,,,,,,,,,,,,,,,,,,,,,,,,,,,,,,,,,,,,,,0.0,0.0,0.0,0.0,-701.0,0,0,0,0,0,0,0,0,0,0,0,0,0,0,0,0,0,0,0,0,0.0,0.0,0.0,0.0,0.0,1.0
104348,1/14/2018,0,Cash loans,F,Y,Y,0,270000.0,929623.5,62505.0,877500.0,Unaccompanied,Working,Secondary / secondary special,Single / not married,House / apartment,0.04622,-19065,-2031,-727,-2617,3.0,1,1,0,1,0,0,Sales staff,1.0,1,1,MONDAY,15,0,0,0,0,0,0,Self-employed,0.686896408,0.506528986,0.785052026,,,,,,,,,,,,,,,,,,,,,,,,,,,,,,,,,,,,,,,,,,,,,,,,0.0,0.0,0.0,0.0,-908.0,0,1,0,0,0,0,0,0,0,0,0,0,0,0,0,0,0,0,0,0,0.0,0.0,0.0,0.0,0.0,2.0
144420,5/17/2018,0,Revolving loans,F,N,Y,0,90000.0,180000.0,9000.0,180000.0,Unaccompanied,Commercial associate,Higher education,Single / not married,With parents,0.018029,-8918,-493,-3763,-1578,,1,1,0,1,1,0,,1.0,3,3,SATURDAY,10,0,0,0,0,0,0,Business Entity Type 3,,0.44383792,0.50648424,0.0258,,0.9916,0.8776,,0.04,0.0345,0.2917,0.3333,,0.0202,0.0617,0.0039,0.0598,0.0263,,0.9916,0.8824,,0.0403,0.0345,0.2917,0.3333,,0.022,0.0643,0.0039,0.0633,0.026,,0.9916,0.8792,,0.04,0.0345,0.2917,0.3333,,0.0205,0.0628,0.0039,0.061,reg oper spec account,block of flats,0.0615,"Stone, brick",No,0.0,0.0,0.0,0.0,-376.0,0,0,0,1,0,0,0,0,0,0,0,0,0,0,0,0,0,0,0,0,0.0,0.0,0.0,0.0,0.0,0.0
154324,6/17/2018,0,Cash loans,F,N,Y,1,112500.0,538389.0,46336.5,477000.0,Family,Working,Higher education,Married,House / apartment,0.005002,-14046,-1842,-2117,-2132,,1,1,0,1,0,1,Managers,3.0,3,3,FRIDAY,16,0,0,0,0,0,0,Business Entity Type 3,0.558381057,0.314346197,,0.0629,,0.9737,,,0.0,0.1379,0.1667,0.2083,0.0247,,0.0505,,0.0523,0.0641,,0.9737,,,0.0,0.1379,0.1667,0.2083,0.0252,,0.0526,,0.0553,0.0635,,0.9737,,,0.0,0.1379,0.1667,0.2083,0.0251,,0.0514,,0.0534,org spec account,block of flats,0.0504,"Stone, brick",No,0.0,0.0,0.0,0.0,-546.0,0,1,0,0,0,0,0,0,0,0,0,0,0,0,0,0,0,0,0,0,,,,,,
142363,5/11/2018,0,Cash loans,M,Y,Y,0,180000.0,166500.0,8631.0,166500.0,Group of people,Working,Secondary / secondary special,Married,House / apartment,0.035792,-17554,-777,-8778,-1114,5.0,1,1,1,1,1,0,Drivers,2.0,2,2,TUESDAY,14,0,0,0,0,1,1,Self-employed,0.410825852,0.669880029,0.799296783,,,,,,,,,,,,,,,,,,,,,,,,,,,,,,,,,,,,,,,,,,,,,,,,0.0,0.0,0.0,0.0,-2914.0,0,1,0,0,0,0,0,0,0,0,0,0,0,0,0,0,0,0,0,0,0.0,0.0,0.0,0.0,0.0,0.0
148479,5/30/2018,0,Cash loans,M,Y,N,0,157500.0,1560726.0,41170.5,1395000.0,Unaccompanied,Working,Higher education,Married,House / apartment,0.035792,-18764,-2048,-10103,-2317,2.0,1,1,1,1,1,0,Drivers,2.0,2,2,FRIDAY,9,0,0,0,0,1,1,Business Entity Type 3,,0.719498529,0.84066656,,,,,,,,,,,,,,,,,,,,,,,,,,,,,,,,,,,,,,,,,,,,,,,,1.0,0.0,1.0,0.0,-1210.0,0,1,0,0,0,0,0,0,0,0,0,0,0,0,0,0,0,0,0,0,0.0,0.0,0.0,0.0,0.0,3.0
147168,5/26/2018,0,Cash loans,M,Y,Y,0,247500.0,942300.0,30528.0,675000.0,Unaccompanied,Working,Higher education,Civil marriage,House / apartment,0.020713,-23647,-2086,-9019,-3425,17.0,1,1,0,1,0,0,Managers,2.0,3,2,MONDAY,13,0,0,0,0,0,0,Business Entity Type 3,,0.47194793,,0.1918,0.2113,0.9876,0.83,0.1786,0.2,0.1724,0.375,0.4167,0.1106,0.1547,0.2098,0.0077,0.1241,0.1954,0.2192,0.9876,0.8367,0.1802,0.2014,0.1724,0.375,0.4167,0.1131,0.169,0.2186,0.0078,0.1314,0.1936,0.2113,0.9876,0.8323,0.1798,0.2,0.1724,0.375,0.4167,0.1125,0.1573,0.2136,0.0078,0.1267,reg oper account,block of flats,0.192,Panel,No,0.0,0.0,0.0,0.0,-1537.0,0,1,0,0,0,0,0,0,0,0,0,0,0,0,0,0,0,0,0,0,0.0,0.0,0.0,0.0,0.0,5.0
129929,4/2/2018,0,Cash loans,F,Y,N,3,202500.0,900000.0,35694.0,900000.0,Unaccompanied,Working,Secondary / secondary special,Married,With parents,0.010006,-12326,-3248,-4294,-1240,10.0,1,1,1,1,0,0,Laborers,5.0,2,2,TUESDAY,13,0,0,0,1,1,0,Industry: type 9,,0.478721186,0.382501804,0.0124,,0.9881,,,,0.1034,0.0417,,0.0124,,,,0.0064,0.0126,,0.9881,,,,0.1034,0.0417,,0.0127,,,,0.0068,0.0125,,0.9881,,,,0.1034,0.0417,,0.0126,,,,0.0066,,block of flats,0.0128,Wooden,No,0.0,0.0,0.0,0.0,-1903.0,0,1,0,0,0,0,0,0,0,0,0,0,0,0,0,0,0,0,0,0,0.0,0.0,0.0,2.0,0.0,1.0
121554,3/7/2018,0,Cash loans,F,N,N,0,166500.0,450000.0,20979.0,450000.0,Family,Working,Secondary / secondary special,Single / not married,With parents,0.008019,-9798,-2316,-4303,-2489,,1,1,0,1,0,0,,1.0,2,2,FRIDAY,11,1,1,0,1,1,0,Business Entity Type 3,,0.30817704,0.093836597,0.0124,,0.9692,,,0.0,0.069,0.0417,,0.0086,,0.016,,0.0049,0.0126,,0.9692,,,0.0,0.069,0.0417,,0.0087,,0.0166,,0.0052,0.0125,,0.9692,,,0.0,0.069,0.0417,,0.0087,,0.0163,,0.005,,block of flats,0.0131,"Stone, brick",No,1.0,0.0,1.0,0.0,-1849.0,0,1,0,0,0,0,0,0,0,0,0,0,0,0,0,0,0,0,0,0,0.0,0.0,0.0,0.0,0.0,1.0
128903,3/30/2018,0,Cash loans,M,Y,Y,1,180000.0,315000.0,25254.0,315000.0,Unaccompanied,Working,Higher education,Married,House / apartment,0.035792,-11706,-510,-966,-4144,7.0,1,1,1,1,0,0,Sales staff,3.0,2,2,FRIDAY,10,0,0,0,0,1,1,Self-employed,0.340074793,0.623252707,0.517296581,,,,,,,,,,,,,,,,,,,,,,,,,,,,,,,,,,,,,,,,,,,,,,,,0.0,0.0,0.0,0.0,0.0,0,0,0,0,0,0,1,0,0,0,0,0,0,0,0,0,0,0,0,0,0.0,0.0,0.0,0.0,0.0,0.0
127115,3/24/2018,0,Cash loans,M,Y,N,1,405000.0,545040.0,36553.5,450000.0,Unaccompanied,Working,Secondary / secondary special,Married,House / apartment,0.072508,-15770,-5338,-5047,-859,8.0,1,1,0,1,1,0,Drivers,3.0,1,1,WEDNESDAY,14,0,0,0,0,0,0,Business Entity Type 3,0.659017136,0.69484833,0.425892898,0.0825,0.0243,0.9742,,,0.0,0.1379,0.1667,,,,0.0414,,,0.084,0.0252,0.9742,,,0.0,0.1379,0.1667,,,,0.0431,,,0.0833,0.0243,0.9742,,,0.0,0.1379,0.1667,,,,0.0421,,,,block of flats,0.0533,"Stone, brick",No,0.0,0.0,0.0,0.0,-2607.0,0,0,0,0,0,0,1,0,0,0,0,0,0,0,0,0,0,0,0,0,0.0,0.0,0.0,0.0,0.0,3.0
150393,6/5/2018,0,Cash loans,F,N,Y,0,202500.0,225000.0,23755.5,225000.0,Unaccompanied,Commercial associate,Incomplete higher,Single / not married,House / apartment,0.026392,-8202,-938,-3038,-875,,1,1,0,1,0,0,Sales staff,1.0,2,2,WEDNESDAY,18,0,0,0,1,1,0,Other,,0.636157308,0.067339509,,,,,,,,,,,,,,,,,,,,,,,,,,,,,,,,,,,,,,,,,,,,,,,,0.0,0.0,0.0,0.0,-1265.0,0,1,0,0,0,0,0,0,0,0,0,0,0,0,0,0,0,0,0,0,0.0,0.0,0.0,0.0,0.0,1.0
111823,2/6/2018,0,Cash loans,F,N,Y,0,112500.0,1125000.0,29677.5,1125000.0,Unaccompanied,Working,Higher education,Married,House / apartment,0.019101,-18410,-777,-6568,-1958,,1,1,1,1,1,0,Core staff,2.0,2,2,SUNDAY,13,0,0,0,0,0,0,Self-employed,0.872386339,0.733149603,0.700183851,0.0908,0.0483,0.9856,0.8028,0.019,0.1212,0.1045,0.3404,0.375,0.0138,0.0769,0.0809,0.003,0.0459,0.1134,0.0458,0.9861,0.8171,0.0164,0.1208,0.1034,0.3333,0.375,0.0107,0.0992,0.0431,0.0,0.0,0.0963,0.0476,0.9861,0.8121,0.019,0.12,0.1034,0.3333,0.375,0.0145,0.0872,0.0804,0.0,0.0034,reg oper account,block of flats,0.0368,Panel,No,0.0,0.0,0.0,0.0,-529.0,0,1,0,0,0,0,0,0,0,0,0,0,0,0,0,0,0,0,0,0,0.0,0.0,0.0,0.0,0.0,0.0
127253,3/25/2018,0,Revolving loans,M,Y,N,2,144000.0,157500.0,7875.0,157500.0,Unaccompanied,Working,Secondary / secondary special,Married,House / apartment,0.026392,-11008,-2691,-4508,-3476,13.0,1,1,1,1,0,0,Laborers,4.0,2,2,WEDNESDAY,18,0,0,0,1,1,0,Business Entity Type 2,0.55318925,0.727061127,0.754406173,,,,,,,,,,,,,,,,,,,,,,,,,,,,,,,,,,,,,,,,,,,,,,,,5.0,0.0,5.0,0.0,-1345.0,0,0,0,0,0,0,0,0,0,0,0,0,0,0,0,0,0,0,0,0,0.0,0.0,0.0,0.0,0.0,0.0
134520,4/16/2018,0,Cash loans,F,N,N,2,112500.0,814041.0,23931.0,679500.0,Unaccompanied,Working,Secondary / secondary special,Separated,House / apartment,0.006207,-14307,-188,-5857,-4043,,1,1,0,1,0,0,Laborers,3.0,2,2,WEDNESDAY,17,0,0,0,1,1,0,Business Entity Type 2,0.29760299,0.685077044,0.519097338,,,,,,,,,,,,,,,,,,,,,,,,,,,,,,,,,,,,,,,,,,,,,,,,0.0,0.0,0.0,0.0,0.0,0,1,0,0,0,0,0,0,0,0,0,0,0,0,0,0,0,0,0,0,0.0,0.0,0.0,1.0,0.0,1.0
105178,1/16/2018,0,Cash loans,M,Y,Y,0,180000.0,225000.0,10296.0,225000.0,Unaccompanied,Working,Higher education,Single / not married,House / apartment,0.018634,-10573,-382,-3739,-3236,4.0,1,1,0,1,0,0,Sales staff,1.0,2,2,THURSDAY,14,0,0,0,0,0,0,Other,,0.358462887,0.3392877,,,,,,,,,,,,,,,,,,,,,,,,,,,,,,,,,,,,,,,,,,,,,,,,3.0,1.0,3.0,1.0,-1592.0,0,0,0,0,0,0,1,0,0,0,0,0,0,0,0,0,0,0,0,0,0.0,0.0,0.0,0.0,1.0,3.0
150197,6/4/2018,0,Cash loans,F,N,Y,1,126000.0,1002870.0,39901.5,922500.0,Unaccompanied,Working,Secondary / secondary special,Married,House / apartment,0.010032,-20000,-1509,-11282,-2867,,1,1,0,1,0,0,Cooking staff,3.0,2,2,SUNDAY,5,0,0,0,0,0,0,Business Entity Type 3,,0.657443878,0.798137231,0.0165,0.0,0.9642,0.5104,0.0035,0.0,0.1034,0.0417,0.0833,0.0189,0.0134,0.0177,0.0,0.0,0.0168,0.0,0.9643,0.5296,0.0035,0.0,0.1034,0.0417,0.0833,0.0194,0.0147,0.0184,0.0,0.0,0.0167,0.0,0.9642,0.5169,0.0035,0.0,0.1034,0.0417,0.0833,0.0193,0.0137,0.018,0.0,0.0,reg oper account,block of flats,0.0158,"Stone, brick",No,1.0,0.0,1.0,0.0,-625.0,0,1,0,0,0,0,0,0,0,0,0,0,0,0,0,0,0,0,0,0,1.0,0.0,1.0,3.0,0.0,3.0
130026,4/2/2018,0,Cash loans,M,N,N,0,202500.0,545040.0,25407.0,450000.0,Unaccompanied,Working,Secondary / secondary special,Single / not married,With parents,0.025164,-16273,-276,-2147,-2147,,1,1,1,1,1,0,Drivers,1.0,2,2,SUNDAY,11,0,0,0,0,0,0,Self-employed,0.53877666,0.559369777,0.425892898,0.1134,,0.9786,,,0.08,0.0345,0.5417,,,,0.1034,,0.0137,0.1155,,0.9786,,,0.0806,0.0345,0.5417,,,,0.1078,,0.0145,0.1145,,0.9786,,,0.08,0.0345,0.5417,,,,0.1053,,0.0139,reg oper account,block of flats,0.1789,"Stone, brick",No,0.0,0.0,0.0,0.0,-562.0,0,0,0,0,0,0,1,0,0,0,0,0,0,0,0,0,0,0,0,0,0.0,0.0,0.0,0.0,0.0,2.0
118811,2/27/2018,0,Cash loans,F,Y,Y,1,112500.0,862560.0,25348.5,720000.0,Unaccompanied,Pensioner,Higher education,Single / not married,Municipal apartment,0.009549,-20528,365243,-9938,-3790,64.0,1,0,0,1,0,0,,2.0,2,2,MONDAY,14,0,0,0,0,0,0,XNA,,0.435520092,0.52629494,0.0588,,0.9707,,,,0.1724,0.125,,,,,,,0.0599,,0.9707,,,,0.1724,0.125,,,,,,,0.0593,,0.9707,,,,0.1724,0.125,,,,,,,,block of flats,0.0732,"Stone, brick",No,1.0,0.0,1.0,0.0,0.0,0,0,0,0,1,0,0,0,0,0,0,0,0,0,0,0,0,0,0,0,0.0,0.0,0.0,0.0,1.0,2.0
109655,1/30/2018,0,Cash loans,F,N,Y,0,157500.0,276813.0,19813.5,256500.0,Unaccompanied,Commercial associate,Secondary / secondary special,Married,House / apartment,0.035792,-24828,-3634,-6521,-4597,,1,1,0,1,0,0,,2.0,2,2,TUESDAY,12,0,0,0,0,1,1,Government,,0.708997696,0.558506628,0.0144,0.0324,0.9911,,,0.0,0.1034,0.0833,,0.1104,,0.0175,,0.0273,0.0147,0.0336,0.9911,,,0.0,0.1034,0.0833,,0.113,,0.0182,,0.0289,0.0146,0.0324,0.9911,,,0.0,0.1034,0.0833,,0.1124,,0.0178,,0.0278,,block of flats,0.0138,Panel,No,0.0,0.0,0.0,0.0,-3288.0,0,1,0,0,0,0,0,0,0,0,0,0,0,0,0,0,0,0,0,0,0.0,0.0,1.0,0.0,0.0,2.0
148558,5/30/2018,0,Revolving loans,M,N,N,0,270000.0,247500.0,12375.0,247500.0,Unaccompanied,Commercial associate,Secondary / secondary special,Married,Municipal apartment,0.018801,-19648,-2698,-8699,-3082,,1,1,0,1,0,0,,2.0,2,2,WEDNESDAY,8,0,0,0,0,0,0,Business Entity Type 3,,0.624150855,,0.0093,0.0,0.9578,0.422,0.001,0.0,0.0345,0.0417,0.0833,0.0,0.0076,0.0092,0.0039,0.0,0.0095,0.0,0.9578,0.4446,0.001,0.0,0.0345,0.0417,0.0833,0.0,0.0083,0.0096,0.0039,0.0,0.0094,0.0,0.9578,0.4297,0.001,0.0,0.0345,0.0417,0.0833,0.0,0.0077,0.0094,0.0039,0.0,not specified,block of flats,0.0078,Wooden,No,0.0,0.0,0.0,0.0,0.0,0,0,0,0,0,0,0,0,0,0,0,0,0,0,0,0,0,0,0,0,,,,,,
111932,2/6/2018,0,Revolving loans,F,N,Y,0,855000.0,1350000.0,67500.0,1350000.0,Unaccompanied,Pensioner,Secondary / secondary special,Married,House / apartment,0.04622,-21598,365243,-10749,-4983,,1,0,0,1,0,0,,2.0,1,1,MONDAY,19,0,0,0,0,0,0,XNA,,0.753680222,,,0.1797,0.9851,,,0.24,0.2069,0.3333,,,,0.218,,0.0352,,0.1865,0.9851,,,0.2417,0.2069,0.3333,,,,0.2272,,0.0372,,0.1797,0.9851,,,0.24,0.2069,0.3333,,,,0.2219,,0.0359,,block of flats,0.1791,Panel,No,,,,,-684.0,0,0,0,0,0,0,0,0,0,0,0,0,0,0,0,0,0,0,0,0,,,,,,
127655,3/26/2018,1,Cash loans,M,N,Y,1,144000.0,333000.0,17131.5,333000.0,Unaccompanied,Working,Secondary / secondary special,Married,House / apartment,0.019689,-11705,-846,-3026,-3552,,1,1,0,1,0,0,Laborers,3.0,2,2,FRIDAY,11,0,0,0,0,1,1,Industry: type 9,,0.306594138,0.441835823,,,,,,,,,,,,,,,,,,,,,,,,,,,,,,,,,,,,,,,,,,,,,,,,6.0,0.0,6.0,0.0,-1122.0,0,1,0,0,0,0,0,0,0,0,0,0,0,0,0,0,0,0,0,0,0.0,0.0,0.0,0.0,0.0,4.0
133754,4/14/2018,0,Cash loans,F,N,Y,0,67500.0,634482.0,20596.5,454500.0,Family,Pensioner,Secondary / secondary special,Married,House / apartment,0.008625,-21666,365243,-12853,-4199,,1,0,0,1,0,0,,2.0,2,2,WEDNESDAY,12,0,0,0,0,0,0,XNA,,0.565510144,0.358951229,,,,,,,,,,,,,,,,,,,,,,,,,,,,,,,,,,,,,,,,,,,,,,,,4.0,0.0,4.0,0.0,-701.0,0,0,0,0,1,0,0,0,0,0,0,0,0,0,0,0,0,0,0,0,0.0,0.0,0.0,0.0,0.0,0.0
130702,4/5/2018,0,Cash loans,F,N,Y,0,202500.0,337761.0,20538.0,256500.0,Unaccompanied,Commercial associate,Higher education,Single / not married,With parents,0.010966,-9227,-970,-3101,-1594,,1,1,0,1,0,0,Accountants,1.0,2,2,TUESDAY,17,0,0,0,0,0,0,Business Entity Type 3,,0.273206653,0.317031779,0.2412,0.2099,0.9866,0.8164,0.0629,0.28,0.2414,0.3333,0.375,0.0924,,0.2728,,0.0774,0.2458,0.2178,0.9866,0.8236,0.0635,0.282,0.2414,0.3333,0.375,0.0945,,0.2842,,0.0819,0.2436,0.2099,0.9866,0.8189,0.0633,0.28,0.2414,0.3333,0.375,0.094,,0.2777,,0.079,org spec account,block of flats,0.2633,Panel,No,0.0,0.0,0.0,0.0,-409.0,0,1,0,0,0,0,0,0,0,0,0,0,0,0,0,0,0,0,0,0,0.0,0.0,0.0,0.0,0.0,1.0
140052,5/4/2018,0,Cash loans,F,N,N,0,112500.0,625536.0,20673.0,540000.0,Unaccompanied,State servant,Secondary / secondary special,Civil marriage,House / apartment,0.00823,-19906,-10430,-10139,-3334,,1,1,1,1,1,0,Medicine staff,2.0,2,2,FRIDAY,12,0,0,0,0,0,0,Medicine,,0.592759891,0.634705531,0.066,,0.9742,,,,,0.125,,,,0.0499,,,0.0672,,0.9742,,,,,0.125,,,,0.052,,,0.0666,,0.9742,,,,,0.125,,,,0.0508,,,,block of flats,0.0387,"Stone, brick",No,0.0,0.0,0.0,0.0,-1144.0,0,1,0,0,0,0,0,0,0,0,0,0,0,0,0,0,0,0,0,0,0.0,0.0,0.0,0.0,2.0,0.0
129844,4/2/2018,0,Cash loans,F,Y,Y,2,135000.0,1111914.0,35869.5,796500.0,Unaccompanied,Working,Secondary / secondary special,Married,House / apartment,0.014464,-11025,-2310,-5496,-3670,4.0,1,1,0,1,0,0,Core staff,4.0,2,2,THURSDAY,6,0,0,0,0,0,0,Trade: type 6,0.507979801,0.180518945,0.470456116,,,0.9747,,,,,,,,,0.0705,,,,,0.9747,,,,,,,,,0.0735,,,,,0.9747,,,,,,,,,0.0718,,,,,0.0607,,No,0.0,0.0,0.0,0.0,-1517.0,0,1,0,0,0,0,0,0,0,0,0,0,0,0,0,0,0,0,0,0,0.0,0.0,0.0,0.0,0.0,1.0
130817,4/5/2018,0,Cash loans,F,N,N,0,135000.0,1260000.0,33367.5,1260000.0,"Spouse, partner",State servant,Secondary / secondary special,Married,House / apartment,0.01452,-11280,-3724,-2716,-2803,,1,1,0,1,0,0,Medicine staff,2.0,2,2,WEDNESDAY,14,0,0,0,1,1,0,Medicine,,0.606779458,0.631354537,,,,,,,,,,,,,,,,,,,,,,,,,,,,,,,,,,,,,,,,,,,,,,,,4.0,0.0,4.0,0.0,-2.0,0,1,0,0,0,0,0,0,0,0,0,0,0,0,0,0,1,0,0,0,0.0,0.0,0.0,0.0,0.0,0.0
118974,2/27/2018,0,Cash loans,M,Y,Y,1,112500.0,277969.5,20272.5,229500.0,Unaccompanied,Working,Higher education,Married,House / apartment,0.018634,-11308,-2589,-10226,-3965,20.0,1,1,0,1,1,0,Drivers,3.0,2,2,MONDAY,15,0,0,0,0,0,0,Business Entity Type 3,0.423192602,0.69682458,0.619527708,,,0.9861,,,,,,,,,0.2886,,,,,0.9861,,,,,,,,,0.3007,,,,,0.9861,,,,,,,,,0.2938,,,,,0.3265,,No,2.0,0.0,2.0,0.0,-302.0,0,1,0,0,0,0,0,0,0,0,0,0,0,0,0,0,0,0,0,0,0.0,0.0,0.0,0.0,0.0,1.0
151806,6/9/2018,0,Cash loans,F,N,N,0,270000.0,381528.0,11695.5,315000.0,"Spouse, partner",Commercial associate,Secondary / secondary special,Civil marriage,House / apartment,0.003818,-15381,-470,-8466,-2781,,1,1,0,1,0,0,Laborers,2.0,2,2,WEDNESDAY,3,0,0,0,0,0,0,Self-employed,0.59876604,0.398873107,0.358951229,0.0093,0.0,0.9811,0.7416,0.0043,0.0,0.069,0.0417,0.0417,0.0013,0.0076,0.0046,0.0,0.0109,0.0095,0.0,0.9811,0.7517,0.0044,0.0,0.069,0.0417,0.0417,0.0013,0.0083,0.0048,0.0,0.0115,0.0094,0.0,0.9811,0.7451,0.0043,0.0,0.069,0.0417,0.0417,0.0013,0.0077,0.0046,0.0,0.0111,reg oper account,block of flats,0.0059,Block,No,0.0,0.0,0.0,0.0,-245.0,0,1,0,0,0,0,0,0,0,0,0,0,0,0,0,0,0,0,0,0,0.0,0.0,0.0,1.0,1.0,1.0
118149,2/25/2018,0,Cash loans,F,N,N,0,157500.0,1042560.0,34587.0,900000.0,Unaccompanied,Commercial associate,Secondary / secondary special,Married,House / apartment,0.00496,-16041,-411,-3018,-4186,,1,1,0,1,0,0,Core staff,2.0,2,2,WEDNESDAY,18,0,0,0,0,0,0,Trade: type 7,,0.685982167,,0.0629,,0.9826,,,,0.1379,0.1667,,,,0.0481,,,0.063,,0.9826,,,,0.1379,0.1667,,,,0.0393,,,0.0625,,0.9826,,,,0.1379,0.1667,,,,0.0534,,,,block of flats,0.0701,,No,1.0,0.0,1.0,0.0,-742.0,0,1,0,0,0,0,0,0,0,0,0,0,0,0,0,0,0,0,0,0,,,,,,
105868,1/18/2018,0,Cash loans,F,N,Y,0,90000.0,1467072.0,52825.5,1296000.0,Unaccompanied,Working,Secondary / secondary special,Married,House / apartment,0.009549,-19422,-1198,-9627,-2971,,1,1,0,1,0,0,Sales staff,2.0,2,2,FRIDAY,14,0,0,0,0,0,0,Self-employed,,0.742355105,,0.1175,0.1018,0.9866,0.8164,,0.16,0.1379,0.3333,0.0417,,,0.146,,0.0343,0.1197,0.1057,0.9866,0.8236,,0.1611,0.1379,0.3333,0.0417,,,0.1521,,0.0363,0.1187,0.1018,0.9866,0.8189,,0.16,0.1379,0.3333,0.0417,,,0.1486,,0.035,,block of flats,0.1262,"Stone, brick",No,0.0,0.0,0.0,0.0,-424.0,0,1,0,0,0,0,0,0,0,0,0,0,0,0,0,0,0,0,0,0,,,,,,
133195,4/12/2018,0,Cash loans,F,N,Y,1,94500.0,284400.0,10849.5,225000.0,Unaccompanied,Commercial associate,Higher education,Married,Municipal apartment,0.010556,-15479,-3478,-11647,-4438,,1,1,0,1,0,0,High skill tech staff,3.0,3,3,TUESDAY,16,0,0,0,0,0,0,Business Entity Type 3,0.701008494,0.764578755,0.574446617,0.2268,0.1544,0.9871,0.8232,,0.24,0.2069,0.3333,0.375,0.0541,0.1807,0.2283,0.0193,0.0184,0.2311,0.1602,0.9871,0.8301,,0.2417,0.2069,0.3333,0.375,0.0553,0.1974,0.2379,0.0195,0.0195,0.229,0.1544,0.9871,0.8256,,0.24,0.2069,0.3333,0.375,0.055,0.1838,0.2324,0.0194,0.0188,reg oper account,block of flats,0.1836,Panel,No,1.0,0.0,1.0,0.0,-453.0,0,1,0,0,0,0,0,0,0,0,0,0,0,0,0,0,0,0,0,0,0.0,0.0,0.0,0.0,0.0,0.0
156710,6/24/2018,0,Cash loans,F,N,Y,0,121500.0,508500.0,17509.5,508500.0,Unaccompanied,Pensioner,Secondary / secondary special,Widow,House / apartment,0.01452,-20675,365243,-10673,-3555,,1,0,0,1,0,0,,1.0,2,2,MONDAY,6,0,0,0,0,0,0,XNA,,0.693162619,,,,,,,,,,,,,,,,,,,,,,,,,,,,,,,,,,,,,,,,,,,,,,,,,1.0,0.0,1.0,0.0,0.0,0,1,0,0,0,0,0,0,0,0,0,0,0,0,0,0,0,0,0,0,,,,,,
144297,5/17/2018,0,Cash loans,F,N,Y,0,270000.0,584766.0,28260.0,472500.0,Unaccompanied,Working,Secondary / secondary special,Single / not married,House / apartment,0.018029,-15661,-2971,-2623,-6042,,1,1,0,1,0,0,Realty agents,1.0,3,2,SATURDAY,8,0,0,0,0,0,0,Business Entity Type 3,,0.625867782,0.563835049,0.0887,0.0874,0.9786,0.7076,0.0378,0.0,0.2414,0.1667,0.2083,0.0808,0.0706,0.0753,0.0077,0.0909,0.0903,0.0907,0.9786,0.719,0.0382,0.0,0.2414,0.1667,0.2083,0.0826,0.0771,0.0785,0.0078,0.0963,0.0895,0.0874,0.9786,0.7115,0.038,0.0,0.2414,0.1667,0.2083,0.0822,0.0718,0.0767,0.0078,0.0928,reg oper account,block of flats,0.0997,Panel,No,0.0,0.0,0.0,0.0,-769.0,0,1,0,0,0,0,0,0,0,0,0,0,0,0,0,0,0,0,0,0,0.0,0.0,0.0,0.0,0.0,6.0
112958,2/9/2018,0,Cash loans,F,N,N,0,92592.0,521280.0,19984.5,450000.0,Unaccompanied,Commercial associate,Higher education,Married,House / apartment,0.035792,-19647,-1240,-7902,-3208,,1,1,1,1,0,0,,2.0,2,2,FRIDAY,12,0,0,0,0,0,0,School,,0.673948585,0.694092643,0.0629,0.052,0.9796,0.7212,0.008,0.0,0.1379,0.1667,0.2083,0.0438,0.0513,0.055,0.0,0.0,0.0641,0.054,0.9796,0.7321,0.0081,0.0,0.1379,0.1667,0.2083,0.0448,0.056,0.0573,0.0,0.0,0.0635,0.052,0.9796,0.7249,0.008,0.0,0.1379,0.1667,0.2083,0.0446,0.0522,0.056,0.0,0.0,reg oper account,block of flats,0.0433,Panel,No,3.0,0.0,3.0,0.0,-1103.0,0,0,0,0,0,0,0,0,0,0,0,0,0,0,0,0,1,0,0,0,0.0,0.0,0.0,0.0,0.0,1.0
134786,4/17/2018,1,Cash loans,M,Y,Y,2,225000.0,239850.0,28593.0,225000.0,Unaccompanied,Working,Secondary / secondary special,Married,House / apartment,0.018634,-11609,-3967,-1162,-3947,9.0,1,1,1,1,0,0,Laborers,4.0,2,2,THURSDAY,12,0,0,0,0,0,0,Transport: type 4,0.307363886,0.254643726,0.179821765,,,,,,,,,,,,,,,,,,,,,,,,,,,,,,,,,,,,,,,,,,,,,,,,1.0,0.0,1.0,0.0,-985.0,0,1,0,0,0,0,0,0,0,0,0,0,0,0,0,0,0,0,0,0,0.0,0.0,0.0,0.0,4.0,1.0
143774,5/15/2018,0,Cash loans,F,N,Y,0,225000.0,814041.0,23458.5,679500.0,Unaccompanied,Working,Incomplete higher,Widow,House / apartment,0.030755,-21478,-6546,-4326,-4327,,1,1,1,1,1,0,Accountants,1.0,2,2,WEDNESDAY,13,0,0,0,0,1,1,Agriculture,0.845663946,0.674241635,0.6577838,,,,,,,,,,,,,,,,,,,,,,,,,,,,,,,,,,,,,,,,,,,,,,,,5.0,0.0,5.0,0.0,-1492.0,0,0,0,0,1,0,0,0,0,0,0,0,0,0,0,0,0,0,0,0,0.0,0.0,0.0,1.0,0.0,2.0
138427,4/29/2018,0,Cash loans,F,Y,Y,0,360000.0,1773000.0,61758.0,1773000.0,"Spouse, partner",Commercial associate,Secondary / secondary special,Married,Municipal apartment,0.072508,-16477,-2997,-2234,-11,5.0,1,1,0,1,0,0,Accountants,2.0,1,1,FRIDAY,11,0,0,0,0,0,0,Restaurant,0.776722071,0.689204526,0.358951229,0.267,0.0535,0.9945,0.9252,0.0949,0.24,0.1034,0.6667,0.7083,0.0934,0.2177,0.1357,0.0,0.0389,0.3057,0.0,0.9945,0.9281,0.0893,0.2417,0.1034,0.6667,0.7083,0.0187,0.2672,0.1331,0.0,0.0394,0.3029,0.0801,0.9945,0.9262,0.0984,0.24,0.1034,0.6667,0.7083,0.126,0.2488,0.1303,0.0,0.0405,reg oper account,block of flats,0.2015,Panel,No,0.0,0.0,0.0,0.0,0.0,0,1,0,0,0,0,0,0,0,0,0,0,0,0,0,0,0,0,0,0,1.0,0.0,0.0,0.0,2.0,2.0
118485,2/26/2018,0,Cash loans,M,N,N,1,360000.0,450000.0,23107.5,450000.0,Unaccompanied,Working,Secondary / secondary special,Married,With parents,0.032561,-17904,-1617,-2706,-1430,,1,1,1,1,1,0,High skill tech staff,3.0,1,1,THURSDAY,13,0,0,0,0,0,0,Business Entity Type 3,,0.678654343,0.050631513,0.0928,,0.9737,0.6396,0.0095,0.0,0.1552,0.1667,0.2083,0.0166,0.0756,0.0794,0.0,0.0,0.084,,0.9737,0.6537,0.0085,0.0,0.1379,0.1667,0.2083,0.0153,0.0735,0.0727,0.0,0.0,0.0937,,0.9737,0.6444,0.0096,0.0,0.1552,0.1667,0.2083,0.0169,0.077,0.0809,0.0,0.0,reg oper account,block of flats,0.0595,Panel,No,2.0,0.0,2.0,0.0,-965.0,0,1,0,0,0,0,0,0,0,0,0,0,0,0,0,0,0,0,0,0,0.0,0.0,1.0,0.0,0.0,1.0
102598,1/8/2018,0,Cash loans,M,Y,Y,0,157500.0,404325.0,22063.5,337500.0,Unaccompanied,Working,Secondary / secondary special,Married,House / apartment,0.016612,-19261,-3938,-7980,-2340,18.0,1,1,1,1,1,0,Laborers,2.0,2,2,MONDAY,10,0,0,0,0,0,0,Housing,,0.503828636,0.267868936,0.0175,0.0,0.9588,0.4356,0.0274,0.0,0.1034,0.0417,0.0833,0.0204,,0.0146,,0.0,0.0179,0.0,0.9588,0.4577,0.0277,0.0,0.1034,0.0417,0.0833,0.0209,,0.0152,,0.0,0.0177,0.0,0.9588,0.4431,0.0276,0.0,0.1034,0.0417,0.0833,0.0208,,0.0148,,0.0,reg oper account,block of flats,0.015,"Stone, brick",No,1.0,0.0,1.0,0.0,-1914.0,0,1,0,0,0,0,0,0,0,0,0,0,0,0,0,0,0,0,0,0,0.0,0.0,0.0,0.0,1.0,3.0
148268,5/29/2018,0,Cash loans,M,Y,N,0,180000.0,135000.0,14305.5,135000.0,Unaccompanied,Commercial associate,Higher education,Married,House / apartment,0.035792,-12247,-1029,-1696,-4656,3.0,1,1,0,1,0,1,Laborers,2.0,2,2,SUNDAY,12,0,0,0,0,0,0,Government,0.475508261,0.677346257,0.574446617,0.4948,0.1943,0.997,0.9592,0.7781,0.48,0.2069,0.625,0.6667,0.0,0.4035,0.4951,0.0386,0.1657,0.5042,0.2016,0.997,0.9608,0.7852,0.4834,0.2069,0.625,0.6667,0.0,0.4408,0.5158,0.0389,0.1754,0.4996,0.1943,0.997,0.9597,0.7831,0.48,0.2069,0.625,0.6667,0.0,0.4104,0.504,0.0388,0.1692,reg oper account,block of flats,0.533,Block,No,0.0,0.0,0.0,0.0,-1099.0,0,1,0,0,0,0,0,0,0,0,0,0,0,0,0,0,0,0,0,0,0.0,0.0,0.0,0.0,0.0,2.0
131873,4/8/2018,0,Cash loans,F,Y,Y,0,157500.0,226908.0,8280.0,148500.0,Unaccompanied,Working,Secondary / secondary special,Married,House / apartment,0.025164,-17285,-10228,-4140,-793,4.0,1,1,0,1,0,0,Core staff,2.0,2,2,SATURDAY,10,0,0,0,0,0,0,Kindergarten,0.643680482,0.5951226,0.198620045,,,,,,,,,,,,,,,,,,,,,,,,,,,,,,,,,,,,,,,,,,,,,,,,2.0,0.0,2.0,0.0,-2464.0,0,1,0,0,0,0,0,0,0,0,0,0,0,0,0,0,0,0,0,0,0.0,0.0,0.0,0.0,0.0,0.0
149932,6/3/2018,0,Cash loans,F,N,N,0,94500.0,152820.0,17370.0,135000.0,Unaccompanied,Commercial associate,Secondary / secondary special,Civil marriage,House / apartment,0.018029,-8944,-1648,-554,-1605,,1,1,1,1,1,0,Laborers,2.0,3,3,TUESDAY,10,0,0,0,0,0,0,Construction,,0.393182397,0.686382335,,,0.9717,,,,0.0345,0.0417,,,,,,,,,0.9717,,,,0.0345,0.0417,,,,,,,,,0.9717,,,,0.0345,0.0417,,,,,,,,block of flats,0.0067,"Stone, brick",No,0.0,0.0,0.0,0.0,-1261.0,0,1,0,0,0,0,0,0,0,0,0,0,0,0,0,0,0,0,0,0,0.0,0.0,0.0,0.0,0.0,2.0
103700,1/12/2018,0,Cash loans,M,N,Y,0,90000.0,147726.0,14521.5,130500.0,Unaccompanied,Pensioner,Secondary / secondary special,Married,House / apartment,0.00712,-25122,365243,-6152,-4637,,1,0,0,1,0,0,,2.0,2,2,SUNDAY,9,0,0,0,0,0,0,XNA,,0.676667248,0.694092643,,,,,,,,,,,,,,,,,,,,,,,,,,,,,,,,,,,,,,,,,,,,,,,,1.0,1.0,1.0,1.0,-212.0,0,1,0,0,0,0,0,0,0,0,0,0,0,0,0,0,0,0,0,0,0.0,0.0,0.0,0.0,0.0,3.0
112384,2/7/2018,0,Cash loans,M,Y,Y,0,213750.0,1546020.0,45333.0,1350000.0,Unaccompanied,Pensioner,Higher education,Married,House / apartment,0.006629,-23320,365243,-998,-4807,7.0,1,0,0,1,0,0,,2.0,2,2,MONDAY,10,0,0,0,0,0,0,XNA,,0.683683618,0.742181612,0.0701,0.0,0.994,,,0.08,0.069,0.3333,,0.0335,,0.0793,,0.0039,0.0714,0.0,0.994,,,0.0806,0.069,0.3333,,0.0343,,0.0826,,0.0041,0.0708,0.0,0.994,,,0.08,0.069,0.3333,,0.0341,,0.0807,,0.004,,block of flats,0.073,Panel,No,0.0,0.0,0.0,0.0,-878.0,0,1,0,0,0,0,0,0,0,0,0,0,0,0,0,0,0,0,0,0,0.0,0.0,0.0,0.0,0.0,2.0
116905,2/21/2018,0,Cash loans,M,Y,N,2,157500.0,706410.0,67072.5,679500.0,Unaccompanied,Commercial associate,Secondary / secondary special,Married,House / apartment,0.004849,-13693,-3039,-3990,-4050,22.0,1,1,1,1,1,0,Laborers,4.0,2,2,MONDAY,18,1,1,0,1,1,0,Military,0.331426589,0.49578154,0.65452928,,,,,,,,,,,,,,,,,,,,,,,,,,,,,,,,,,,,,,,,,,,,,,,,0.0,0.0,0.0,0.0,-996.0,0,1,0,0,0,0,0,0,0,0,0,0,0,0,0,0,0,0,0,0,0.0,0.0,0.0,0.0,1.0,0.0
122525,3/10/2018,0,Cash loans,F,Y,Y,1,247500.0,1377000.0,52578.0,1377000.0,Unaccompanied,Working,Higher education,Married,House / apartment,0.018634,-13794,-216,-4978,-4982,6.0,1,1,0,1,0,0,Managers,3.0,2,2,TUESDAY,15,0,0,0,0,1,1,Business Entity Type 3,0.780034031,0.691639652,0.621226338,,,,,,,,,,,,,,,,,,,,,,,,,,,,,,,,,,,,,,,,,,,,,,,,0.0,0.0,0.0,0.0,-1817.0,0,1,0,0,0,0,0,0,0,0,0,0,0,0,0,0,0,0,0,0,0.0,0.0,0.0,1.0,0.0,1.0
147705,5/27/2018,0,Cash loans,M,Y,Y,0,270000.0,900000.0,29164.5,900000.0,Unaccompanied,Working,Secondary / secondary special,Single / not married,House / apartment,0.028663,-15512,-1800,-4286,-4306,14.0,1,1,0,1,0,0,Laborers,1.0,2,2,FRIDAY,11,0,0,0,0,1,1,Transport: type 4,0.567302527,0.647697192,0.593717587,,,,,,,,,,,,,,,,,,,,,,,,,,,,,,,,,,,,,,,,,,,,,,,,4.0,1.0,4.0,0.0,-402.0,0,1,0,0,0,0,0,0,0,0,0,0,0,0,0,0,0,0,0,0,0.0,0.0,0.0,0.0,3.0,5.0
104968,1/16/2018,0,Cash loans,M,Y,Y,0,157500.0,545040.0,25537.5,450000.0,Unaccompanied,Working,Secondary / secondary special,Married,House / apartment,0.00823,-12643,-979,-5616,-4748,31.0,1,1,0,1,0,0,Laborers,2.0,2,2,WEDNESDAY,9,0,0,0,0,0,0,Industry: type 11,0.248162403,0.165167502,0.477649155,,,,,,,,,,,,,,,,,,,,,,,,,,,,,,,,,,,,,,,,,,,,,,,,2.0,0.0,2.0,0.0,0.0,0,1,0,0,0,0,0,0,0,0,0,0,0,0,0,0,0,0,0,0,0.0,0.0,0.0,0.0,0.0,2.0
148963,5/31/2018,0,Cash loans,F,N,N,1,315000.0,1042560.0,34587.0,900000.0,Unaccompanied,Working,Secondary / secondary special,Married,House / apartment,0.020246,-16149,-1277,-9011,-4166,,1,1,0,1,0,0,Managers,3.0,3,3,FRIDAY,6,0,0,0,0,0,0,Business Entity Type 3,0.762508545,0.44667903,0.365616507,0.1474,0.056,0.9886,0.83,0.0358,0.16,0.1379,0.3333,0.375,0.012,0.1202,0.1671,0.0,0.0,0.1502,0.0581,0.9886,0.8367,0.0361,0.1611,0.1379,0.3333,0.375,0.0123,0.1313,0.1741,0.0,0.0,0.1489,0.056,0.9886,0.8323,0.036,0.16,0.1379,0.3333,0.375,0.0122,0.1223,0.1701,0.0,0.0,reg oper spec account,block of flats,0.151,Panel,No,1.0,0.0,1.0,0.0,-2989.0,0,1,0,0,0,0,0,0,0,0,0,0,0,0,0,0,0,0,0,0,1.0,1.0,0.0,0.0,0.0,0.0
135730,4/20/2018,0,Cash loans,M,Y,Y,1,135000.0,218016.0,14062.5,180000.0,Unaccompanied,Working,Higher education,Married,Office apartment,0.009334,-14353,-468,-5021,-5079,4.0,1,1,1,1,0,0,,3.0,2,2,TUESDAY,12,0,0,0,0,0,0,Business Entity Type 2,,0.746544338,0.362277247,0.1278,0.0106,0.9762,0.6736,0.0141,0.0,0.1552,0.1667,0.2083,0.0194,0.1328,0.063,0.0039,0.0057,0.0935,0.011,0.9762,0.6864,0.0142,0.0,0.1034,0.1667,0.2083,0.0157,0.1451,0.063,0.0039,0.0017,0.1291,0.0106,0.9762,0.678,0.0141,0.0,0.1552,0.1667,0.2083,0.0197,0.1351,0.0641,0.0039,0.0058,reg oper account,block of flats,0.0569,"Stone, brick",No,1.0,1.0,1.0,1.0,-1010.0,0,1,0,0,0,0,0,0,0,0,0,0,0,0,0,0,0,0,0,0,0.0,0.0,0.0,1.0,0.0,2.0
153852,6/15/2018,0,Cash loans,M,Y,Y,0,675000.0,640080.0,29970.0,450000.0,Unaccompanied,Commercial associate,Higher education,Married,House / apartment,0.008866,-14703,-864,-535,-4886,1.0,1,1,0,1,0,1,Managers,2.0,2,2,FRIDAY,12,0,0,0,0,0,0,Business Entity Type 3,0.442612164,0.557191162,0.372333666,0.2175,0.1228,0.9851,0.796,0.0981,0.24,0.2069,0.3333,0.375,0.1357,0.1774,0.2285,0.0,0.0672,0.2216,0.1275,0.9851,0.804,0.099,0.2417,0.2069,0.3333,0.375,0.1388,0.1938,0.2381,0.0,0.0711,0.2196,0.1228,0.9851,0.7987,0.0987,0.24,0.2069,0.3333,0.375,0.1381,0.1804,0.2326,0.0,0.0686,reg oper account,block of flats,0.2475,"Stone, brick",No,1.0,0.0,1.0,0.0,-2377.0,0,1,0,0,0,0,0,0,0,0,0,0,0,0,0,0,0,0,0,0,0.0,0.0,0.0,0.0,0.0,2.0
134376,4/16/2018,0,Cash loans,F,N,Y,1,67500.0,540000.0,23008.5,540000.0,Unaccompanied,Commercial associate,Secondary / secondary special,Married,House / apartment,0.01452,-17515,-3299,-5210,-1063,,1,1,0,1,0,0,Cooking staff,3.0,2,2,MONDAY,10,0,0,0,0,0,0,Business Entity Type 3,,0.602063435,0.863363382,,,,,,,,,,,,,,,,,,,,,,,,,,,,,,,,,,,,,,,,,,,,,,,,0.0,0.0,0.0,0.0,-1406.0,0,1,0,0,0,0,0,0,0,0,0,0,0,0,0,0,0,0,0,0,0.0,0.0,0.0,0.0,0.0,0.0
137096,4/24/2018,0,Cash loans,M,Y,Y,0,157500.0,243000.0,12406.5,243000.0,Other_B,Working,Secondary / secondary special,Civil marriage,With parents,0.019101,-15125,-249,-2121,-1984,10.0,1,1,0,1,1,1,Sales staff,2.0,2,2,TUESDAY,16,0,0,0,1,1,0,Business Entity Type 3,,0.672274158,,0.2887,0.2115,0.9901,0.864,0.0788,0.28,0.2414,0.375,0.4167,0.0697,0.2353,0.1932,0.0,0.0,0.2941,0.2195,0.9901,0.8693,0.0795,0.282,0.2414,0.375,0.4167,0.0712,0.2571,0.2013,0.0,0.0,0.2915,0.2115,0.9901,0.8658,0.0793,0.28,0.2414,0.375,0.4167,0.0709,0.2394,0.1966,0.0,0.0,reg oper account,block of flats,0.2659,Panel,No,3.0,0.0,3.0,0.0,-1500.0,0,0,0,0,0,0,1,0,0,0,0,0,0,0,0,0,0,0,0,0,,,,,,
115330,2/16/2018,1,Cash loans,F,N,Y,1,112500.0,553806.0,28404.0,495000.0,Unaccompanied,Commercial associate,Secondary / secondary special,Married,House / apartment,0.006008,-10435,-2435,-2860,-550,,1,1,1,1,0,0,Laborers,3.0,2,2,MONDAY,14,0,0,0,0,0,0,Business Entity Type 3,0.553822775,0.539190044,,,,,,,,,,,,,,,,,,,,,,,,,,,,,,,,,,,,,,,,,,,,,,,,,7.0,0.0,7.0,0.0,-1064.0,0,1,0,0,0,0,0,0,0,0,0,0,0,0,0,0,0,0,0,0,,,,,,
115558,2/17/2018,0,Cash loans,F,N,Y,0,157500.0,379237.5,16195.5,288000.0,Unaccompanied,Working,Secondary / secondary special,Separated,House / apartment,0.010276,-20000,-1819,-9116,-3284,,1,1,0,1,0,0,Medicine staff,1.0,2,2,SATURDAY,13,0,1,1,0,0,0,Medicine,,0.634399161,0.588487788,,,,,,,,,,,,,,,,,,,,,,,,,,,,,,,,,,,,,,,,,,,,,,,,3.0,0.0,3.0,0.0,-1010.0,0,1,0,0,0,0,0,0,0,0,0,0,0,0,0,0,0,0,0,0,0.0,0.0,0.0,1.0,0.0,4.0
135303,4/19/2018,0,Cash loans,M,Y,Y,1,270000.0,848745.0,43465.5,675000.0,Unaccompanied,Commercial associate,Secondary / secondary special,Civil marriage,House / apartment,0.035792,-15421,-808,-2211,-4759,14.0,1,1,0,1,0,0,Sales staff,3.0,2,2,MONDAY,10,0,0,0,0,0,0,Business Entity Type 3,,0.507971942,,,,,,,,,,,,,,,,,,,,,,,,,,,,,,,,,,,,,,,,,,,,,,,,,1.0,0.0,1.0,0.0,-720.0,0,0,0,0,0,0,1,0,0,0,0,0,0,0,0,0,0,0,0,0,,,,,,
115139,2/16/2018,0,Cash loans,M,Y,N,0,112500.0,539100.0,29376.0,450000.0,Unaccompanied,Working,Secondary / secondary special,Single / not married,House / apartment,0.020713,-8211,-789,-3333,-869,4.0,1,1,1,1,0,0,Drivers,1.0,3,3,TUESDAY,14,0,0,0,0,0,0,Business Entity Type 2,,0.327811072,,0.0928,0.0879,0.9866,0.8164,0.0111,0.0,0.2069,0.1667,0.2083,0.0757,0.0756,0.0876,0.0,0.0,0.0945,0.0912,0.9866,0.8236,0.0112,0.0,0.2069,0.1667,0.2083,0.0774,0.0826,0.0913,0.0,0.0,0.0937,0.0879,0.9866,0.8189,0.0111,0.0,0.2069,0.1667,0.2083,0.077,0.077,0.0892,0.0,0.0,reg oper account,block of flats,0.075,Panel,No,0.0,0.0,0.0,0.0,-343.0,0,1,0,0,0,0,0,0,0,0,0,0,0,0,0,0,0,0,0,0,0.0,0.0,0.0,1.0,1.0,0.0
134299,4/16/2018,0,Cash loans,F,N,Y,0,90000.0,276277.5,14233.5,238500.0,Unaccompanied,Working,Secondary / secondary special,Married,House / apartment,0.01885,-18125,-7648,-1202,-1665,,1,1,0,1,0,0,,2.0,2,2,TUESDAY,11,0,0,0,0,1,1,Government,0.769162869,0.46570186,0.6577838,,,,,,,,,,,,,,,,,,,,,,,,,,,,,,,,,,,,,,,,,,,,,,,,4.0,2.0,4.0,2.0,-2595.0,0,1,0,0,0,0,0,0,0,0,0,0,0,0,0,0,0,0,0,0,0.0,0.0,0.0,0.0,0.0,5.0
142256,5/10/2018,0,Cash loans,F,N,Y,0,157500.0,900000.0,33484.5,900000.0,Unaccompanied,Pensioner,Higher education,Single / not married,House / apartment,0.035792,-21679,365243,-6329,-4886,,1,0,0,1,0,0,,1.0,2,2,FRIDAY,8,0,0,0,0,0,0,XNA,,0.618284985,0.801600903,,,,,,,,,,,,,,,,,,,,,,,,,,,,,,,,,,,,,,,,,,,,,,,,0.0,0.0,0.0,0.0,-740.0,0,0,0,0,1,0,0,0,0,0,0,0,0,0,0,0,0,0,0,0,0.0,0.0,0.0,0.0,0.0,1.0
105957,1/19/2018,0,Cash loans,F,N,Y,1,67500.0,225000.0,14508.0,225000.0,Family,State servant,Secondary / secondary special,Married,House / apartment,0.019689,-15374,-7001,-7205,-5137,,1,1,1,1,1,0,Core staff,3.0,2,2,TUESDAY,8,0,0,0,0,0,0,Kindergarten,,0.460759368,,,,,,,,,,,,,,,,,,,,,,,,,,,,,,,,,,,,,,,,,,,,,,,,,3.0,0.0,3.0,0.0,-673.0,0,1,0,0,0,0,0,0,0,0,0,0,0,0,0,0,0,0,0,0,,,,,,
146792,5/24/2018,0,Cash loans,M,Y,Y,0,171000.0,1754253.0,61105.5,1602000.0,Unaccompanied,State servant,Secondary / secondary special,Married,House / apartment,0.020246,-10675,-2493,-6,-3204,11.0,1,1,0,1,0,1,,2.0,3,3,MONDAY,7,0,0,0,0,0,0,Security Ministries,0.223105594,0.707067439,0.074460688,,,,,,,,,,,,,,,,,,,,,,,,,,,,,,,,,,,,,,,,,,,,,,,,0.0,0.0,0.0,0.0,-186.0,0,1,0,0,0,0,0,0,0,0,0,0,0,0,0,0,0,0,0,0,0.0,0.0,0.0,1.0,0.0,1.0
123797,3/14/2018,0,Cash loans,M,Y,Y,0,157500.0,1125000.0,46557.0,1125000.0,Family,Working,Secondary / secondary special,Widow,House / apartment,0.026392,-15773,-265,-3385,-3014,9.0,1,1,1,1,1,1,Low-skill Laborers,1.0,2,2,MONDAY,15,0,0,0,0,1,1,Business Entity Type 3,,0.434794473,0.598926218,0.0186,,0.9801,,,0.0,0.1034,0.0417,,,,0.0164,,0.0,0.0189,,0.9801,,,0.0,0.1034,0.0417,,,,0.0171,,0.0,0.0187,,0.9801,,,0.0,0.1034,0.0417,,,,0.0167,,0.0,,block of flats,0.0129,"Stone, brick",No,0.0,0.0,0.0,0.0,-2200.0,0,1,0,0,0,0,0,0,0,0,0,0,0,0,0,0,0,0,0,0,0.0,0.0,0.0,1.0,0.0,2.0
124513,3/16/2018,0,Cash loans,F,N,Y,0,81000.0,269550.0,13095.0,225000.0,Unaccompanied,Pensioner,Lower secondary,Widow,House / apartment,0.031329,-23313,365243,-7331,-4682,,1,0,0,1,0,0,,1.0,2,2,THURSDAY,8,0,0,0,1,0,0,XNA,,0.492824342,0.626304277,0.1031,0.1392,0.9896,,,0.0,0.2759,0.1667,,,0.0841,0.1142,0.0,0.0,0.105,0.1445,0.9896,,,0.0,0.2759,0.1667,,,0.0918,0.119,0.0,0.0,0.1041,0.1392,0.9896,,,0.0,0.2759,0.1667,,,0.0855,0.1163,0.0,0.0,reg oper account,block of flats,0.1002,Panel,No,6.0,0.0,6.0,0.0,0.0,0,0,0,0,1,0,0,0,0,0,0,0,0,0,0,0,0,0,0,0,0.0,0.0,0.0,0.0,0.0,2.0
138617,4/29/2018,0,Cash loans,M,Y,Y,0,135000.0,545040.0,26509.5,450000.0,Unaccompanied,Commercial associate,Secondary / secondary special,Married,House / apartment,0.072508,-23030,-3152,-8762,-4521,5.0,1,1,0,1,1,0,Drivers,2.0,1,1,MONDAY,9,0,0,0,0,0,0,Business Entity Type 3,0.486081975,0.731718253,0.2692858,0.1474,0.0902,0.9831,,,0.22,0.1379,0.3333,,0.0175,,0.1278,,0.0123,0.1113,0.085,0.9806,,,0.2014,0.1034,0.3333,,0.0149,,0.1059,,0.0,0.1489,0.0902,0.9831,,,0.22,0.1379,0.3333,,0.0178,,0.1301,,0.0126,,block of flats,0.0853,"Stone, brick",No,0.0,0.0,0.0,0.0,-3075.0,0,0,0,0,0,0,1,0,0,0,0,0,0,0,0,0,0,0,0,0,0.0,0.0,0.0,1.0,0.0,0.0
117383,2/23/2018,0,Cash loans,F,N,Y,1,67500.0,229500.0,22698.0,229500.0,Unaccompanied,Working,Secondary / secondary special,Married,House / apartment,0.015221,-13671,-1440,-5256,-2235,,1,1,0,1,0,0,Cleaning staff,3.0,2,2,THURSDAY,8,0,0,0,1,1,0,School,0.431757204,0.397112687,0.342528872,,,,,,,,,,,,,,,,,,,,,,,,,,,,,,,,,,,,,,,,,,,,,,,,0.0,0.0,0.0,0.0,0.0,0,1,0,0,0,0,0,0,0,0,0,0,0,0,0,0,0,0,0,0,0.0,0.0,0.0,2.0,1.0,3.0
147744,5/27/2018,1,Cash loans,F,Y,N,1,157500.0,808650.0,23643.0,675000.0,Unaccompanied,Working,Secondary / secondary special,Married,With parents,0.00712,-11353,-636,-11345,-1902,6.0,1,1,0,1,0,0,Managers,3.0,2,2,SUNDAY,16,0,0,0,0,1,1,Trade: type 7,0.385201459,0.26525634,0.175605979,,,,,,,,,,,,,,,,,,,,,,,,,,,,,,,,,,,,,,,,,,,,,,,,4.0,0.0,4.0,0.0,-1829.0,0,1,0,0,0,0,0,0,0,0,0,0,0,0,0,0,0,0,0,0,0.0,0.0,0.0,0.0,0.0,1.0
132135,4/9/2018,0,Cash loans,M,N,Y,0,144000.0,1081179.0,43006.5,927000.0,Family,Working,Secondary / secondary special,Married,House / apartment,0.031329,-17241,-977,-12465,-780,,1,1,0,1,0,0,Laborers,2.0,2,2,MONDAY,12,0,0,0,0,0,0,Business Entity Type 2,,0.660461299,,0.1485,0.0974,0.9831,0.7688,0.0235,0.16,0.1379,0.3333,0.375,0.1014,0.121,0.1595,0.0,0.0,0.1513,0.101,0.9831,0.7779,0.0237,0.1611,0.1379,0.3333,0.375,0.1037,0.1322,0.1661,0.0,0.0,0.1499,0.0974,0.9831,0.7719,0.0237,0.16,0.1379,0.3333,0.375,0.1032,0.1231,0.1623,0.0,0.0,reg oper account,block of flats,0.1445,Panel,No,0.0,0.0,0.0,0.0,-1259.0,0,1,0,0,0,0,0,0,0,0,0,0,0,0,0,0,0,0,0,0,,,,,,
152247,6/10/2018,0,Cash loans,M,Y,Y,1,382500.0,1169532.0,42138.0,945000.0,Unaccompanied,Commercial associate,Secondary / secondary special,Married,House / apartment,0.072508,-12359,-148,-3516,-2547,6.0,1,1,0,1,1,0,Sales staff,3.0,1,1,SUNDAY,10,0,1,1,0,0,0,Business Entity Type 3,0.532479791,0.693274231,0.384206813,0.2003,0.1011,0.9876,0.83,0.11,0.28,0.1207,0.5417,0.5833,0.0,0.162,0.2175,0.0058,0.0049,0.1166,0.0587,0.9866,0.8236,0.0641,0.1611,0.069,0.5417,0.5833,0.0,0.101,0.1298,0.0039,0.0029,0.2019,0.1008,0.9876,0.8323,0.1104,0.28,0.1207,0.5417,0.5833,0.0,0.1646,0.2195,0.0058,0.0043,reg oper account,block of flats,0.2426,Panel,No,0.0,0.0,0.0,0.0,-114.0,0,0,0,0,0,0,1,0,0,0,0,0,0,0,0,0,0,0,0,0,0.0,0.0,0.0,1.0,0.0,5.0
103802,1/12/2018,0,Cash loans,F,N,Y,0,67500.0,743031.0,37872.0,688500.0,Family,Pensioner,Secondary / secondary special,Married,House / apartment,0.006852,-23326,365243,-7477,-4026,,1,0,0,1,0,0,,2.0,3,3,SATURDAY,10,0,0,0,0,0,0,XNA,,0.056532622,0.76623367,0.2062,0.2257,0.9896,0.8572,0.0412,0.0,0.3793,0.1667,0.2083,0.2291,0.1681,0.2074,0.0,0.0,0.2101,0.2342,0.9896,0.8628,0.0416,0.0,0.3793,0.1667,0.2083,0.2344,0.1837,0.2161,0.0,0.0,0.2082,0.2257,0.9896,0.8591,0.0415,0.0,0.3793,0.1667,0.2083,0.2331,0.171,0.2111,0.0,0.0,reg oper account,block of flats,0.1857,Panel,No,2.0,0.0,2.0,0.0,-158.0,0,0,0,0,1,0,0,0,0,0,0,0,0,0,0,0,0,0,0,0,0.0,0.0,0.0,0.0,0.0,2.0
120027,3/3/2018,0,Cash loans,F,N,Y,3,157500.0,500211.0,30730.5,463500.0,Family,State servant,Secondary / secondary special,Single / not married,House / apartment,0.031329,-11953,-1637,-1641,-275,,1,1,0,1,0,0,Medicine staff,4.0,2,2,SATURDAY,15,0,0,0,0,0,0,Medicine,0.263105613,0.33710912,,,,,,,,,,,,,,,,,,,,,,,,,,,,,,,,,,,,,,,,,,,,,,,,,0.0,0.0,0.0,0.0,-931.0,0,1,0,0,0,0,0,0,0,0,0,0,0,0,0,0,0,0,0,0,,,,,,
103875,1/12/2018,0,Cash loans,M,Y,Y,1,225000.0,450000.0,25965.0,450000.0,Family,Commercial associate,Secondary / secondary special,Married,House / apartment,0.014464,-12707,-3106,-1118,-3940,16.0,1,1,1,1,0,0,Drivers,3.0,2,2,TUESDAY,9,0,0,0,0,1,1,Transport: type 3,0.435869345,0.146174586,,,,,,,,,,,,,,,,,,,,,,,,,,,,,,,,,,,,,,,,,,,,,,,,,9.0,0.0,9.0,0.0,-1594.0,0,1,0,0,0,0,0,0,0,0,0,0,0,0,0,0,0,0,0,0,,,,,,
104307,1/14/2018,0,Cash loans,M,Y,N,2,144000.0,1183963.5,34749.0,927000.0,Unaccompanied,Working,Secondary / secondary special,Married,With parents,0.009657,-16557,-3194,-8073,-100,7.0,1,1,0,1,0,0,Laborers,4.0,2,2,FRIDAY,13,0,0,0,0,0,0,Business Entity Type 3,,0.352001924,0.000527265,,,,,,,,,,,,,,,,,,,,,,,,,,,,,,,,,,,,,,,,,,,,,,,,3.0,0.0,3.0,0.0,-1832.0,0,0,0,0,0,0,1,0,0,0,0,0,0,0,0,0,0,0,0,0,0.0,0.0,0.0,0.0,0.0,1.0
132666,4/11/2018,0,Cash loans,M,Y,Y,0,180000.0,328365.0,35491.5,297000.0,Unaccompanied,State servant,Secondary / secondary special,Single / not married,Office apartment,0.020713,-9585,-1008,-2076,-2264,10.0,1,1,0,1,0,0,High skill tech staff,1.0,3,3,FRIDAY,7,0,0,0,1,1,0,Military,0.836203479,0.409430972,0.638043528,,,,,,,,,,,,,,,,,,,,,,,,,,,,,,,,,,,,,,,,,,,,,,,,1.0,0.0,1.0,0.0,0.0,0,0,0,0,0,0,1,0,0,0,0,0,0,0,0,0,0,0,0,0,0.0,0.0,0.0,0.0,0.0,2.0
134191,4/15/2018,0,Revolving loans,M,N,Y,0,157500.0,315000.0,15750.0,315000.0,Unaccompanied,Pensioner,Secondary / secondary special,Married,Municipal apartment,0.032561,-18254,365243,-10184,-1149,,1,0,0,1,0,1,,2.0,1,1,TUESDAY,13,0,0,0,0,0,0,XNA,0.390313383,0.697863015,0.484851475,0.0526,0.119,0.9836,0.7756,,0.12,0.0345,0.5833,0.625,0.0601,0.0454,0.1187,0.0154,0.0756,0.0536,0.1235,0.9836,0.7844,,0.1208,0.0345,0.5833,0.625,0.0614,0.0496,0.1236,0.0156,0.08,0.0531,0.119,0.9836,0.7786,,0.12,0.0345,0.5833,0.625,0.0611,0.0462,0.1208,0.0155,0.0772,reg oper account,block of flats,0.0886,"Stone, brick",No,0.0,0.0,0.0,0.0,-2437.0,0,0,0,0,0,0,0,0,0,0,0,0,0,0,0,0,0,0,0,0,0.0,0.0,0.0,1.0,2.0,3.0
111766,2/5/2018,1,Cash loans,F,N,Y,0,121500.0,284400.0,22468.5,225000.0,Unaccompanied,Working,Secondary / secondary special,Married,House / apartment,0.008474,-10901,-208,-2862,-1506,,1,1,0,1,1,0,,2.0,2,2,THURSDAY,11,0,1,1,0,1,1,Other,,0.12297974,0.283711883,0.0722,0.0825,0.9906,0.8708,0.1117,0.0,0.1552,0.1667,0.2083,0.007,0.0584,0.0671,0.0019,0.0608,0.063,0.0651,0.9906,0.8759,0.0384,0.0,0.1034,0.1667,0.2083,0.0,0.0551,0.0414,0.0,0.0,0.0729,0.0825,0.9906,0.8725,0.1124,0.0,0.1552,0.1667,0.2083,0.0071,0.0594,0.0683,0.0019,0.062,reg oper account,block of flats,0.0215,"Stone, brick",No,1.0,0.0,1.0,0.0,-830.0,0,1,0,0,0,0,0,0,0,0,0,0,0,0,0,0,0,0,0,0,2.0,2.0,0.0,0.0,2.0,1.0
152554,6/11/2018,0,Cash loans,F,N,Y,0,99000.0,71955.0,7137.0,67500.0,Family,Pensioner,Secondary / secondary special,Civil marriage,House / apartment,0.031329,-20539,365243,-8552,-3934,,1,0,0,1,0,0,,2.0,2,2,WEDNESDAY,12,0,0,0,0,0,0,XNA,,0.581394933,0.670651753,0.0732,0.0649,0.9776,0.694,0.0078,0.0,0.1379,0.1667,0.2083,0.0567,0.0588,0.0613,0.0039,0.006,0.0746,0.0674,0.9777,0.706,0.0079,0.0,0.1379,0.1667,0.2083,0.058,0.0643,0.0638,0.0039,0.0064,0.0739,0.0649,0.9776,0.6981,0.0078,0.0,0.1379,0.1667,0.2083,0.0577,0.0599,0.0624,0.0039,0.0061,reg oper account,block of flats,0.0538,"Stone, brick",No,3.0,0.0,3.0,0.0,-706.0,0,1,0,0,0,0,0,0,0,0,0,0,0,0,0,0,0,0,0,0,0.0,0.0,0.0,0.0,0.0,1.0
141690,5/9/2018,0,Cash loans,M,Y,Y,0,337500.0,628114.5,22689.0,477000.0,Unaccompanied,Working,Higher education,Married,House / apartment,0.022625,-22109,-996,-2789,-3664,6.0,1,1,0,1,0,0,High skill tech staff,2.0,2,2,FRIDAY,13,0,0,0,0,0,0,Business Entity Type 3,,0.591693151,0.556727426,0.2639,0.0737,0.9801,0.728,0.119,0.0,0.069,0.625,0.6667,0.0404,0.2152,0.2358,0.0,0.0,0.2689,0.0765,0.9801,0.7387,0.1201,0.0,0.069,0.625,0.6667,0.0413,0.2351,0.2457,0.0,0.0,0.2665,0.0737,0.9801,0.7316,0.1198,0.0,0.069,0.625,0.6667,0.0411,0.2189,0.24,0.0,0.0,reg oper account,block of flats,0.1869,Panel,No,2.0,0.0,2.0,0.0,-207.0,0,1,0,0,0,0,0,0,0,0,0,0,0,0,0,0,0,0,0,0,0.0,0.0,0.0,3.0,0.0,6.0
145519,5/20/2018,1,Cash loans,F,N,N,0,157500.0,755190.0,33394.5,675000.0,Unaccompanied,Working,Secondary / secondary special,Widow,House / apartment,0.019101,-15922,-1859,-8973,-4325,,1,1,0,1,0,0,,1.0,2,2,SUNDAY,10,0,0,0,0,1,1,Self-employed,0.495302547,0.583123582,0.000527265,,,,,,,,,,,,,,,,,,,,,,,,,,,,,,,,,,,,,,,,,,,,,,,,0.0,0.0,0.0,0.0,-2.0,0,0,0,0,0,0,1,0,0,0,0,0,0,0,0,0,0,0,0,0,0.0,0.0,0.0,0.0,0.0,1.0
130651,4/4/2018,0,Cash loans,F,N,Y,0,225000.0,1185120.0,39298.5,900000.0,Unaccompanied,Working,Secondary / secondary special,Single / not married,House / apartment,0.035792,-17413,-6362,-9736,-967,,1,1,0,1,0,0,,1.0,2,2,WEDNESDAY,11,0,0,0,0,1,1,Transport: type 4,,0.5636394,0.590233339,,,,,,,,,,,,,,,,,,,,,,,,,,,,,,,,,,,,,,,,,,,,,,,,0.0,0.0,0.0,0.0,-2050.0,0,1,0,0,0,0,0,0,0,0,0,0,0,0,0,0,0,0,0,0,0.0,0.0,0.0,0.0,0.0,1.0
100008,1/1/2018,0,Cash loans,M,N,Y,0,99000.0,490495.5,27517.5,454500.0,"Spouse, partner",State servant,Secondary / secondary special,Married,House / apartment,0.035792,-16941,-1588,-4970,-477,,1,1,1,1,1,0,Laborers,2.0,2,2,WEDNESDAY,16,0,0,0,0,0,0,Other,,0.354224732,0.621226338,,,,,,,,,,,,,,,,,,,,,,,,,,,,,,,,,,,,,,,,,,,,,,,,0.0,0.0,0.0,0.0,-2536.0,0,1,0,0,0,0,0,0,0,0,0,0,0,0,0,0,0,0,0,0,0.0,0.0,0.0,0.0,1.0,1.0
119035,2/28/2018,0,Cash loans,F,N,Y,0,85500.0,700830.0,20619.0,585000.0,Unaccompanied,State servant,Secondary / secondary special,Married,House / apartment,0.031329,-18013,-8749,-7149,-1476,,1,1,0,1,0,0,High skill tech staff,2.0,2,2,SUNDAY,8,0,0,0,0,0,0,Government,,0.654725172,0.429423684,0.2216,0.114,0.9801,0.728,0.0305,0.24,0.2069,0.3333,0.375,0.1061,0.1807,0.2114,0.0,0.0,0.2258,0.1183,0.9801,0.7387,0.0308,0.2417,0.2069,0.3333,0.375,0.1085,0.1974,0.2202,0.0,0.0,0.2238,0.114,0.9801,0.7316,0.0307,0.24,0.2069,0.3333,0.375,0.108,0.1838,0.2152,0.0,0.0,reg oper account,block of flats,0.1663,"Stone, brick",No,1.0,0.0,1.0,0.0,-2505.0,0,1,0,0,0,0,0,0,0,0,0,0,0,0,0,0,0,0,0,0,0.0,0.0,0.0,0.0,0.0,1.0
126145,3/22/2018,0,Cash loans,F,N,Y,0,157500.0,562491.0,23962.5,454500.0,Unaccompanied,Working,Higher education,Married,House / apartment,0.010032,-16211,-1481,-3744,-4546,,1,1,0,1,0,0,Core staff,2.0,2,2,THURSDAY,8,0,0,0,0,0,0,School,0.735375802,0.593124073,0.772631135,0.0928,0.0694,0.995,0.932,,0.12,0.1034,0.375,,,,0.0702,,,0.0945,0.0721,0.995,0.9347,,0.1208,0.1034,0.375,,,,0.0731,,,0.0937,0.0694,0.995,0.9329,,0.12,0.1034,0.375,,,,0.0715,,,reg oper account,block of flats,0.0902,"Stone, brick",No,0.0,0.0,0.0,0.0,0.0,0,1,0,0,0,0,0,0,0,0,0,0,0,0,0,0,0,0,0,0,0.0,0.0,0.0,0.0,0.0,0.0
127826,3/27/2018,0,Revolving loans,F,N,Y,0,450000.0,495000.0,24750.0,495000.0,Unaccompanied,Commercial associate,Higher education,Single / not married,House / apartment,0.04622,-10148,-2281,-165,-1144,,1,1,0,1,0,0,Managers,1.0,1,1,MONDAY,9,0,1,1,0,0,0,Bank,0.266969441,0.423144524,0.272133684,0.4825,0.2035,0.9985,0.9796,0.2756,0.72,0.2069,0.7917,0.8333,0.0,0.3833,0.4825,0.0463,0.0825,0.4916,0.2112,0.9985,0.9804,0.2782,0.725,0.2069,0.7917,0.8333,0.0,0.4187,0.5027,0.0467,0.0874,0.4871,0.2035,0.9985,0.9799,0.2774,0.72,0.2069,0.7917,0.8333,0.0,0.3899,0.4911,0.0466,0.0843,reg oper account,block of flats,0.5481,Panel,No,0.0,0.0,0.0,0.0,0.0,0,0,0,0,0,0,0,0,0,0,0,0,0,0,0,0,0,0,0,0,0.0,0.0,0.0,0.0,0.0,0.0
104609,1/15/2018,0,Cash loans,F,N,N,0,90000.0,562500.0,16578.0,562500.0,Unaccompanied,Working,Secondary / secondary special,Single / not married,House / apartment,0.031329,-19435,-3014,-7599,-2334,,1,1,0,1,1,0,,1.0,2,2,THURSDAY,16,0,0,0,0,0,0,Self-employed,0.741735219,0.622384548,0.248535557,0.0443,0.0533,0.9806,0.7348,0.0093,0.0,0.1034,0.1042,0.1458,0.0275,0.0361,0.0458,0.0019,0.0036,0.0126,0.0,0.9717,0.6276,0.0023,0.0,0.069,0.0417,0.0833,0.0281,0.011,0.0134,0.0,0.0,0.0448,0.0533,0.9806,0.7383,0.0094,0.0,0.1034,0.1042,0.1458,0.0279,0.0368,0.0466,0.0019,0.0037,reg oper account,block of flats,0.0636,"Stone, brick",No,0.0,0.0,0.0,0.0,-225.0,0,0,0,0,1,0,0,0,0,0,0,0,0,0,0,0,0,0,0,0,0.0,0.0,0.0,1.0,4.0,3.0
137758,4/26/2018,0,Cash loans,M,N,Y,1,202500.0,450000.0,21109.5,450000.0,Family,Commercial associate,Secondary / secondary special,Married,House / apartment,0.026392,-11342,-1101,-4553,-3277,,1,1,0,1,1,0,Laborers,3.0,2,2,SATURDAY,15,0,0,0,0,0,0,Business Entity Type 3,,0.687548639,0.667457742,0.1113,,0.9935,,,0.12,0.1034,0.375,,,,0.1198,,0.0016,0.1134,,0.9935,,,0.1208,0.1034,0.375,,,,0.1248,,0.0017,0.1124,,0.9935,,,0.12,0.1034,0.375,,,,0.122,,0.0016,,block of flats,0.0946,Panel,No,0.0,0.0,0.0,0.0,-1868.0,0,1,0,0,0,0,0,0,0,0,0,0,0,0,0,0,0,0,0,0,0.0,0.0,0.0,0.0,0.0,2.0
129643,4/1/2018,0,Cash loans,F,N,N,1,162000.0,526491.0,23319.0,454500.0,Unaccompanied,State servant,Secondary / secondary special,Married,House / apartment,0.008625,-13712,-2432,-1215,-766,,1,1,1,1,1,0,Medicine staff,3.0,2,2,SUNDAY,12,0,0,0,0,0,0,Transport: type 2,0.817949444,0.602257266,,,,,,,,,,,,,,,,,,,,,,,,,,,,,,,,,,,,,,,,,,,,,,,,,0.0,0.0,0.0,0.0,-570.0,0,1,0,0,0,0,0,0,0,0,0,0,0,0,0,0,0,0,0,0,0.0,0.0,0.0,0.0,0.0,1.0
140559,5/5/2018,0,Cash loans,F,N,N,0,108000.0,900000.0,29745.0,900000.0,Unaccompanied,Pensioner,Higher education,Single / not married,House / apartment,0.01885,-23268,365243,-8449,-5092,,1,0,0,1,0,0,,1.0,2,2,SUNDAY,17,0,0,0,0,0,0,XNA,,0.73298272,0.759712182,0.1371,0.1045,0.9707,,,0.0,0.2414,0.1667,,0.2341,,0.1551,,0.1289,0.1397,0.1084,0.9707,,,0.0,0.2414,0.1667,,0.2394,,0.1616,,0.1365,0.1384,0.1045,0.9707,,,0.0,0.2414,0.1667,,0.2382,,0.1579,,0.1316,,block of flats,0.1667,"Stone, brick",No,0.0,0.0,0.0,0.0,-1603.0,0,1,0,0,0,0,0,0,0,0,0,0,0,0,0,0,0,0,0,0,0.0,0.0,0.0,0.0,0.0,0.0
157798,6/27/2018,0,Cash loans,M,Y,Y,0,337500.0,719946.0,33489.0,643500.0,Unaccompanied,Commercial associate,Incomplete higher,Married,House / apartment,0.018634,-17738,-1289,-2743,-1268,8.0,1,1,0,1,1,0,,2.0,2,2,TUESDAY,12,0,0,0,0,0,0,Construction,0.565098826,0.582490865,0.334454126,0.1814,0.1441,0.9851,0.796,0.0782,0.2,0.1724,0.3333,0.0417,0.0883,0.1479,0.1908,0.0,0.0,0.1849,0.1495,0.9851,0.804,0.079,0.2014,0.1724,0.3333,0.0417,0.0904,0.1616,0.1988,0.0,0.0,0.1832,0.1441,0.9851,0.7987,0.0787,0.2,0.1724,0.3333,0.0417,0.0899,0.1505,0.1942,0.0,0.0,org spec account,block of flats,0.1928,Panel,No,0.0,0.0,0.0,0.0,-2004.0,0,0,0,0,1,0,0,0,0,0,0,0,0,0,0,0,0,0,0,0,0.0,0.0,0.0,0.0,2.0,5.0
122167,3/9/2018,0,Cash loans,F,N,N,0,103500.0,531706.5,17703.0,459000.0,Family,Working,Secondary / secondary special,Married,With parents,0.030755,-10478,-3198,-5007,-1728,,1,1,0,1,0,0,Sales staff,2.0,2,2,TUESDAY,10,0,0,0,0,0,0,Self-employed,,0.285897872,0.676992503,,,,,,,,,,,,,,,,,,,,,,,,,,,,,,,,,,,,,,,,,,,,,,,,1.0,0.0,1.0,0.0,-1884.0,0,1,0,0,0,0,0,0,0,0,0,0,0,0,0,0,0,0,0,0,0.0,0.0,0.0,0.0,0.0,1.0
122642,3/11/2018,0,Cash loans,F,N,Y,1,67500.0,450000.0,19953.0,450000.0,Unaccompanied,Working,Secondary / secondary special,Married,House / apartment,0.028663,-17095,-9954,-9328,-627,,1,1,0,1,0,0,Laborers,3.0,2,2,SATURDAY,13,0,0,0,0,0,0,Business Entity Type 2,,0.560485168,0.399675616,0.0928,0.0927,0.9806,,,,0.2069,0.1667,,0.0162,,0.0802,,,0.0945,0.0962,0.9806,,,,0.2069,0.1667,,0.0166,,0.0836,,,0.0937,0.0927,0.9806,,,,0.2069,0.1667,,0.0165,,0.0817,,,,block of flats,0.0703,Panel,No,1.0,0.0,1.0,0.0,-1297.0,0,1,0,0,0,0,0,0,0,0,0,0,0,0,0,0,0,0,0,0,0.0,0.0,0.0,1.0,0.0,2.0
138735,4/30/2018,0,Cash loans,F,N,N,0,81000.0,277969.5,18706.5,229500.0,Unaccompanied,Commercial associate,Secondary / secondary special,Married,House / apartment,0.035792,-10197,-685,-2588,-761,,1,1,0,1,0,0,Sales staff,2.0,2,2,MONDAY,12,0,0,0,1,1,0,Business Entity Type 3,0.374434938,0.673309167,0.538862707,,,,,,,,,,,,,,,,,,,,,,,,,,,,,,,,,,,,,,,,,,,,,,,,4.0,0.0,4.0,0.0,-500.0,0,1,0,0,0,0,0,0,0,0,0,0,0,0,0,0,0,0,0,0,0.0,0.0,0.0,0.0,0.0,4.0
150438,6/5/2018,1,Cash loans,M,N,Y,0,315000.0,942300.0,30528.0,675000.0,Unaccompanied,Working,Secondary / secondary special,Married,House / apartment,0.02461,-13565,-829,-504,-775,,1,1,0,1,1,0,Drivers,2.0,2,2,TUESDAY,13,0,0,0,1,1,0,Business Entity Type 3,0.506579036,0.238325353,0.309275356,,,,,,,,,,,,,,,,,,,,,,,,,,,,,,,,,,,,,,,,,,,,,,,,0.0,0.0,0.0,0.0,-1693.0,0,1,0,0,0,0,0,0,0,0,0,0,0,0,0,0,0,0,0,0,0.0,0.0,0.0,0.0,0.0,4.0
115025,2/15/2018,0,Cash loans,M,N,N,0,346275.0,1633473.0,43218.0,1363500.0,Family,Working,Secondary / secondary special,Married,House / apartment,0.016612,-19582,-7914,-326,-3120,,1,1,1,1,0,0,Laborers,2.0,2,2,FRIDAY,16,0,0,0,0,0,0,School,0.539914288,0.518351472,,,,,,,,,,,,,,,,,,,,,,,,,,,,,,,,,,,,,,,,,,,,,,,,,3.0,2.0,3.0,1.0,-3.0,0,1,0,0,0,0,0,0,0,0,0,0,0,0,0,0,1,0,0,0,0.0,0.0,0.0,0.0,0.0,0.0
135743,4/20/2018,0,Cash loans,F,N,Y,0,112500.0,270000.0,26433.0,270000.0,Family,Pensioner,Secondary / secondary special,Single / not married,House / apartment,0.018209,-21705,365243,-4473,-4998,,1,0,0,1,0,0,,1.0,3,3,MONDAY,10,0,0,0,0,0,0,XNA,0.719272035,0.15094844,0.45969045,,,,,,,,,,,,,,,,,,,,,,,,,,,,,,,,,,,,,,,,,,,,,,,,9.0,0.0,9.0,0.0,-443.0,0,1,0,0,0,0,0,0,0,0,0,0,0,0,0,0,0,0,0,0,0.0,0.0,0.0,0.0,1.0,1.0
156684,6/24/2018,0,Cash loans,F,N,N,0,171000.0,640080.0,31261.5,450000.0,Unaccompanied,State servant,Higher education,Married,Office apartment,0.003818,-13999,-425,-2215,-4482,,1,1,0,1,1,0,Sales staff,2.0,2,2,FRIDAY,7,0,0,0,0,0,0,Trade: type 7,,0.344527222,0.670651753,0.0915,0.0598,0.9781,0.7076,0.1301,0.0,0.1655,0.1583,0.0208,0.0334,0.1765,0.0627,0.0,0.0,0.063,0.0487,0.9782,0.719,0.1312,0.0,0.2069,0.1667,0.0,0.0266,0.1873,0.0479,0.0,0.0,0.0999,0.0607,0.9781,0.7115,0.1309,0.0,0.2069,0.1667,0.0208,0.034,0.1796,0.0599,0.0,0.0,reg oper account,block of flats,0.0428,Block,No,0.0,0.0,0.0,0.0,-1530.0,0,1,0,0,0,0,0,0,0,0,0,0,0,0,0,0,0,0,0,0,0.0,0.0,0.0,0.0,0.0,0.0
125314,3/19/2018,1,Cash loans,F,N,Y,1,135000.0,284400.0,18643.5,225000.0,Unaccompanied,Working,Secondary / secondary special,Single / not married,House / apartment,0.02461,-14623,-2789,-1370,-4600,,1,1,0,1,1,1,Laborers,2.0,2,2,THURSDAY,14,0,0,0,0,0,0,Housing,0.217256437,0.03975142,0.15951954,0.0082,,0.9722,,,0.0,0.0345,0.0417,,0.0152,,0.0074,,0.0,0.0084,,0.9722,,,0.0,0.0345,0.0417,,0.0155,,0.0077,,0.0,0.0083,,0.9722,,,0.0,0.0345,0.0417,,0.0154,,0.0075,,0.0,,block of flats,0.0068,Others,No,0.0,0.0,0.0,0.0,-132.0,0,1,0,0,0,0,0,0,0,0,0,0,0,0,0,0,0,0,0,0,0.0,0.0,0.0,2.0,0.0,2.0
121817,3/8/2018,0,Cash loans,M,Y,N,0,202500.0,855000.0,43785.0,855000.0,Unaccompanied,Working,Secondary / secondary special,Civil marriage,House / apartment,0.006671,-18506,-1811,-6257,-1602,29.0,1,1,0,1,1,0,Laborers,2.0,2,2,WEDNESDAY,11,0,0,0,0,0,0,Transport: type 4,,0.61461923,0.595456203,0.0196,0.0235,0.9652,0.524,0.0146,0.0,0.0345,0.0833,0.125,0.0,0.016,0.0139,0.0,0.0,0.02,0.0244,0.9652,0.5426,0.0147,0.0,0.0345,0.0833,0.125,0.0,0.0174,0.0144,0.0,0.0,0.0198,0.0235,0.9652,0.5304,0.0147,0.0,0.0345,0.0833,0.125,0.0,0.0162,0.0141,0.0,0.0,reg oper account,block of flats,0.0189,"Stone, brick",No,0.0,0.0,0.0,0.0,-634.0,0,1,0,0,0,0,0,0,0,0,0,0,0,0,0,0,0,0,0,0,0.0,0.0,0.0,1.0,0.0,0.0
117931,2/24/2018,0,Cash loans,F,N,Y,0,135000.0,239850.0,24705.0,225000.0,Unaccompanied,Working,Secondary / secondary special,Married,House / apartment,0.011657,-19617,-2457,-10909,-2844,,1,1,1,1,1,0,HR staff,2.0,1,1,THURSDAY,12,0,0,0,1,1,1,Business Entity Type 3,0.723286351,0.68501099,0.70918911,,,,,,,,,,,,,,,,,,,,,,,,,,,,,,,,,,,,,,,,,,,,,,,,5.0,1.0,5.0,1.0,-1814.0,0,1,0,0,0,0,0,0,0,0,0,0,0,0,0,0,0,0,0,0,0.0,0.0,0.0,0.0,1.0,1.0
118632,2/26/2018,0,Cash loans,M,Y,Y,0,270000.0,1300500.0,38025.0,1300500.0,Family,Commercial associate,Secondary / secondary special,Married,House / apartment,0.019101,-17734,-8111,-2247,-1284,10.0,1,1,1,1,0,0,Managers,2.0,2,2,MONDAY,12,0,0,0,0,1,1,Construction,0.822566654,0.681328582,0.687932838,,,,,,,,,,,,,,,,,,,,,,,,,,,,,,,,,,,,,,,,,,,,,,,,1.0,0.0,1.0,0.0,-1530.0,0,1,0,0,0,0,0,0,0,0,0,0,0,0,0,0,0,0,0,0,0.0,0.0,0.0,1.0,0.0,0.0
110611,2/2/2018,0,Revolving loans,F,N,Y,0,247500.0,337500.0,16875.0,337500.0,Unaccompanied,Commercial associate,Incomplete higher,Married,House / apartment,0.019101,-14099,-2561,-7061,-4239,,1,1,1,1,0,0,Laborers,2.0,2,2,TUESDAY,18,0,0,0,0,0,0,Self-employed,0.594813975,0.594711549,0.775155267,,,,,,,,,,,,,,,,,,,,,,,,,,,,,,,,,,,,,,,,,,,,,,,,1.0,0.0,1.0,0.0,-1486.0,0,0,0,0,0,0,0,0,0,0,0,0,0,0,0,0,0,0,0,0,0.0,0.0,0.0,0.0,0.0,3.0
111160,2/4/2018,1,Cash loans,F,N,N,0,180000.0,1350000.0,48492.0,1350000.0,Unaccompanied,Working,Higher education,Married,House / apartment,0.00496,-14523,-2895,-871,-4231,,1,1,0,1,0,0,Core staff,2.0,2,2,SATURDAY,15,0,0,0,0,0,0,Security Ministries,,0.515856029,0.262248971,0.1392,,0.997,0.9524,0.0,0.16,0.1379,0.25,0.0417,,0.0807,0.1909,0.1506,0.1654,0.1418,,0.997,0.9543,0.0,0.1611,0.1379,0.1667,0.0417,,0.0882,0.1989,0.1518,0.1751,0.1405,,0.997,0.953,0.0,0.16,0.1379,0.25,0.0417,,0.0821,0.1943,0.1514,0.1688,reg oper spec account,block of flats,0.1861,Block,No,0.0,0.0,0.0,0.0,0.0,0,1,0,0,0,0,0,0,0,0,0,0,0,0,0,0,0,0,0,0,0.0,0.0,0.0,1.0,0.0,3.0
103236,1/10/2018,0,Cash loans,M,N,Y,0,112500.0,640080.0,31261.5,450000.0,Unaccompanied,Commercial associate,Secondary / secondary special,Single / not married,Rented apartment,0.019689,-10727,-1623,-3185,-3185,,1,1,0,1,0,0,Laborers,1.0,2,2,MONDAY,12,0,0,0,1,1,0,Business Entity Type 3,,0.302896872,0.617826147,,,,,,,,,,,,,,,,,,,,,,,,,,,,,,,,,,,,,,,,,,,,,,,,0.0,0.0,0.0,0.0,-828.0,0,1,0,0,0,0,0,0,0,0,0,0,0,0,0,0,0,0,0,0,0.0,0.0,0.0,1.0,0.0,0.0
109603,1/30/2018,0,Cash loans,F,Y,Y,2,54000.0,225000.0,15034.5,225000.0,Unaccompanied,Working,Higher education,Married,House / apartment,0.028663,-12730,-133,-2695,-3346,8.0,1,1,0,1,0,0,,4.0,2,2,TUESDAY,12,0,0,0,0,1,1,Business Entity Type 3,0.580803898,0.705252451,0.470456116,,,,,,,,,,,,,,,,,,,,,,,,,,,,,,,,,,,,,,,,,,,,,,,,0.0,0.0,0.0,0.0,-1821.0,0,1,0,0,0,0,0,0,0,0,0,0,0,0,0,0,0,0,0,0,0.0,0.0,0.0,1.0,0.0,0.0
147645,5/27/2018,0,Cash loans,F,N,N,2,108000.0,450000.0,21649.5,450000.0,Unaccompanied,Working,Higher education,Married,House / apartment,0.030755,-13638,-3342,-5549,-1506,,1,1,0,1,0,0,Laborers,4.0,2,2,FRIDAY,18,0,0,0,0,1,1,Industry: type 3,,0.108729474,0.562060483,,,,,,,,,,,,,,,,,,,,,,,,,,,,,,,,,,,,,,,,,,,,,,,,0.0,0.0,0.0,0.0,-1386.0,0,0,0,1,0,0,0,0,0,0,0,0,0,0,0,0,0,0,0,0,0.0,0.0,0.0,1.0,0.0,2.0
118004,2/24/2018,0,Cash loans,F,Y,N,0,225000.0,1125000.0,40540.5,1125000.0,Unaccompanied,Working,Higher education,Married,House / apartment,0.028663,-10045,-640,-885,-2618,6.0,1,1,0,1,0,0,,2.0,2,2,MONDAY,11,0,0,0,0,1,1,Business Entity Type 3,,0.513736734,0.641368257,,,,,,,,,,,,,,,,,,,,,,,,,,,,,,,,,,,,,,,,,,,,,,,,0.0,0.0,0.0,0.0,-347.0,0,1,0,0,0,0,0,0,0,0,0,0,0,0,0,0,0,0,0,0,0.0,0.0,0.0,0.0,0.0,3.0
135564,4/20/2018,0,Cash loans,M,N,N,0,202500.0,318411.0,21276.0,288000.0,Unaccompanied,Working,Secondary / secondary special,Civil marriage,Office apartment,0.006629,-11191,-1854,-250,-1853,,1,1,0,1,0,0,Laborers,2.0,2,2,SATURDAY,9,0,0,0,0,0,0,Business Entity Type 3,0.17384158,0.085250014,,0.04,0.0,0.9955,0.9048,0.0059,0.0,0.0852,0.105,0.0533,0.0282,0.033,0.0319,0.0,0.0116,0.0315,0.0,0.9975,0.9477,0.0076,0.0,0.069,0.125,0.0417,0.0095,0.0321,0.0126,0.0,0.0,0.0317,0.0,0.997,0.9463,0.0065,0.0,0.069,0.125,0.0417,0.0203,0.0304,0.0308,0.0,0.0,reg oper spec account,block of flats,0.0284,Block,No,6.0,0.0,6.0,0.0,-651.0,0,1,0,0,0,0,0,0,0,0,0,0,0,0,0,0,0,0,0,0,,,,,,
134656,4/17/2018,0,Cash loans,F,N,Y,0,112500.0,675000.0,22437.0,675000.0,Unaccompanied,Pensioner,Secondary / secondary special,Widow,Office apartment,0.030755,-23156,365243,-10111,-1093,,1,0,0,1,0,0,,1.0,2,2,FRIDAY,15,0,0,0,0,0,0,XNA,,0.719207157,0.538862707,,,,,,,,,,,,,,,,,,,,,,,,,,,,,,,,,,,,,,,,,,,,,,,,9.0,2.0,9.0,0.0,-390.0,0,0,0,0,1,0,0,0,0,0,0,0,0,0,0,0,0,0,0,0,0.0,0.0,0.0,0.0,0.0,0.0
117701,2/23/2018,0,Cash loans,F,N,N,0,126000.0,1236816.0,34141.5,1080000.0,Unaccompanied,Commercial associate,Secondary / secondary special,Civil marriage,House / apartment,0.025164,-20356,-12376,-11984,-2962,,1,1,0,1,0,0,,2.0,2,2,TUESDAY,9,0,0,0,0,0,0,Business Entity Type 2,,0.16713676,0.75037515,,,,,,,,,,,,,,,,,,,,,,,,,,,,,,,,,,,,,,,,,,,,,,,,2.0,0.0,2.0,0.0,-1638.0,0,1,0,0,0,0,0,0,0,0,0,0,0,0,1,0,0,0,0,0,0.0,0.0,0.0,0.0,0.0,2.0
155363,6/20/2018,1,Cash loans,M,Y,Y,0,157500.0,358443.0,13639.5,252000.0,Unaccompanied,Working,Secondary / secondary special,Married,House / apartment,0.025164,-17354,-705,-171,-860,19.0,1,1,0,1,0,0,Laborers,2.0,2,2,SUNDAY,9,0,0,0,0,0,0,Industry: type 4,0.272390668,0.618744203,,,,,,,,,,,,,,,,,,,,,,,,,,,,,,,,,,,,,,,,,,,,,,,,,2.0,0.0,2.0,0.0,-694.0,0,1,0,0,0,0,0,0,0,0,0,0,0,0,0,0,0,0,0,0,,,,,,
112140,2/7/2018,0,Cash loans,F,N,Y,0,157500.0,320382.0,16488.0,229500.0,Unaccompanied,Working,Secondary / secondary special,Widow,House / apartment,0.02461,-19019,-2747,-6119,-2549,,1,1,0,1,0,0,Medicine staff,1.0,2,2,THURSDAY,8,0,0,0,0,1,1,Medicine,,0.587237434,0.12064103,,,,,,,,,,,,,,,,,,,,,,,,,,,,,,,,,,,,,,,,,,,,,,,,0.0,0.0,0.0,0.0,-577.0,0,1,0,0,0,0,0,0,0,0,0,0,0,0,0,0,0,0,0,0,0.0,0.0,0.0,1.0,0.0,0.0
147381,5/26/2018,0,Cash loans,M,Y,Y,0,270000.0,562491.0,27189.0,454500.0,Unaccompanied,Commercial associate,Secondary / secondary special,Single / not married,House / apartment,0.032561,-12002,-4295,-11101,-2384,4.0,1,1,0,1,0,1,Managers,1.0,1,1,MONDAY,18,0,0,0,0,0,0,Industry: type 11,,0.793833185,0.595456203,0.6216,0.2123,0.9846,0.7892,0.108,0.64,0.5517,0.3333,0.375,0.028,0.506,0.6289,0.0039,0.0376,0.6334,0.2203,0.9846,0.7975,0.109,0.6445,0.5517,0.3333,0.375,0.0287,0.5528,0.6552,0.0039,0.0398,0.6277,0.2123,0.9846,0.792,0.1087,0.64,0.5517,0.3333,0.375,0.0285,0.5148,0.6402,0.0039,0.0384,,block of flats,0.5028,Panel,No,3.0,1.0,3.0,1.0,-2525.0,0,1,0,0,0,0,0,0,0,0,0,0,0,0,0,0,0,0,0,0,0.0,0.0,0.0,0.0,0.0,1.0
105158,1/16/2018,0,Revolving loans,F,N,Y,0,90000.0,270000.0,13500.0,270000.0,Unaccompanied,Working,Secondary / secondary special,Married,House / apartment,0.005144,-11634,-754,-2103,-4104,,1,1,0,1,0,0,Core staff,2.0,2,2,THURSDAY,16,0,0,0,0,1,1,Trade: type 2,,0.547393831,0.519097338,,,,,,,,,,,,,,,,,,,,,,,,,,,,,,,,,,,,,,,,,,,,,,,,0.0,0.0,0.0,0.0,-1732.0,0,0,0,0,0,0,0,0,0,0,0,0,0,0,0,0,0,0,0,0,0.0,0.0,0.0,0.0,1.0,8.0
145934,5/22/2018,0,Cash loans,F,N,Y,0,103500.0,715095.0,48109.5,675000.0,Unaccompanied,Pensioner,Secondary / secondary special,Married,House / apartment,0.01885,-21967,365243,-4526,-4616,,1,0,0,1,0,0,,2.0,2,2,FRIDAY,10,0,0,0,1,0,0,XNA,,0.35577193,,,,,,,,,,,,,,,,,,,,,,,,,,,,,,,,,,,,,,,,,,,,,,,,,0.0,0.0,0.0,0.0,-525.0,0,1,0,0,0,0,0,0,0,0,0,0,0,0,0,0,0,0,0,0,,,,,,
114021,2/12/2018,0,Cash loans,F,N,N,0,225000.0,900000.0,35824.5,900000.0,Unaccompanied,State servant,Higher education,Separated,House / apartment,0.009175,-14575,-3270,-8232,-3957,,1,1,0,1,1,0,High skill tech staff,1.0,2,2,FRIDAY,17,1,1,0,1,1,0,Self-employed,,0.661774293,0.81391747,0.1237,0.1541,0.9757,0.6668,0.0121,0.0,0.2069,0.1667,0.2083,0.0858,0.1009,0.0817,,0.0391,0.1261,0.1599,0.9757,0.6798,0.0122,0.0,0.2069,0.1667,0.2083,0.0877,0.1102,0.0851,,0.0414,0.1249,0.1541,0.9757,0.6713,0.0121,0.0,0.2069,0.1667,0.2083,0.0873,0.1026,0.0831,,0.0399,,block of flats,0.0727,"Stone, brick",No,4.0,0.0,4.0,0.0,-2526.0,0,1,0,0,0,0,0,0,0,0,0,0,0,0,0,0,0,0,0,0,0.0,0.0,0.0,0.0,0.0,1.0
148068,5/28/2018,0,Revolving loans,M,N,N,1,202500.0,450000.0,22500.0,450000.0,Unaccompanied,Commercial associate,Secondary / secondary special,Married,House / apartment,0.003069,-17667,-2677,-3508,-1230,,1,1,0,1,0,0,Laborers,3.0,3,3,MONDAY,11,0,0,0,0,0,0,Self-employed,0.525707529,0.718035401,0.683268831,0.0928,0.1042,0.9801,,,0.0,0.2069,0.1667,,,,0.0544,,0.0,0.0945,0.1081,0.9801,,,0.0,0.2069,0.1667,,,,0.0567,,0.0,0.0937,0.1042,0.9801,,,0.0,0.2069,0.1667,,,,0.0554,,0.0,,block of flats,0.0632,"Stone, brick",No,1.0,0.0,1.0,0.0,-890.0,0,0,0,0,0,0,0,0,0,0,0,0,0,0,0,0,0,0,0,0,0.0,0.0,0.0,1.0,1.0,3.0
127315,3/25/2018,0,Cash loans,F,Y,Y,0,135000.0,91008.0,6723.0,72000.0,Unaccompanied,Working,Secondary / secondary special,Married,House / apartment,0.010032,-11728,-605,-5799,-2276,10.0,1,1,0,1,0,0,Medicine staff,2.0,2,2,SATURDAY,3,0,0,0,0,0,0,Medicine,0.594106481,0.637704711,,0.1068,0.0727,0.9886,,,0.104,0.0897,0.375,,,,0.1142,,0.0703,0.084,0.0608,0.9886,,,0.0806,0.069,0.375,,,,0.0911,,0.0559,0.0833,0.0601,0.9886,,,0.08,0.069,0.375,,,,0.0921,,0.0553,,block of flats,0.1604,Panel,No,1.0,0.0,1.0,0.0,-1265.0,0,1,0,0,0,0,0,0,0,0,0,0,0,0,0,0,0,0,0,0,,,,,,
107827,1/24/2018,0,Cash loans,M,Y,Y,0,112500.0,225000.0,14508.0,225000.0,Unaccompanied,Working,Higher education,Single / not married,House / apartment,0.028663,-9388,-598,-68,-2058,8.0,1,1,0,1,0,0,High skill tech staff,1.0,2,2,WEDNESDAY,17,0,0,0,0,0,0,Construction,,0.162132685,0.617826147,0.1464,0.1554,0.9811,0.7416,0.0249,0.0664,0.1493,0.2775,0.3192,0.0243,0.1188,0.1107,0.0039,0.007,0.0987,0.0984,0.9816,0.7583,0.0175,0.0,0.069,0.3333,0.375,0.0217,0.0863,0.1124,0.0,0.0,0.1124,0.1554,0.9816,0.7518,0.0205,0.08,0.1034,0.3333,0.375,0.0259,0.0923,0.1099,0.0,0.0,reg oper account,block of flats,0.0848,"Stone, brick",No,2.0,0.0,2.0,0.0,-4.0,0,0,0,0,0,0,1,0,0,0,0,0,0,0,0,0,0,0,0,0,0.0,0.0,0.0,0.0,1.0,1.0
100904,1/3/2018,0,Cash loans,F,N,Y,1,45000.0,348264.0,19575.0,315000.0,Unaccompanied,Working,Secondary / secondary special,Married,House / apartment,0.00712,-17876,-344,-10499,-1408,,1,1,1,1,1,0,Sales staff,3.0,2,2,THURSDAY,8,0,0,0,0,0,0,Business Entity Type 3,,0.628005657,0.684827659,,,,,,,,,,,,,,,,,,,,,,,,,,,,,,,,,,,,,,,,,,,,,,,,0.0,0.0,0.0,0.0,-712.0,0,1,0,0,0,0,0,0,0,0,0,0,0,0,0,0,0,0,0,0,0.0,0.0,0.0,0.0,1.0,2.0
141708,5/9/2018,0,Cash loans,F,N,N,2,157500.0,450000.0,23692.5,450000.0,Unaccompanied,Working,Secondary / secondary special,Married,House / apartment,0.028663,-12716,-4494,-5894,-4382,,1,1,0,1,0,0,Sales staff,4.0,2,2,WEDNESDAY,13,0,0,0,0,0,0,Business Entity Type 3,,0.36173311,0.262248971,0.0278,0.0495,0.9846,0.7892,0.0729,0.0,0.1034,0.0833,0.125,0.0143,0.0227,0.0157,0.0,0.0,0.0284,0.0514,0.9846,0.7975,0.0735,0.0,0.1034,0.0833,0.125,0.0146,0.0248,0.0164,0.0,0.0,0.0281,0.0495,0.9846,0.792,0.0733,0.0,0.1034,0.0833,0.125,0.0145,0.0231,0.016,0.0,0.0,reg oper account,block of flats,0.0313,"Stone, brick",No,9.0,0.0,9.0,0.0,0.0,0,1,0,0,0,0,0,0,0,0,0,0,0,0,0,0,0,0,0,0,0.0,0.0,0.0,0.0,0.0,5.0
106868,1/21/2018,0,Revolving loans,F,N,Y,0,126000.0,382500.0,19125.0,382500.0,Unaccompanied,State servant,Secondary / secondary special,Married,House / apartment,0.010006,-18345,-10490,-1857,-1898,,1,1,1,1,1,0,Core staff,2.0,2,2,THURSDAY,11,0,0,0,0,0,0,Police,0.84968257,0.641686401,0.771361592,0.0577,0.1013,0.997,0.9592,0.0398,0.0,0.1379,0.125,0.1667,0.0187,0.0471,0.0656,,0.1001,0.0588,0.1051,0.997,0.9608,0.0402,0.0,0.1379,0.125,0.1667,0.0192,0.0514,0.0683,,0.106,0.0583,0.1013,0.997,0.9597,0.0401,0.0,0.1379,0.125,0.1667,0.0191,0.0479,0.0668,,0.1022,org spec account,block of flats,0.0734,Block,No,0.0,0.0,0.0,0.0,-523.0,0,0,0,0,0,0,0,0,0,0,0,0,0,0,0,0,0,0,0,0,0.0,0.0,0.0,0.0,0.0,1.0
126467,3/23/2018,1,Cash loans,F,N,Y,0,112500.0,755190.0,31995.0,675000.0,Unaccompanied,Pensioner,Higher education,Single / not married,House / apartment,0.003069,-21587,365243,-265,-1637,,1,0,0,1,0,0,,1.0,3,3,THURSDAY,17,0,0,0,0,0,0,XNA,,0.596339159,0.726711209,,,,,,,,,,,,,,,,,,,,,,,,,,,,,,,,,,,,,,,,,,,,,,,,0.0,0.0,0.0,0.0,0.0,0,1,0,0,0,0,0,0,0,0,0,0,0,0,0,0,0,0,0,0,0.0,0.0,0.0,0.0,0.0,0.0
150273,6/4/2018,0,Cash loans,M,N,N,0,202500.0,1267735.5,41026.5,1107000.0,Family,Commercial associate,Secondary / secondary special,Married,House / apartment,0.00496,-16118,-5019,-6336,-4220,,1,1,0,1,0,0,,2.0,2,2,THURSDAY,12,0,0,0,0,0,0,Business Entity Type 1,0.414982904,0.74226308,0.703203305,0.1979,,,,,,,0.3333,,,,0.1287,,,0.2017,,,,,,,0.3333,,,,0.1341,,,0.1999,,,,,,,0.3333,,,,0.131,,,,,0.172,,No,2.0,0.0,1.0,0.0,-1779.0,0,1,0,0,0,0,0,0,0,0,0,0,0,0,0,0,0,0,0,0,0.0,0.0,0.0,1.0,0.0,2.0
122652,3/11/2018,0,Cash loans,F,N,Y,0,126000.0,781920.0,47965.5,675000.0,Family,Pensioner,Secondary / secondary special,Married,House / apartment,0.035792,-21449,365243,-5230,-4839,,1,0,0,1,1,0,,2.0,2,2,SATURDAY,15,0,0,0,0,0,0,XNA,,0.510955788,0.432961667,,,,,,,,,,,,,,,,,,,,,,,,,,,,,,,,,,,,,,,,,,,,,,,,1.0,1.0,1.0,1.0,-2437.0,0,1,0,0,0,0,0,0,0,0,0,0,0,0,0,0,0,0,0,0,0.0,0.0,0.0,0.0,0.0,2.0
105329,1/17/2018,0,Revolving loans,F,N,Y,0,207000.0,585000.0,29250.0,585000.0,Unaccompanied,State servant,Higher education,Widow,House / apartment,0.031329,-21245,-3910,-4644,-4742,,1,1,0,1,0,0,Managers,1.0,2,2,MONDAY,12,0,0,0,0,0,0,Government,,0.67747528,0.422369652,,,,,,,,,,,,,,,,,,,,,,,,,,,,,,,,,,,,,,,,,,,,,,,,7.0,3.0,7.0,1.0,-1516.0,0,0,0,0,0,0,0,0,0,0,0,0,0,0,0,0,0,0,0,0,0.0,0.0,0.0,0.0,2.0,3.0
118177,2/25/2018,0,Cash loans,F,Y,N,0,112500.0,687600.0,18265.5,450000.0,Unaccompanied,Commercial associate,Secondary / secondary special,Civil marriage,House / apartment,0.031329,-15001,-1337,-9054,-5054,13.0,1,1,0,1,0,0,Laborers,2.0,2,2,TUESDAY,13,0,0,0,0,0,0,Industry: type 3,,0.59162447,0.780143638,0.032,0.0884,0.9712,0.6056,0.0615,0.0,0.1379,0.0833,0.125,0.0259,0.0261,0.0336,0.0077,0.0344,0.0326,0.0917,0.9712,0.621,0.062,0.0,0.1379,0.0833,0.125,0.0265,0.0285,0.035,0.0078,0.0364,0.0323,0.0884,0.9712,0.6109,0.0618,0.0,0.1379,0.0833,0.125,0.0264,0.0265,0.0342,0.0078,0.0351,reg oper account,block of flats,0.0339,Block,No,1.0,0.0,1.0,0.0,-740.0,0,1,0,0,0,0,0,0,0,0,0,0,0,0,1,0,0,0,0,0,0.0,0.0,0.0,0.0,0.0,0.0
150015,6/3/2018,0,Cash loans,M,Y,N,0,270000.0,781920.0,23836.5,675000.0,,Pensioner,Higher education,Married,House / apartment,0.018801,-23942,365243,-54,-4087,17.0,1,0,0,1,1,0,,2.0,2,2,SUNDAY,11,0,0,0,0,0,0,XNA,,0.452187349,0.197474512,,,,,,,,,,,,,,,,,,,,,,,,,,,,,,,,,,,,,,,,,,,,,,,,0.0,0.0,0.0,0.0,-1300.0,0,0,0,0,1,0,0,0,0,0,0,0,0,0,0,0,0,0,0,0,0.0,0.0,0.0,0.0,0.0,0.0
113257,2/10/2018,0,Cash loans,F,N,Y,1,180000.0,117162.0,12433.5,103500.0,Unaccompanied,Commercial associate,Secondary / secondary special,Married,House / apartment,0.003069,-17558,-1339,-8979,-885,,1,1,0,1,0,0,Laborers,3.0,3,3,SUNDAY,11,0,0,0,0,0,0,Self-employed,,0.529145627,,,,,,,,,,,,,,,,,,,,,,,,,,,,,,,,,,,,,,,,,,,,,,,,,1.0,0.0,1.0,0.0,-112.0,0,1,0,0,0,0,0,0,0,0,0,0,0,0,0,0,0,0,0,0,,,,,,
134502,4/16/2018,1,Cash loans,M,N,N,0,90000.0,545040.0,26509.5,450000.0,Unaccompanied,Working,Secondary / secondary special,Married,House / apartment,0.030755,-17503,-1689,-3869,-936,,1,1,1,1,0,0,,2.0,2,2,TUESDAY,12,0,0,0,0,0,0,Self-employed,,0.392613847,0.53348163,,,,,,,,,,,,,,,,,,,,,,,,,,,,,,,,,,,,,,,,,,,,,,,,0.0,0.0,0.0,0.0,-1149.0,0,1,0,0,0,0,0,0,0,0,0,0,0,0,0,0,0,0,0,0,0.0,0.0,1.0,0.0,0.0,1.0
133606,4/13/2018,0,Cash loans,F,N,Y,0,103500.0,1223010.0,48631.5,1125000.0,Unaccompanied,Working,Secondary / secondary special,Widow,House / apartment,0.019101,-17101,-10038,-6398,-643,,1,1,0,1,0,0,Core staff,1.0,2,2,WEDNESDAY,13,0,0,0,0,0,0,Kindergarten,0.633736907,0.746879344,0.819317692,0.1031,0.0053,0.9821,0.7552,0.0114,0.0,0.2069,0.1667,0.2083,0.1326,0.0841,0.0814,0.0,0.0287,0.105,0.0055,0.9821,0.7648,0.0115,0.0,0.2069,0.1667,0.2083,0.1356,0.0918,0.0849,0.0,0.0304,0.1041,0.0053,0.9821,0.7585,0.0115,0.0,0.2069,0.1667,0.2083,0.1349,0.0855,0.0829,0.0,0.0293,reg oper account,block of flats,0.0703,"Stone, brick",No,1.0,0.0,1.0,0.0,-630.0,0,1,0,0,0,0,0,0,0,0,0,0,0,0,0,0,0,0,0,0,0.0,0.0,0.0,0.0,0.0,1.0
118800,2/27/2018,0,Cash loans,F,Y,N,0,112500.0,539100.0,27652.5,450000.0,"Spouse, partner",Working,Secondary / secondary special,Married,With parents,0.018801,-13126,-848,-2452,-2458,21.0,1,1,0,1,0,0,,2.0,2,2,WEDNESDAY,13,0,0,0,0,0,0,Business Entity Type 3,0.303160949,0.505277242,0.667457742,,,,,,,,,,,,,,,,,,,,,,,,,,,,,,,,,,,,,,,,,,,,,,,,3.0,0.0,3.0,0.0,0.0,0,1,0,0,0,0,0,0,0,0,0,0,0,0,0,0,0,0,0,0,0.0,0.0,0.0,0.0,0.0,3.0
137473,4/26/2018,0,Cash loans,M,Y,Y,0,180000.0,562491.0,27189.0,454500.0,"Spouse, partner",Working,Secondary / secondary special,Married,House / apartment,0.011703,-12012,-1269,-1441,-4269,15.0,1,1,0,1,0,0,Managers,2.0,2,2,WEDNESDAY,10,0,1,1,0,0,0,Business Entity Type 2,0.082332987,0.311051699,0.739411754,0.0278,0.0667,0.9712,0.6056,0.0183,0.0,0.1034,0.0833,0.125,0.0,0.0227,0.0186,0.0,0.0,0.0284,0.0692,0.9712,0.621,0.0185,0.0,0.1034,0.0833,0.125,0.0,0.0248,0.0194,0.0,0.0,0.0281,0.0667,0.9712,0.6109,0.0185,0.0,0.1034,0.0833,0.125,0.0,0.0231,0.0189,0.0,0.0,reg oper account,block of flats,0.0247,"Stone, brick",No,0.0,0.0,0.0,0.0,-537.0,0,1,0,0,0,0,0,0,0,0,0,0,0,0,0,0,0,0,0,0,0.0,0.0,0.0,0.0,0.0,3.0
155861,6/21/2018,0,Cash loans,M,N,N,0,135000.0,1298655.0,36463.5,1134000.0,Unaccompanied,Working,Higher education,Married,House / apartment,0.010006,-19129,-280,-7723,-2675,,1,1,1,1,1,0,Drivers,2.0,2,2,TUESDAY,17,0,0,0,0,0,0,Business Entity Type 3,0.786475958,0.654685624,0.334454126,,,,,,,,,,,,,,,,,,,,,,,,,,,,,,,,,,,,,,,,,,,,,,,,1.0,0.0,1.0,0.0,-1526.0,0,1,0,0,0,0,0,0,0,0,0,0,0,0,0,0,0,0,0,0,0.0,0.0,0.0,0.0,0.0,1.0
115692,2/17/2018,0,Cash loans,F,N,Y,0,135000.0,450000.0,47254.5,450000.0,Unaccompanied,Working,Secondary / secondary special,Married,House / apartment,0.035792,-18353,-4136,-10736,-580,,1,1,1,1,0,0,Laborers,2.0,2,2,SUNDAY,15,0,0,0,0,1,1,Industry: type 3,,0.648938667,,,,,,,,,,,,,,,,,,,,,,,,,,,,,,,,,,,,,,,,,,,,,,,,,0.0,0.0,0.0,0.0,-375.0,0,1,0,0,0,0,0,0,0,0,0,0,0,0,0,0,0,0,0,0,0.0,0.0,0.0,0.0,2.0,0.0
131265,4/6/2018,0,Cash loans,F,Y,Y,0,90000.0,450000.0,21649.5,450000.0,Unaccompanied,State servant,Secondary / secondary special,Married,House / apartment,0.00733,-17581,-1036,-7290,-1098,15.0,1,1,1,1,1,0,Sales staff,2.0,2,2,FRIDAY,12,0,0,0,0,0,0,Other,,0.313042117,0.641368257,0.067,0.0761,0.9881,0.8368,0.0166,0.0,0.0345,0.1667,0.2083,0.0132,0.0546,0.0522,0.0,0.0,0.0683,0.0789,0.9881,0.8432,0.0167,0.0,0.0345,0.1667,0.2083,0.0135,0.0597,0.0544,0.0,0.0,0.0677,0.0761,0.9881,0.839,0.0167,0.0,0.0345,0.1667,0.2083,0.0134,0.0556,0.0531,0.0,0.0,reg oper account,block of flats,0.0501,"Stone, brick",No,0.0,0.0,0.0,0.0,-829.0,0,1,0,0,0,0,0,0,0,0,0,0,0,0,0,0,0,0,0,0,0.0,0.0,0.0,0.0,1.0,3.0
157430,6/26/2018,0,Cash loans,F,N,Y,0,130500.0,675000.0,22437.0,675000.0,Unaccompanied,Working,Secondary / secondary special,Married,House / apartment,0.018029,-17140,-534,-4543,-664,,1,1,0,1,1,0,Accountants,2.0,3,3,WEDNESDAY,6,0,0,0,0,0,0,Business Entity Type 3,,0.550858853,0.739411754,,,,,,,,,,,,,,,,,,,,,,,,,,,,,,,,,,,,,,,,,,,,,,,,0.0,0.0,0.0,0.0,-1865.0,0,1,0,0,0,0,0,0,0,0,0,0,0,0,0,0,0,0,0,0,0.0,0.0,0.0,0.0,0.0,0.0
142885,5/12/2018,1,Cash loans,M,Y,Y,0,135000.0,227520.0,18103.5,180000.0,"Spouse, partner",Working,Secondary / secondary special,Married,House / apartment,0.010556,-8808,-529,-8777,-1488,2.0,1,1,0,1,0,0,Sales staff,2.0,3,3,SUNDAY,16,0,0,0,0,1,1,Trade: type 3,0.161154559,0.432023599,0.206778654,0.0371,0.0171,0.9896,0.8572,,0.0,0.1379,0.0833,0.125,0.055,0.0303,0.0402,0.0,0.0,0.0378,0.0177,0.9896,0.8628,,0.0,0.1379,0.0833,0.125,0.0563,0.0331,0.0419,0.0,0.0,0.0375,0.0171,0.9896,0.8591,,0.0,0.1379,0.0833,0.125,0.056,0.0308,0.041,0.0,0.0,reg oper account,block of flats,0.0354,"Stone, brick",No,0.0,0.0,0.0,0.0,-357.0,0,1,0,0,0,0,0,0,0,0,0,0,0,0,0,0,0,0,0,0,0.0,0.0,1.0,0.0,0.0,0.0
109989,1/31/2018,0,Cash loans,M,Y,N,0,225000.0,260640.0,28066.5,225000.0,Unaccompanied,Working,Secondary / secondary special,Married,House / apartment,0.014464,-10683,-447,-1440,-2877,18.0,1,1,1,1,1,0,,2.0,2,2,MONDAY,9,0,0,0,0,0,0,Transport: type 4,,0.655071128,,,,,,,,,,,,,,,,,,,,,,,,,,,,,,,,,,,,,,,,,,,,,,,,,0.0,0.0,0.0,0.0,-1100.0,0,0,0,0,0,0,1,0,0,0,0,0,0,0,0,0,0,0,0,0,,,,,,
155545,6/20/2018,0,Cash loans,F,Y,Y,0,117000.0,319981.5,17356.5,243000.0,Unaccompanied,Working,Secondary / secondary special,Single / not married,Rented apartment,0.018029,-8225,-921,-2927,-918,8.0,1,1,0,1,0,0,Sales staff,1.0,3,3,WEDNESDAY,10,0,0,0,1,1,1,Other,0.493247633,0.311478303,,,,0.9697,,,,,,,,,0.0044,,,,,0.9697,,,,,,,,,0.0046,,,,,0.9697,,,,,,,,,0.0045,,,,block of flats,0.0035,,Yes,0.0,0.0,0.0,0.0,-561.0,0,1,0,0,0,0,0,0,0,0,0,0,0,0,0,0,0,0,0,0,,,,,,
137098,4/24/2018,0,Cash loans,M,N,Y,0,76500.0,260640.0,28197.0,225000.0,Unaccompanied,Pensioner,Secondary / secondary special,Married,House / apartment,0.031329,-23445,365243,-6122,-1031,,1,0,0,1,0,0,,2.0,2,2,SATURDAY,9,0,0,0,0,0,0,XNA,,0.331798648,0.490257512,0.0918,0.0547,0.9811,0.7416,0.0537,0.0,0.0862,0.1667,0.2083,0.0202,0.0706,0.0341,0.0193,0.0116,0.0819,0.0566,0.9811,0.7517,0.0466,0.0,0.069,0.1667,0.2083,0.0097,0.0643,0.028,0.0078,0.0044,0.0926,0.0547,0.9811,0.7451,0.054,0.0,0.0862,0.1667,0.2083,0.0206,0.0718,0.0347,0.0194,0.0118,reg oper account,block of flats,0.0306,Panel,No,1.0,0.0,1.0,0.0,-620.0,0,0,0,0,1,0,0,0,0,0,0,0,0,0,0,0,0,0,0,0,0.0,0.0,0.0,1.0,0.0,1.0
153895,6/15/2018,0,Cash loans,F,N,Y,0,94500.0,545040.0,25407.0,450000.0,Unaccompanied,Working,Secondary / secondary special,Civil marriage,House / apartment,0.030755,-10731,-2621,-2315,-3390,,1,1,1,1,0,0,Laborers,2.0,2,2,SATURDAY,15,0,0,0,0,0,0,Business Entity Type 3,,0.496831127,0.415347145,0.1495,0.0806,0.9816,0.7484,0.066,0.0,0.1034,0.1667,0.0833,0.0409,0.121,0.0593,0.0039,0.0032,0.1523,0.0836,0.9816,0.7583,0.0666,0.0,0.1034,0.1667,0.0833,0.0418,0.1322,0.0618,0.0039,0.0033,0.1509,0.0806,0.9816,0.7518,0.0664,0.0,0.1034,0.1667,0.0833,0.0416,0.1231,0.0604,0.0039,0.0032,reg oper account,specific housing,0.055,"Stone, brick",No,1.0,1.0,1.0,1.0,-2541.0,0,1,0,0,0,0,0,0,0,0,0,0,0,0,0,0,0,0,0,0,0.0,0.0,0.0,0.0,0.0,0.0
107831,1/24/2018,0,Cash loans,F,N,Y,1,157500.0,785398.5,33403.5,702000.0,Unaccompanied,Working,Higher education,Single / not married,House / apartment,0.020246,-13118,-1635,-75,-4724,,1,1,0,1,0,0,Sales staff,2.0,3,3,MONDAY,8,0,0,0,0,0,0,Self-employed,0.403126642,0.239092321,0.692559067,0.0619,,0.9806,0.7348,,0.0,0.1379,0.1667,0.2083,0.0588,0.0504,0.0539,0.0,0.0,0.063,,0.9806,0.7452,,0.0,0.1379,0.1667,0.2083,0.0601,0.0551,0.0562,0.0,0.0,0.0625,,0.9806,0.7383,,0.0,0.1379,0.1667,0.2083,0.0598,0.0513,0.0549,0.0,0.0,reg oper account,block of flats,0.0424,Panel,No,0.0,0.0,0.0,0.0,-615.0,0,1,0,0,0,0,0,0,0,0,0,0,0,0,0,0,0,0,0,0,0.0,0.0,0.0,0.0,1.0,2.0
112991,2/9/2018,0,Cash loans,F,N,Y,0,72000.0,1078200.0,31653.0,900000.0,Unaccompanied,Working,Secondary / secondary special,Married,Municipal apartment,0.011657,-19858,-6379,-8550,-2377,,1,1,0,1,0,0,Cleaning staff,2.0,1,1,MONDAY,12,0,0,0,0,0,0,Culture,,0.684770303,0.692559067,0.0742,0.0408,0.9881,0.8368,,0.08,0.069,0.3333,0.0417,0.0629,0.0605,0.0802,0.0,0.0,0.0756,0.0423,0.9881,0.8432,,0.0806,0.069,0.3333,0.0417,0.0644,0.0661,0.0836,0.0,0.0,0.0749,0.0408,0.9881,0.839,,0.08,0.069,0.3333,0.0417,0.064,0.0616,0.0817,0.0,0.0,reg oper account,block of flats,0.0631,Panel,No,2.0,1.0,2.0,0.0,-503.0,0,1,0,0,0,0,0,0,0,0,0,0,0,0,0,0,0,0,0,0,0.0,0.0,0.0,13.0,0.0,1.0
110438,2/1/2018,0,Cash loans,M,Y,Y,0,355500.0,1493086.5,45400.5,1363500.0,Unaccompanied,Commercial associate,Secondary / secondary special,Married,House / apartment,0.016612,-20193,-3045,-9733,-2078,3.0,1,1,0,1,0,0,Laborers,2.0,2,2,THURSDAY,15,0,0,0,0,0,0,Government,0.760645081,0.487119261,0.493862882,0.2021,0.0025,0.9588,0.4356,0.1101,0.0,0.1724,0.1667,0.2083,0.1524,0.1639,0.0677,0.0039,0.0394,0.2059,0.0026,0.9588,0.4577,0.1111,0.0,0.1724,0.1667,0.2083,0.1558,0.1791,0.0706,0.0039,0.0417,0.204,0.0025,0.9588,0.4431,0.1108,0.0,0.1724,0.1667,0.2083,0.155,0.1667,0.069,0.0039,0.0402,reg oper spec account,block of flats,0.1221,"Stone, brick",No,0.0,0.0,0.0,0.0,-438.0,0,0,0,0,0,0,1,0,0,0,0,0,0,0,0,0,0,0,0,0,0.0,0.0,0.0,0.0,0.0,3.0
140177,5/4/2018,0,Cash loans,M,Y,Y,0,256500.0,454500.0,25506.0,454500.0,Unaccompanied,Commercial associate,Secondary / secondary special,Civil marriage,House / apartment,0.011703,-11754,-2966,-8026,-1267,6.0,1,1,0,1,1,0,Laborers,2.0,2,2,MONDAY,12,0,0,0,0,0,0,Business Entity Type 3,0.579294482,0.574744024,,0.0825,0.0,0.9891,0.8504,,0.08,0.069,0.375,0.4167,0.0523,,0.0927,,0.0012,0.084,0.0,0.9891,0.8563,,0.0806,0.069,0.375,0.4167,0.0535,,0.0966,,0.0013,0.0833,0.0,0.9891,0.8524,,0.08,0.069,0.375,0.4167,0.0532,,0.0944,,0.0013,not specified,block of flats,0.0847,Panel,No,0.0,0.0,0.0,0.0,-1125.0,0,1,0,0,0,0,0,0,0,0,0,0,0,0,0,0,0,0,0,0,,,,,,
115924,2/18/2018,0,Cash loans,M,N,Y,0,90000.0,414229.5,15745.5,342000.0,Unaccompanied,Working,Secondary / secondary special,Single / not married,House / apartment,0.022625,-16311,-376,-7992,-4103,,1,1,0,1,0,0,,1.0,2,2,WEDNESDAY,18,0,0,0,0,0,0,Transport: type 4,,0.506873338,0.619527708,0.1113,0.0657,0.9891,0.8504,0.0417,0.12,0.1034,0.3333,0.375,0.0756,0.0908,0.1151,0.0,0.0,0.1134,0.0682,0.9891,0.8563,0.0421,0.1208,0.1034,0.3333,0.375,0.0773,0.0992,0.1199,0.0,0.0,0.1124,0.0657,0.9891,0.8524,0.042,0.12,0.1034,0.3333,0.375,0.0769,0.0923,0.1171,0.0,0.0,not specified,block of flats,0.1133,Panel,No,2.0,0.0,2.0,0.0,0.0,0,1,0,0,0,0,0,0,0,0,0,0,0,0,0,0,0,0,0,0,0.0,0.0,0.0,0.0,0.0,0.0
103798,1/12/2018,0,Cash loans,M,Y,Y,2,112500.0,900000.0,26446.5,900000.0,Family,Working,Secondary / secondary special,Married,House / apartment,0.019101,-16176,-1938,-977,-977,35.0,1,1,0,1,0,0,Drivers,4.0,2,2,TUESDAY,14,0,0,0,0,0,0,Transport: type 3,0.658200272,0.482815268,0.818247508,0.0969,,0.9821,,,0.0,0.2414,0.1667,,,,0.0853,,0.0452,0.0987,,0.9821,,,0.0,0.2414,0.1667,,,,0.0889,,0.0479,0.0978,,0.9821,,,0.0,0.2414,0.1667,,,,0.0869,,0.0462,,block of flats,0.0755,Panel,No,0.0,0.0,0.0,0.0,-3057.0,0,1,0,0,0,0,0,0,0,0,0,0,0,0,0,0,0,0,0,0,0.0,0.0,0.0,0.0,0.0,1.0
154179,6/16/2018,0,Revolving loans,F,N,Y,0,90000.0,202500.0,10125.0,202500.0,Unaccompanied,Working,Higher education,Single / not married,House / apartment,0.028663,-9717,-1570,-4384,-2390,,1,1,1,1,0,0,,1.0,2,2,FRIDAY,13,0,0,0,0,0,0,Hotel,0.374358332,0.496333662,,,,,,,,,,,,,,,,,,,,,,,,,,,,,,,,,,,,,,,,,,,,,,,,,1.0,0.0,1.0,0.0,-850.0,0,0,0,0,0,0,0,0,0,0,0,0,0,0,0,0,0,0,0,0,,,,,,
141501,5/8/2018,0,Cash loans,F,Y,Y,1,180000.0,746280.0,54436.5,675000.0,Unaccompanied,Working,Higher education,Married,House / apartment,0.018801,-10085,-2300,-4619,-599,11.0,1,1,0,1,0,0,Sales staff,3.0,2,2,MONDAY,12,0,0,0,0,1,1,Business Entity Type 3,0.508183057,0.280636932,0.079059696,,,,,,,,,,,,,,,,,,,,,,,,,,,,,,,,,,,,,,,,,,,,,,,,0.0,0.0,0.0,0.0,-2516.0,0,1,0,0,0,0,0,0,0,0,0,0,0,0,0,0,0,0,0,0,0.0,0.0,0.0,0.0,1.0,1.0
117389,2/23/2018,0,Cash loans,F,N,N,0,112500.0,545040.0,26509.5,450000.0,Children,Working,Higher education,Single / not married,House / apartment,0.020246,-15444,-3891,-6425,-3393,,1,1,0,1,0,0,Managers,1.0,3,3,WEDNESDAY,13,0,0,0,0,0,0,Security Ministries,0.54433994,0.340739648,0.662637792,0.0247,0.0,0.9742,0.6464,0.0029,0.0,0.069,0.0833,0.0417,0.0263,0.0202,0.0234,0.0,0.0,0.0252,0.0,0.9742,0.6602,0.0029,0.0,0.069,0.0833,0.0417,0.0269,0.022,0.0244,0.0,0.0,0.025,0.0,0.9742,0.6511,0.0029,0.0,0.069,0.0833,0.0417,0.0267,0.0205,0.0238,0.0,0.0,reg oper account,block of flats,0.02,"Stone, brick",No,0.0,0.0,0.0,0.0,-30.0,0,1,0,0,0,0,0,0,0,0,0,0,0,0,0,0,0,0,0,0,0.0,0.0,0.0,0.0,0.0,0.0
100244,1/1/2018,0,Cash loans,M,N,N,1,247500.0,447768.0,35505.0,405000.0,Unaccompanied,Working,Secondary / secondary special,Married,House / apartment,0.010006,-17103,-5021,-221,-647,,1,1,1,1,0,0,Laborers,3.0,2,2,SATURDAY,14,0,0,0,0,0,0,Industry: type 9,0.405097726,0.103570253,0.742181612,0.0866,0.1252,0.9876,,,0.0,0.2069,0.1667,,0.0551,,0.0905,,0.0428,0.0882,0.1299,0.9876,,,0.0,0.2069,0.1667,,0.0563,,0.0943,,0.0453,0.0874,0.1252,0.9876,,,0.0,0.2069,0.1667,,0.056,,0.0921,,0.0437,,block of flats,0.09,Panel,No,0.0,0.0,0.0,0.0,0.0,0,1,0,0,0,0,0,0,0,0,0,0,0,0,0,0,0,0,0,0,0.0,0.0,0.0,0.0,0.0,0.0
146907,5/25/2018,0,Revolving loans,F,N,Y,0,180000.0,855000.0,42750.0,855000.0,Unaccompanied,Commercial associate,Higher education,Married,House / apartment,0.010556,-22088,-4650,-8549,-2578,,1,1,0,1,0,0,Accountants,2.0,3,3,THURSDAY,16,0,0,0,0,1,1,Business Entity Type 3,0.84806437,0.613178299,0.775155267,0.0619,0.0582,0.9881,,,0.0,0.1379,0.1667,,0.0826,,0.0581,,0.0,0.063,0.0604,0.9881,,,0.0,0.1379,0.1667,,0.0845,,0.0605,,0.0,0.0625,0.0582,0.9881,,,0.0,0.1379,0.1667,,0.084,,0.0592,,0.0,,block of flats,0.0457,Panel,No,0.0,0.0,0.0,0.0,-385.0,0,0,0,0,0,0,0,0,0,0,0,0,0,0,0,0,0,0,0,0,0.0,0.0,0.0,0.0,2.0,0.0
105542,1/17/2018,0,Cash loans,M,N,Y,0,225000.0,225000.0,17905.5,225000.0,Unaccompanied,Working,Secondary / secondary special,Married,House / apartment,0.026392,-15787,-1853,-1120,-4429,,1,1,0,1,0,0,Laborers,2.0,2,2,TUESDAY,9,0,0,0,0,0,0,Business Entity Type 3,,0.385208247,,0.0928,,0.9806,,,0.0,0.2069,0.1667,,0.0314,,0.0871,,0.0044,0.0945,,0.9806,,,0.0,0.2069,0.1667,,0.0321,,0.0907,,0.0047,0.0937,,0.9806,,,0.0,0.2069,0.1667,,0.0319,,0.0886,,0.0045,,block of flats,0.0694,Panel,No,3.0,1.0,3.0,0.0,-1811.0,0,1,0,0,0,0,0,0,0,0,0,0,0,0,0,0,0,0,0,0,0.0,0.0,0.0,0.0,0.0,4.0
104382,1/14/2018,0,Cash loans,F,Y,Y,1,157500.0,93829.5,11263.5,81000.0,Other_B,Commercial associate,Higher education,Civil marriage,House / apartment,0.010643,-12719,-261,-1177,-4391,11.0,1,1,0,1,0,0,Managers,3.0,2,2,THURSDAY,18,0,0,0,0,0,0,Construction,0.306589106,0.423390078,,0.1801,0.1428,0.9975,,,0.16,0.1379,0.375,,0.2775,,0.2037,,0.0611,0.1145,0.0808,0.9965,,,0.1208,0.1034,0.375,,0.2839,,0.122,,0.0304,0.1218,0.1509,0.9975,,,0.12,0.1034,0.375,,0.2824,,0.1339,,0.0708,,block of flats,0.2915,"Stone, brick",No,0.0,0.0,0.0,0.0,0.0,0,0,0,0,0,0,1,0,0,0,0,0,0,0,0,0,0,0,0,0,,,,,,
119068,2/28/2018,0,Revolving loans,F,N,Y,0,112500.0,180000.0,9000.0,180000.0,Unaccompanied,Commercial associate,Higher education,Single / not married,House / apartment,0.035792,-8796,-1849,-3648,-1469,,1,1,1,1,1,0,Accountants,1.0,2,2,WEDNESDAY,10,0,0,0,0,0,0,Industry: type 4,,0.46000424,0.58499004,0.057,0.0571,0.9831,0.7688,0.0145,0.0,0.1241,0.1667,0.2083,0.0317,0.0479,0.0531,0.0,0.0147,0.0735,0.0458,0.9796,0.7321,0.0079,0.0,0.1379,0.1667,0.2083,0.0155,0.0643,0.0462,0.0,0.0,0.0578,0.0552,0.9796,0.7249,0.0091,0.0,0.1379,0.1667,0.2083,0.0344,0.0547,0.0512,0.0,0.0,reg oper account,block of flats,0.0348,"Stone, brick",No,1.0,0.0,1.0,0.0,-961.0,0,0,0,0,0,0,0,0,0,0,0,0,0,0,0,0,0,0,0,0,0.0,0.0,0.0,0.0,0.0,1.0
126720,3/23/2018,0,Cash loans,F,N,Y,0,90000.0,582228.0,18778.5,486000.0,Unaccompanied,Pensioner,Secondary / secondary special,Married,Municipal apartment,0.00963,-21431,365243,-7616,-4584,,1,0,0,1,0,0,,2.0,2,2,TUESDAY,11,0,0,0,0,0,0,XNA,,0.406689595,,0.0072,0.0,0.9657,0.5308,0.0,0.0,0.0,0.0,0.0417,0.0066,0.0059,0.0048,0.0,0.0,0.0074,0.0,0.9657,0.5492,0.0,0.0,0.0,0.0,0.0417,0.0068,0.0064,0.005,0.0,0.0,0.0073,0.0,0.9657,0.5371,0.0,0.0,0.0,0.0,0.0417,0.0067,0.006,0.0049,0.0,0.0,not specified,block of flats,0.0038,"Stone, brick",No,1.0,0.0,1.0,0.0,-130.0,0,1,0,0,0,0,0,0,0,0,0,0,0,0,0,0,0,0,0,0,,,,,,
153382,6/14/2018,0,Cash loans,M,Y,Y,1,180000.0,130320.0,13815.0,112500.0,Unaccompanied,Commercial associate,Secondary / secondary special,Married,House / apartment,0.009334,-16798,-1317,-532,-332,8.0,1,1,0,1,0,0,Drivers,3.0,2,2,FRIDAY,10,0,0,0,0,0,0,Business Entity Type 3,0.529554174,0.707655899,0.352339973,0.0701,0.0624,0.9816,,,0.0,0.1379,0.1667,,0.0132,,0.0665,,0.0,0.0714,0.0647,0.9816,,,0.0,0.1379,0.1667,,0.0135,,0.0693,,0.0,0.0708,0.0624,0.9816,,,0.0,0.1379,0.1667,,0.0134,,0.0677,,0.0,,block of flats,0.0523,Panel,No,0.0,0.0,0.0,0.0,-2188.0,0,1,0,0,0,0,0,0,0,0,0,0,0,0,0,0,0,0,0,0,0.0,0.0,0.0,1.0,2.0,3.0
147592,5/27/2018,0,Cash loans,M,Y,Y,2,225000.0,315000.0,33925.5,315000.0,Unaccompanied,Commercial associate,Secondary / secondary special,Married,House / apartment,0.035792,-12634,-4161,-6602,-3933,11.0,1,1,1,1,1,0,Laborers,4.0,2,2,WEDNESDAY,8,0,0,0,0,0,0,Business Entity Type 3,,0.731563686,0.418854289,,,,,,,,,,,,,,,,,,,,,,,,,,,,,,,,,,,,,,,,,,,,,,,,0.0,0.0,0.0,0.0,-1617.0,0,1,0,0,0,0,0,0,0,0,0,0,0,0,0,0,0,0,0,0,0.0,0.0,1.0,1.0,0.0,4.0
138118,4/28/2018,0,Cash loans,F,Y,Y,0,225000.0,1436850.0,42142.5,1125000.0,Unaccompanied,Pensioner,Secondary / secondary special,Married,House / apartment,0.011657,-21417,365243,-1439,-4057,2.0,1,0,0,1,0,0,,2.0,1,1,TUESDAY,11,0,0,0,0,0,0,XNA,,0.738454714,,,,,,,,,,,,,,,,,,,,,,,,,,,,,,,,,,,,,,,,,,,,,,,,,0.0,0.0,0.0,0.0,-88.0,0,1,0,0,0,0,0,0,0,0,0,0,0,0,0,0,0,0,0,0,,,,,,
102534,1/8/2018,0,Cash loans,M,N,Y,0,103500.0,91692.0,9198.0,81000.0,Unaccompanied,Commercial associate,Secondary / secondary special,Married,House / apartment,0.011703,-22594,-181,-1753,-4256,,1,1,0,1,0,0,Security staff,2.0,2,2,MONDAY,15,0,0,0,0,1,1,Security,,0.407449634,0.345784802,,,,,,,,,,,,,,,,,,,,,,,,,,,,,,,,,,,,,,,,,,,,,,,,0.0,0.0,0.0,0.0,-5.0,0,1,0,0,0,0,0,0,0,0,0,0,0,0,0,0,0,0,0,0,0.0,0.0,0.0,0.0,0.0,0.0
124899,3/18/2018,0,Cash loans,F,Y,Y,1,94500.0,521280.0,28408.5,450000.0,Unaccompanied,Working,Secondary / secondary special,Civil marriage,House / apartment,0.0105,-9227,-647,-4085,-1698,23.0,1,1,1,1,0,0,Accountants,3.0,3,3,MONDAY,14,0,0,0,1,1,0,Government,0.097849643,0.560248131,0.417099668,,,,,,,,,,,,,,,,,,,,,,,,,,,,,,,,,,,,,,,,,,,,,,,,0.0,0.0,0.0,0.0,-299.0,0,1,0,0,0,0,0,0,0,0,0,0,0,0,0,0,0,0,0,0,0.0,0.0,0.0,0.0,0.0,0.0
109823,1/31/2018,1,Cash loans,M,N,Y,1,270000.0,1133748.0,36702.0,990000.0,Unaccompanied,Commercial associate,Secondary / secondary special,Married,Municipal apartment,0.010276,-13762,-2705,-3836,-5264,,1,1,0,1,0,0,Drivers,3.0,2,2,MONDAY,12,0,0,0,0,1,1,Self-employed,,0.657389703,0.675413291,,,,,,,,,,,,,,,,,,,,,,,,,,,,,,,,,,,,,,,,,,,,,,,,1.0,0.0,1.0,0.0,-1558.0,0,1,0,0,0,0,0,0,0,0,0,0,0,0,0,0,0,0,0,0,0.0,0.0,0.0,0.0,0.0,3.0
119128,2/28/2018,0,Cash loans,F,N,N,0,135000.0,450000.0,27193.5,450000.0,Unaccompanied,Working,Secondary / secondary special,Married,House / apartment,0.0228,-11687,-241,-330,-4059,,1,1,1,1,1,0,Sales staff,2.0,2,2,MONDAY,8,0,0,0,0,0,0,Business Entity Type 3,,0.429144469,0.172495467,,,,,,,,,,,,,,,,,,,,,,,,,,,,,,,,,,,,,,,,,,,,,,,,1.0,1.0,1.0,0.0,-2956.0,0,1,0,0,0,0,0,0,0,0,0,0,0,0,0,0,0,0,0,0,0.0,0.0,0.0,0.0,0.0,8.0
155419,6/20/2018,0,Cash loans,F,N,Y,0,279000.0,545040.0,20677.5,450000.0,Unaccompanied,Pensioner,Secondary / secondary special,Married,House / apartment,0.01885,-23622,365243,-371,-4070,,1,0,0,1,0,0,,2.0,2,2,FRIDAY,14,0,0,0,0,0,0,XNA,,0.630887414,0.686382335,,,,,,,,,,,,,,,,,,,,,,,,,,,,,,,,,,,,,,,,,,,,,,,,1.0,0.0,1.0,0.0,-2175.0,0,1,0,0,0,0,0,0,0,0,0,0,0,0,0,0,0,0,0,0,0.0,0.0,0.0,0.0,0.0,4.0
141144,5/7/2018,0,Cash loans,M,N,N,0,45000.0,176328.0,11479.5,139500.0,Unaccompanied,Working,Secondary / secondary special,Widow,House / apartment,0.022625,-9592,-1014,-4420,-2273,,1,1,0,1,1,0,Drivers,1.0,2,2,TUESDAY,9,0,0,0,0,0,0,Government,0.132195786,0.007160995,0.434733249,0.1031,,0.9836,,,,0.2069,0.1667,,0.0196,,0.0915,,0.0,0.105,,0.9836,,,,0.2069,0.1667,,0.0201,,0.0954,,0.0,0.1041,,0.9836,,,,0.2069,0.1667,,0.02,,0.0932,,0.0,,block of flats,0.0782,"Stone, brick",No,0.0,0.0,0.0,0.0,-547.0,0,0,0,0,0,0,1,0,0,0,0,0,0,0,0,0,0,0,0,0,0.0,0.0,0.0,0.0,0.0,2.0
155158,6/19/2018,0,Cash loans,F,N,Y,0,180000.0,477000.0,44271.0,477000.0,Unaccompanied,Pensioner,Secondary / secondary special,Married,House / apartment,0.01452,-20566,365243,-1098,-4087,,1,0,0,1,0,0,,2.0,2,2,TUESDAY,14,0,0,0,0,0,0,XNA,,0.11034837,0.754406173,0.0664,0.0442,0.998,,,0.08,0.0552,0.4083,0.45,0.0085,,0.0651,,0.016,0.0441,0.0306,0.998,,,0.0806,0.069,0.375,0.4167,0.0078,,0.0487,,0.0168,0.0822,0.0408,0.998,,,0.08,0.069,0.375,0.4167,0.0087,,0.0747,,0.0163,,block of flats,0.0403,Panel,No,0.0,0.0,0.0,0.0,-1169.0,0,0,0,0,1,0,0,0,0,0,0,0,0,0,0,0,0,0,0,0,0.0,0.0,0.0,0.0,0.0,5.0
145116,5/19/2018,0,Cash loans,M,N,Y,4,315000.0,327024.0,18904.5,270000.0,Unaccompanied,Working,Secondary / secondary special,Married,House / apartment,0.002506,-19385,-1216,-554,-2874,,1,1,0,1,0,0,Laborers,6.0,2,2,SATURDAY,4,0,0,0,0,0,0,Business Entity Type 3,,0.532843368,,0.0567,,0.999,,,0.04,0.0345,0.3608,,,,0.0562,,0.0,0.063,,0.999,,,0.0403,0.0345,0.375,,,,0.0469,,0.0,0.0625,,0.999,,,0.04,0.0345,0.375,,,,0.0628,,0.0,,block of flats,0.0392,Monolithic,No,0.0,0.0,0.0,0.0,0.0,0,1,0,0,0,0,0,0,0,0,0,0,0,0,0,0,0,0,0,0,,,,,,
109223,1/29/2018,0,Cash loans,M,N,Y,0,225000.0,526491.0,32337.0,454500.0,Unaccompanied,Working,Secondary / secondary special,Married,House / apartment,0.032561,-15589,-94,-646,-1366,,1,1,0,1,0,0,Drivers,2.0,1,1,SATURDAY,11,0,0,0,0,0,0,Trade: type 3,0.356424041,0.683541728,0.119119065,0.0825,0.0653,0.9762,0.6736,0.0089,0.0,0.1379,0.1667,0.2083,0.0,0.0672,0.0694,0.0,0.0,0.084,0.0677,0.9762,0.6864,0.009,0.0,0.1379,0.1667,0.2083,0.0,0.0735,0.0723,0.0,0.0,0.0833,0.0653,0.9762,0.678,0.009,0.0,0.1379,0.1667,0.2083,0.0,0.0684,0.0707,0.0,0.0,not specified,block of flats,0.0595,"Stone, brick",No,3.0,0.0,3.0,0.0,-1676.0,0,0,0,0,0,0,1,0,0,0,0,0,0,0,0,0,0,0,0,0,0.0,0.0,0.0,0.0,0.0,5.0
101446,1/5/2018,0,Revolving loans,F,N,N,0,112500.0,270000.0,13500.0,270000.0,Unaccompanied,Working,Secondary / secondary special,Single / not married,Municipal apartment,0.02461,-8258,-1264,-2964,-919,,1,1,0,1,0,0,Sales staff,1.0,2,2,TUESDAY,17,0,0,0,0,0,0,Business Entity Type 3,0.428095882,0.63842182,,0.0928,0.0877,0.9781,0.7008,,0.0,0.2069,0.1667,,0.0704,,0.0881,,0.0,0.0945,0.0911,0.9782,0.7125,,0.0,0.2069,0.1667,,0.072,,0.0917,,0.0,0.0937,0.0877,0.9781,0.7048,,0.0,0.2069,0.1667,,0.0716,,0.0896,,0.0,,block of flats,0.0758,Panel,No,4.0,0.0,3.0,0.0,-712.0,0,0,0,0,0,0,0,0,0,0,0,0,0,0,0,0,0,0,0,0,,,,,,
119620,3/1/2018,0,Cash loans,M,Y,Y,2,202500.0,355536.0,19417.5,270000.0,Unaccompanied,Working,Secondary / secondary special,Married,House / apartment,0.035792,-12225,-522,-1024,-3426,29.0,1,1,0,1,0,0,,4.0,2,2,SUNDAY,10,0,0,0,0,1,1,Construction,,0.421165471,0.477649155,,,,,,,,,,,,,,,,,,,,,,,,,,,,,,,,,,,,,,,,,,,,,,,,0.0,0.0,0.0,0.0,-2021.0,0,0,0,0,0,0,1,0,0,0,0,0,0,0,0,0,0,0,0,0,0.0,0.0,0.0,0.0,0.0,0.0
111529,2/5/2018,0,Cash loans,M,Y,Y,1,495000.0,497520.0,48595.5,450000.0,Unaccompanied,Pensioner,Secondary / secondary special,Married,House / apartment,0.003069,-23001,365243,-1745,-4689,11.0,1,0,0,1,0,0,,3.0,3,3,THURSDAY,15,0,0,0,0,0,0,XNA,0.837617509,0.63476933,0.740799088,0.0299,0.0395,0.9906,,,0.0,0.069,0.1667,,0.0133,,0.0182,,0.0,0.0305,0.0409,0.9906,,,0.0,0.069,0.1667,,0.0136,,0.0189,,0.0,0.0302,0.0395,0.9906,,,0.0,0.069,0.1667,,0.0135,,0.0185,,0.0,,block of flats,0.0235,"Stone, brick",No,0.0,0.0,0.0,0.0,-1392.0,0,1,0,0,0,0,0,0,0,0,0,0,0,0,0,0,0,0,0,0,0.0,0.0,0.0,0.0,0.0,1.0
116508,2/20/2018,0,Cash loans,F,N,Y,0,90000.0,332842.5,12676.5,234000.0,Unaccompanied,Working,Secondary / secondary special,Separated,House / apartment,0.035792,-19497,-3430,-149,-3044,,1,1,0,1,0,0,Sales staff,1.0,2,2,WEDNESDAY,16,0,0,0,0,0,0,Self-employed,,0.691135735,0.681705878,0.0165,0.0,0.9742,0.6464,0.0014,0.0,0.069,0.0417,0.0417,0.036,0.0134,0.0122,0.0,0.0,0.0168,0.0,0.9742,0.6602,0.0014,0.0,0.069,0.0417,0.0417,0.0368,0.0147,0.0127,0.0,0.0,0.0167,0.0,0.9742,0.6511,0.0014,0.0,0.069,0.0417,0.0417,0.0366,0.0137,0.0124,0.0,0.0,reg oper account,block of flats,0.0103,"Stone, brick",No,4.0,0.0,4.0,0.0,-1553.0,0,1,0,0,0,0,0,0,0,0,0,0,0,0,0,0,0,0,0,0,0.0,0.0,0.0,1.0,0.0,2.0
130423,4/4/2018,0,Cash loans,F,N,N,0,135000.0,675000.0,32472.0,675000.0,Unaccompanied,Working,Secondary / secondary special,Single / not married,House / apartment,0.035792,-17305,-449,-327,-833,,1,1,0,1,0,0,Core staff,1.0,2,2,WEDNESDAY,17,0,0,0,0,1,1,Government,,0.355125644,0.513693766,0.0103,0.0,0.9632,0.4968,0.0065,0.0,0.0,0.0417,0.0833,0.0178,0.0084,0.0095,0.0,0.0,0.0105,0.0,0.9633,0.5165,0.0066,0.0,0.0,0.0417,0.0833,0.0182,0.0092,0.0099,0.0,0.0,0.0104,0.0,0.9632,0.5035,0.0065,0.0,0.0,0.0417,0.0833,0.0181,0.0086,0.0097,0.0,0.0,reg oper spec account,block of flats,0.0075,"Stone, brick",No,0.0,0.0,0.0,0.0,0.0,0,1,0,0,0,0,0,0,0,0,0,0,0,0,0,0,0,0,0,0,0.0,0.0,0.0,0.0,1.0,0.0
114053,2/12/2018,0,Cash loans,F,N,Y,0,157500.0,1125000.0,44748.0,1125000.0,Unaccompanied,Working,Higher education,Married,House / apartment,0.026392,-21501,-200,-1465,-4117,,1,1,0,1,1,0,High skill tech staff,2.0,2,2,THURSDAY,15,0,0,0,0,0,0,Business Entity Type 3,,0.705193354,0.700183851,0.0619,0.0497,0.9856,0.8028,0.0249,0.0,0.1379,0.1667,0.2083,0.069,0.0496,0.0516,0.0039,0.001,0.063,0.0516,0.9856,0.8105,0.0251,0.0,0.1379,0.1667,0.2083,0.0706,0.0542,0.0538,0.0039,0.001,0.0625,0.0497,0.9856,0.8054,0.0251,0.0,0.1379,0.1667,0.2083,0.0702,0.0504,0.0526,0.0039,0.001,reg oper account,block of flats,0.0468,Panel,No,0.0,0.0,0.0,0.0,-2303.0,0,1,0,0,0,0,0,0,0,0,0,0,0,0,0,0,0,0,0,0,0.0,0.0,0.0,0.0,0.0,0.0
103104,1/10/2018,0,Cash loans,M,N,Y,1,108000.0,225000.0,13594.5,225000.0,Unaccompanied,Working,Secondary / secondary special,Married,House / apartment,0.035792,-13467,-258,-1251,-2451,,1,1,1,1,0,0,Drivers,3.0,2,2,WEDNESDAY,10,0,0,0,0,0,0,Government,0.466698505,0.601995325,0.130947153,,,,,,,,,,,,,,,,,,,,,,,,,,,,,,,,,,,,,,,,,,,,,,,,0.0,0.0,0.0,0.0,-164.0,0,1,0,0,0,0,0,0,0,0,0,0,0,0,0,0,0,0,0,0,0.0,0.0,0.0,0.0,0.0,1.0
103047,1/10/2018,0,Cash loans,F,N,Y,0,157500.0,314100.0,13437.0,225000.0,Unaccompanied,Pensioner,Secondary / secondary special,Widow,House / apartment,0.009657,-23901,365243,-7148,-1377,,1,0,0,1,1,0,,1.0,2,2,WEDNESDAY,14,0,0,0,0,0,0,XNA,,0.260228394,0.515495375,0.1031,0.1091,0.9796,0.7212,0.0446,0.0,0.2069,0.1667,0.2083,0.1307,0.0841,0.1237,0.0,0.0,0.105,0.1132,0.9796,0.7321,0.045,0.0,0.2069,0.1667,0.2083,0.1336,0.0918,0.1289,0.0,0.0,0.1041,0.1091,0.9796,0.7249,0.0449,0.0,0.2069,0.1667,0.2083,0.1329,0.0855,0.1259,0.0,0.0,reg oper account,block of flats,0.0729,Block,No,0.0,0.0,0.0,0.0,-272.0,0,1,0,0,0,0,0,0,0,0,0,0,0,0,0,0,0,0,0,0,0.0,0.0,0.0,0.0,0.0,0.0
132677,4/11/2018,0,Cash loans,F,Y,Y,0,157500.0,447768.0,29151.0,405000.0,Family,Commercial associate,Higher education,Civil marriage,House / apartment,0.02461,-11366,-1538,-3407,-3407,5.0,1,1,1,1,1,1,Sales staff,2.0,2,2,SUNDAY,16,0,0,0,0,1,1,Industry: type 11,0.33546197,0.179937393,0.180887978,0.0722,0.02,0.9771,,,0.0,0.1724,0.1667,,0.0197,,0.0653,,0.0,0.0735,0.0208,0.9772,,,0.0,0.1724,0.1667,,0.0202,,0.068,,0.0,0.0729,0.02,0.9771,,,0.0,0.1724,0.1667,,0.0201,,0.0664,,0.0,,block of flats,0.0513,"Stone, brick",No,4.0,0.0,4.0,0.0,-308.0,0,1,0,0,0,0,0,0,0,0,0,0,0,0,0,0,0,0,0,0,0.0,0.0,0.0,0.0,0.0,3.0
156323,6/23/2018,0,Cash loans,F,N,Y,3,76500.0,101880.0,6763.5,90000.0,Unaccompanied,Working,Secondary / secondary special,Married,House / apartment,0.019689,-10820,-3730,-805,-2351,,1,1,1,1,1,1,Sales staff,5.0,2,2,MONDAY,12,0,0,0,0,1,1,Self-employed,0.729728457,0.420605819,0.303146374,,,,,,,,,,,,,,,,,,,,,,,,,,,,,,,,,,,,,,,,,,,,,,,,3.0,2.0,3.0,2.0,-251.0,0,1,0,0,0,0,0,0,0,0,0,0,0,0,0,0,0,0,0,0,0.0,0.0,0.0,0.0,0.0,6.0
129304,3/31/2018,0,Cash loans,F,N,N,2,135000.0,239850.0,23719.5,225000.0,Unaccompanied,Working,Higher education,Married,House / apartment,0.018029,-11796,-3715,-2941,-832,,1,1,0,1,0,0,Laborers,4.0,3,3,WEDNESDAY,9,0,0,0,0,0,0,Business Entity Type 3,,0.362561529,,,,,,,,,,,,,,,,,,,,,,,,,,,,,,,,,,,,,,,,,,,,,,,,,2.0,0.0,2.0,0.0,-727.0,0,1,0,0,0,0,0,0,0,0,0,0,0,0,0,0,0,0,0,0,0.0,0.0,0.0,0.0,0.0,1.0
112189,2/7/2018,0,Cash loans,F,N,Y,1,292500.0,835380.0,40320.0,675000.0,Unaccompanied,Commercial associate,Secondary / secondary special,Separated,House / apartment,0.032561,-11492,-185,-1809,-3037,,1,1,0,1,0,0,,2.0,1,1,MONDAY,14,0,0,0,0,0,0,Business Entity Type 3,0.578001362,0.667617799,0.106841948,0.1031,0.0845,0.9737,0.6396,0.1281,0.0,0.1724,0.1667,0.0417,0.0521,0.0841,0.0881,0.0,0.0032,0.105,0.0875,0.9737,0.6537,0.1288,0.0,0.1724,0.1667,0.0417,0.0501,0.0918,0.0917,0.0,0.002,0.1041,0.0845,0.9737,0.6444,0.1289,0.0,0.1724,0.1667,0.0417,0.053,0.0855,0.0897,0.0,0.0033,reg oper account,block of flats,0.0698,Panel,No,20.0,1.0,20.0,0.0,-573.0,0,1,0,0,0,0,0,0,0,0,0,0,0,0,0,0,0,0,0,0,0.0,0.0,0.0,0.0,0.0,0.0
116553,2/20/2018,0,Cash loans,M,Y,Y,0,135000.0,586633.5,35577.0,445500.0,Unaccompanied,Working,Secondary / secondary special,Married,House / apartment,0.022625,-18162,-1010,-2967,-1696,19.0,1,1,0,1,0,0,,2.0,2,2,THURSDAY,9,0,0,0,0,0,0,Other,,0.51397163,0.572682505,0.0351,,0.9935,,,0.0,0.069,0.1667,,,,0.072,,,0.0357,,0.9935,,,0.0,0.069,0.1667,,,,0.075,,,0.0354,,0.9935,,,0.0,0.069,0.1667,,,,0.0733,,,,block of flats,0.0566,,No,0.0,0.0,0.0,0.0,-582.0,0,0,0,0,0,0,1,0,0,0,0,0,0,0,0,0,0,0,0,0,0.0,0.0,0.0,0.0,0.0,0.0
142999,5/13/2018,0,Cash loans,M,Y,N,1,135000.0,675000.0,32472.0,675000.0,Unaccompanied,Working,Lower secondary,Married,House / apartment,0.019101,-11073,-708,-2361,-585,14.0,1,1,1,1,0,0,Laborers,3.0,2,2,SATURDAY,12,0,0,0,0,0,0,Self-employed,0.302684977,0.689981548,0.651260219,,,,,,,,,,,,,,,,,,,,,,,,,,,,,,,,,,,,,,,,,,,,,,,,0.0,0.0,0.0,0.0,-1703.0,0,1,0,0,0,0,0,0,0,0,0,0,0,0,0,0,0,0,0,0,0.0,0.0,0.0,0.0,0.0,0.0
108072,1/25/2018,0,Cash loans,F,Y,N,0,135000.0,1305000.0,38155.5,1305000.0,Unaccompanied,Commercial associate,Secondary / secondary special,Married,House / apartment,0.006671,-18350,-7075,-12494,-1864,8.0,1,1,1,1,1,1,Managers,2.0,2,2,THURSDAY,11,0,0,0,0,0,0,Self-employed,,0.668282259,0.549596502,0.0856,0.0295,0.9816,0.7484,0.0129,0.08,0.0345,0.5417,0.5833,0.0231,0.0681,0.0437,0.0077,0.0,0.0872,0.0306,0.9816,0.7583,0.013,0.0806,0.0345,0.5417,0.5833,0.0237,0.0744,0.0456,0.0078,0.0,0.0864,0.0295,0.9816,0.7518,0.013,0.08,0.0345,0.5417,0.5833,0.0235,0.0693,0.0445,0.0078,0.0,org spec account,block of flats,0.0629,"Stone, brick",No,1.0,0.0,1.0,0.0,-1190.0,0,1,0,0,0,0,0,0,0,0,0,0,0,0,0,0,0,0,0,0,0.0,0.0,0.0,1.0,0.0,0.0
107119,1/22/2018,1,Cash loans,F,N,Y,2,135000.0,755190.0,36328.5,675000.0,Family,Working,Secondary / secondary special,Married,House / apartment,0.025164,-11608,-902,-963,-4019,,1,1,0,1,0,0,Core staff,4.0,2,2,TUESDAY,14,0,0,0,0,0,0,Bank,0.359239294,0.258996842,0.457899551,0.1196,0.1167,0.9757,,,0.0,0.2069,0.1667,,0.078,,0.0943,,0.0113,0.1218,0.1211,0.9757,,,0.0,0.2069,0.1667,,0.0798,,0.0983,,0.012,0.1207,0.1167,0.9757,,,0.0,0.2069,0.1667,,0.0794,,0.096,,0.0116,,block of flats,0.0794,"Stone, brick",No,8.0,0.0,8.0,0.0,-479.0,0,1,0,0,0,0,0,0,0,0,0,0,0,0,0,0,0,0,0,0,0.0,0.0,0.0,0.0,0.0,0.0
137670,4/26/2018,0,Cash loans,F,N,Y,1,112500.0,283419.0,16398.0,234000.0,Children,Working,Secondary / secondary special,Separated,House / apartment,0.006207,-17231,-79,-8288,-768,,1,1,1,1,1,0,Laborers,2.0,2,2,WEDNESDAY,16,0,0,0,0,0,0,Business Entity Type 3,,0.605045891,0.495665829,,,0.9781,,,0.0,0.2069,0.1667,,,,0.0878,,,,,0.9782,,,0.0,0.2069,0.1667,,,,0.0912,,,,,0.9781,,,0.0,0.2069,0.1667,,,,0.0893,,,,block of flats,0.0688,"Stone, brick",No,0.0,0.0,0.0,0.0,-347.0,0,1,0,0,0,0,0,0,0,0,0,0,0,0,0,0,0,0,0,0,0.0,0.0,0.0,0.0,3.0,2.0
116094,2/19/2018,0,Cash loans,M,Y,Y,0,247500.0,101880.0,10206.0,90000.0,Unaccompanied,Working,Higher education,Civil marriage,House / apartment,0.006629,-12310,-918,-1693,-4888,13.0,1,1,0,1,1,0,Laborers,2.0,2,2,WEDNESDAY,8,0,0,0,0,0,0,Housing,,0.76379062,0.309275356,0.167,0.1364,0.9856,0.8028,0.0806,0.2,0.1724,0.3333,0.0417,0.1788,0.1336,0.2033,0.0116,0.0146,0.1702,0.1415,0.9856,0.8105,0.0814,0.2014,0.1724,0.3333,0.0417,0.1829,0.146,0.2118,0.0117,0.0155,0.1686,0.1364,0.9856,0.8054,0.0812,0.2,0.1724,0.3333,0.0417,0.1819,0.136,0.207,0.0116,0.0149,org spec account,block of flats,0.2072,Panel,No,0.0,0.0,0.0,0.0,-452.0,0,1,0,0,0,0,0,0,0,0,0,0,0,0,0,0,0,0,0,0,0.0,0.0,0.0,0.0,0.0,0.0
145351,5/20/2018,1,Cash loans,M,Y,N,1,315000.0,916470.0,32598.0,765000.0,Unaccompanied,Working,Secondary / secondary special,Married,House / apartment,0.018029,-12018,-870,-2436,-2443,14.0,1,1,0,1,0,0,Laborers,3.0,3,3,TUESDAY,7,0,0,0,0,1,1,Telecom,,0.00189031,0.225086862,,,,,,,,,,,,,,,,,,,,,,,,,,,,,,,,,,,,,,,,,,,,,,,,0.0,0.0,0.0,0.0,0.0,0,1,0,0,0,0,0,0,0,0,0,0,0,0,0,0,0,0,0,0,0.0,0.0,0.0,0.0,0.0,2.0
104807,1/15/2018,1,Cash loans,F,N,Y,2,112500.0,284400.0,13387.5,225000.0,Unaccompanied,Commercial associate,Secondary / secondary special,Single / not married,With parents,0.006852,-9904,-2123,-503,-2546,,1,1,1,1,1,0,Cooking staff,3.0,3,3,MONDAY,9,0,0,0,1,1,0,Self-employed,0.382623567,0.37697165,0.095070396,,,,,,,,,,,,,,,,,,,,,,,,,,,,,,,,,,,,,,,,,,,,,,,,6.0,0.0,6.0,0.0,-1613.0,0,1,0,0,0,0,0,0,0,0,0,0,0,0,0,0,0,0,0,0,0.0,0.0,0.0,0.0,0.0,4.0
117705,2/23/2018,0,Cash loans,F,Y,N,0,360000.0,467667.0,23886.0,423000.0,Unaccompanied,Commercial associate,Higher education,Single / not married,House / apartment,0.014464,-10420,-1661,-1824,-1953,3.0,1,1,0,1,0,0,Drivers,1.0,2,2,THURSDAY,6,0,0,0,0,1,1,Business Entity Type 3,0.460047399,0.526431529,0.612704244,,,,,,,,,,,,,,,,,,,,,,,,,,,,,,,,,,,,,,,,,,,,,,,,3.0,0.0,3.0,0.0,-1106.0,0,1,0,0,0,0,0,0,0,0,0,0,0,0,0,0,0,0,0,0,0.0,0.0,0.0,0.0,0.0,1.0
135376,4/19/2018,0,Cash loans,M,N,Y,0,247500.0,792000.0,23157.0,792000.0,Unaccompanied,Working,Secondary / secondary special,Married,House / apartment,0.026392,-18311,-1407,-5586,-1874,,1,1,0,1,0,0,Drivers,2.0,2,2,WEDNESDAY,11,0,0,0,0,0,0,Trade: type 7,,0.428121565,0.73801962,0.0237,,0.9871,,,0.0,0.069,0.0417,,,,0.0246,,0.0023,0.0021,,0.9826,,,0.0,0.0345,0.0,,,,0.002,,0.0024,0.0239,,0.9871,,,0.0,0.069,0.0417,,,,0.025,,0.0024,,terraced house,0.0018,"Stone, brick",No,0.0,0.0,0.0,0.0,-354.0,0,1,0,0,0,0,0,0,0,0,0,0,0,0,0,0,0,0,0,0,0.0,0.0,1.0,0.0,0.0,1.0
135021,4/18/2018,0,Cash loans,F,N,Y,1,112500.0,770292.0,30676.5,688500.0,Unaccompanied,State servant,Secondary / secondary special,Married,House / apartment,0.04622,-15761,-2538,-5388,-4523,,1,1,0,1,0,0,Medicine staff,3.0,1,1,WEDNESDAY,16,0,0,0,0,0,0,Medicine,,0.77093789,0.754406173,0.0825,,0.9762,,,,0.1379,0.1667,,0.0972,,0.0408,,,0.084,,0.9762,,,,0.1379,0.1667,,0.0994,,0.0425,,,0.0833,,0.9762,,,,0.1379,0.1667,,0.0989,,0.0415,,,,block of flats,0.0496,"Stone, brick",No,8.0,0.0,8.0,0.0,-610.0,0,1,0,0,0,0,0,0,0,0,0,0,0,0,0,0,0,0,0,0,0.0,0.0,0.0,0.0,0.0,3.0
109475,1/29/2018,0,Cash loans,F,N,Y,0,81000.0,625536.0,20457.0,540000.0,Unaccompanied,Working,Secondary / secondary special,Married,House / apartment,0.0105,-22068,-443,-2600,-4890,,1,1,1,1,1,0,,2.0,3,3,MONDAY,12,0,0,0,0,0,0,Other,0.627741821,0.629312515,0.586740009,,,,,,,,,,,,,,,,,,,,,,,,,,,,,,,,,,,,,,,,,,,,,,,,2.0,1.0,2.0,1.0,-397.0,0,0,0,0,1,0,0,0,0,0,0,0,0,0,0,0,0,0,0,0,0.0,0.0,0.0,0.0,0.0,2.0
151386,6/7/2018,0,Cash loans,M,N,N,0,85500.0,521280.0,25209.0,450000.0,"Spouse, partner",Pensioner,Secondary / secondary special,Civil marriage,With parents,0.020246,-15902,365243,-231,-685,,1,0,0,1,0,0,,2.0,3,3,MONDAY,9,0,0,0,0,0,0,XNA,0.332361546,0.000929059,,,,,,,,,,,,,,,,,,,,,,,,,,,,,,,,,,,,,,,,,,,,,,,,,1.0,1.0,1.0,1.0,0.0,0,0,0,0,1,0,0,0,0,0,0,0,0,0,0,0,0,0,0,0,,,,,,
132038,4/9/2018,0,Cash loans,F,N,N,0,130500.0,288873.0,14805.0,238500.0,Unaccompanied,Commercial associate,Secondary / secondary special,Single / not married,House / apartment,0.020713,-23733,-1531,-9420,-4668,,1,1,0,1,0,0,Cleaning staff,1.0,3,2,MONDAY,11,0,0,0,0,0,0,Housing,,0.543582432,0.344155007,0.2144,0.1734,0.9871,0.8232,0.3437,0.24,0.2069,0.3333,0.375,0.105,0.174,0.2385,0.0039,0.1371,0.2185,0.1799,0.9871,0.8301,0.3469,0.2417,0.2069,0.3333,0.375,0.1074,0.1901,0.2485,0.0039,0.1452,0.2165,0.1734,0.9871,0.8256,0.3459,0.24,0.2069,0.3333,0.375,0.1068,0.177,0.2428,0.0039,0.14,org spec account,block of flats,0.222,Panel,No,5.0,1.0,4.0,0.0,-3.0,0,1,0,0,0,0,0,0,0,0,0,0,0,0,0,0,0,0,0,0,0.0,0.0,0.0,0.0,0.0,0.0
122646,3/11/2018,0,Cash loans,F,N,N,0,67500.0,508495.5,24592.5,454500.0,Family,Commercial associate,Secondary / secondary special,Married,House / apartment,0.003069,-16820,-1967,-8618,-369,,1,1,0,1,0,0,Core staff,2.0,3,3,TUESDAY,14,0,0,0,0,0,0,School,,0.69025746,0.719490785,,,,,,,,,,,,,,,,,,,,,,,,,,,,,,,,,,,,,,,,,,,,,,,,0.0,0.0,0.0,0.0,-1816.0,0,1,0,0,0,0,0,0,0,0,0,0,0,0,0,0,0,0,0,0,0.0,0.0,0.0,0.0,0.0,3.0
134581,4/17/2018,0,Cash loans,F,N,N,0,202500.0,1035832.5,33543.0,904500.0,Unaccompanied,Working,Secondary / secondary special,Married,House / apartment,0.00823,-18814,-972,-6230,-2331,,1,1,0,1,1,0,Medicine staff,2.0,2,2,TUESDAY,15,0,0,0,0,0,0,Medicine,,0.639597149,0.106841948,0.0773,0.0849,0.9861,,,,0.1724,0.1667,,,,0.0684,,,0.0788,0.0881,0.9861,,,,0.1724,0.1667,,,,0.0713,,,0.0781,0.0849,0.9861,,,,0.1724,0.1667,,,,0.0696,,,,block of flats,0.0538,Panel,No,0.0,0.0,0.0,0.0,-682.0,0,1,0,0,0,0,0,0,0,0,0,0,0,0,0,0,0,0,0,0,0.0,0.0,0.0,0.0,0.0,1.0
102326,1/8/2018,0,Cash loans,F,N,Y,1,45000.0,135000.0,7321.5,135000.0,Unaccompanied,Working,Secondary / secondary special,Married,House / apartment,0.028663,-10244,-897,-1236,-1902,,1,1,1,1,0,0,Laborers,3.0,2,2,MONDAY,8,0,0,0,0,1,1,Business Entity Type 3,0.494571153,0.339154781,,,,,,,,,,,,,,,,,,,,,,,,,,,,,,,,,,,,,,,,,,,,,,,,,3.0,0.0,3.0,0.0,-2032.0,0,1,0,0,0,0,0,0,0,0,0,0,0,0,0,0,0,0,0,0,,,,,,
143698,5/15/2018,0,Revolving loans,M,Y,N,2,90000.0,270000.0,13500.0,270000.0,Family,Working,Secondary / secondary special,Married,House / apartment,0.00702,-13793,-2226,-7878,-4469,15.0,1,1,0,1,0,0,Drivers,4.0,2,2,SATURDAY,11,0,0,0,1,1,1,Self-employed,,0.273306533,0.832785025,,,,,,,,,,,,,,,,,,,,,,,,,,,,,,,,,,,,,,,,,,,,,,,,0.0,0.0,0.0,0.0,-383.0,0,0,0,0,0,0,0,0,0,0,0,0,0,0,0,0,0,0,0,0,0.0,0.0,0.0,1.0,1.0,2.0
133036,4/12/2018,0,Cash loans,M,N,Y,0,112500.0,254700.0,27558.0,225000.0,Unaccompanied,Commercial associate,Secondary / secondary special,Single / not married,House / apartment,0.00963,-12830,-5132,-1605,-5042,,1,1,0,1,1,0,Laborers,1.0,2,2,SATURDAY,12,0,0,0,0,0,0,Business Entity Type 3,,0.611693832,0.698667555,0.0918,0.099,0.9901,0.864,0.0416,0.0,0.2069,0.1667,0.2083,0.0344,0.0748,0.0847,0.0,0.0,0.0935,0.1027,0.9901,0.8693,0.042,0.0,0.2069,0.1667,0.2083,0.0352,0.0817,0.0882,0.0,0.0,0.0926,0.099,0.9901,0.8658,0.0419,0.0,0.2069,0.1667,0.2083,0.035,0.0761,0.0862,0.0,0.0,reg oper account,block of flats,0.0894,Panel,No,2.0,2.0,2.0,2.0,-2562.0,0,1,0,0,0,0,0,0,0,0,0,0,0,0,0,0,0,0,0,0,0.0,0.0,0.0,0.0,0.0,2.0
146339,5/23/2018,0,Cash loans,M,N,Y,0,112500.0,277969.5,18706.5,229500.0,Unaccompanied,Working,Higher education,Civil marriage,House / apartment,0.006207,-9748,-772,-2961,-2435,,1,1,0,1,0,0,Sales staff,2.0,2,2,WEDNESDAY,9,0,0,0,0,0,0,Self-employed,,0.310438141,0.263646813,,,,,,,,,,,,,,,,,,,,,,,,,,,,,,,,,,,,,,,,,,,,,,,,4.0,0.0,4.0,0.0,0.0,0,1,0,0,0,0,0,0,0,0,0,0,0,0,0,0,0,0,0,0,0.0,0.0,0.0,0.0,0.0,3.0
122555,3/10/2018,0,Cash loans,F,N,N,1,315000.0,810000.0,28827.0,810000.0,Unaccompanied,Working,Higher education,Married,House / apartment,0.008474,-12364,-1358,-3722,-3722,,1,1,0,1,0,0,Managers,3.0,2,2,TUESDAY,16,0,0,0,0,1,1,Trade: type 1,0.313211113,0.399859249,0.10015182,0.141,0.0803,0.9831,0.7824,0.0347,0.09,0.181,0.2083,0.2917,0.0326,0.1702,0.1423,0.0058,0.0289,0.0683,0.0668,0.9801,0.7387,0.0071,0.0,0.1379,0.1667,0.2083,0.0157,0.0588,0.0525,0.0039,0.0208,0.0723,0.0825,0.9806,0.7853,0.0349,0.0,0.1379,0.1667,0.2917,0.0246,0.1732,0.0667,0.0058,0.0277,reg oper spec account,block of flats,0.3462,"Stone, brick",No,0.0,0.0,0.0,0.0,-1859.0,0,1,0,0,0,0,0,0,0,0,0,0,0,0,0,0,0,0,0,0,0.0,0.0,0.0,1.0,1.0,2.0
116251,2/19/2018,0,Cash loans,M,Y,N,1,427500.0,781920.0,32998.5,675000.0,Unaccompanied,Commercial associate,Secondary / secondary special,Married,House / apartment,0.01452,-21167,-2363,-4558,-4657,11.0,1,1,1,1,1,0,Managers,3.0,2,2,WEDNESDAY,19,0,0,0,0,0,0,Business Entity Type 3,,0.583809159,0.277885689,,,,,,,,,,,,,,,,,,,,,,,,,,,,,,,,,,,,,,,,,,,,,,,,3.0,0.0,3.0,0.0,-1612.0,0,1,0,0,0,0,0,0,0,0,0,0,0,0,0,0,0,0,0,0,0.0,0.0,0.0,0.0,0.0,7.0
146754,5/24/2018,0,Cash loans,F,Y,Y,0,157500.0,509400.0,32683.5,450000.0,Unaccompanied,Working,Higher education,Civil marriage,House / apartment,0.00823,-9321,-1214,-9321,-1987,6.0,1,1,0,1,0,0,,2.0,2,2,WEDNESDAY,15,0,0,0,0,0,0,Other,0.49204572,0.617138601,0.6075573,0.0588,,0.9826,,,,,0.1667,,,,0.0539,,,0.0599,,0.9826,,,,,0.1667,,,,0.0562,,,0.0593,,0.9826,,,,,0.1667,,,,0.0549,,,,block of flats,0.0552,"Stone, brick",No,1.0,0.0,1.0,0.0,0.0,0,1,0,0,0,0,0,0,0,0,0,0,0,0,0,0,0,0,0,0,0.0,0.0,0.0,0.0,1.0,0.0
130525,4/4/2018,0,Cash loans,M,Y,N,0,135000.0,961146.0,25483.5,688500.0,Unaccompanied,Commercial associate,Secondary / secondary special,Married,House / apartment,0.02461,-20293,-11837,-4829,-3228,14.0,1,1,1,1,0,0,Laborers,2.0,2,2,MONDAY,17,0,0,0,0,0,0,Business Entity Type 2,,0.706845455,0.546023197,0.0814,,0.993,,,0.08,0.069,0.375,,0.0128,,0.057,,,0.083,,0.993,,,0.0806,0.069,0.375,,0.013,,0.0594,,,0.0822,,0.993,,,0.08,0.069,0.375,,0.013,,0.058,,,,block of flats,0.0764,Panel,No,0.0,0.0,0.0,0.0,-1361.0,0,1,0,0,0,0,0,0,0,0,0,0,0,0,0,0,1,0,0,0,0.0,0.0,0.0,1.0,1.0,2.0
121455,3/7/2018,0,Cash loans,F,Y,N,2,126000.0,1125000.0,33025.5,1125000.0,Family,Working,Secondary / secondary special,Married,With parents,0.028663,-14606,-1750,-8329,-4011,8.0,1,1,0,1,0,0,IT staff,4.0,2,2,MONDAY,14,0,0,0,0,0,0,Police,0.740257583,0.622780197,0.569148771,0.066,0.0802,0.9791,0.7144,0.0074,0.0,0.1379,0.1667,0.0417,0.0898,0.0521,0.0565,0.0077,0.1037,0.0672,0.0832,0.9791,0.7256,0.0075,0.0,0.1379,0.1667,0.0417,0.0918,0.0569,0.0589,0.0078,0.1098,0.0666,0.0802,0.9791,0.7182,0.0075,0.0,0.1379,0.1667,0.0417,0.0913,0.053,0.0576,0.0078,0.1059,reg oper account,block of flats,0.0711,"Stone, brick",No,0.0,0.0,0.0,0.0,-1633.0,0,1,0,0,0,0,0,0,0,0,0,0,0,0,0,0,0,0,0,0,0.0,0.0,0.0,0.0,1.0,2.0
138459,4/29/2018,0,Cash loans,F,N,Y,0,121500.0,498384.0,50301.0,459000.0,Unaccompanied,Pensioner,Secondary / secondary special,Married,House / apartment,0.01885,-23774,365243,-10479,-5227,,1,0,0,1,0,0,,2.0,2,2,TUESDAY,10,0,0,0,0,0,0,XNA,,0.172747365,,,,,,,,,,,,,,,,,,,,,,,,,,,,,,,,,,,,,,,,,,,,,,,,,6.0,0.0,6.0,0.0,-167.0,0,1,0,0,0,0,0,0,0,0,0,0,0,0,0,0,0,0,0,0,0.0,0.0,0.0,0.0,1.0,4.0
133123,4/12/2018,0,Cash loans,F,N,Y,0,225000.0,670500.0,26590.5,670500.0,Unaccompanied,State servant,Secondary / secondary special,Widow,House / apartment,0.010276,-20720,-2673,-6679,-4075,,1,1,0,1,0,0,,1.0,2,2,TUESDAY,16,0,0,0,0,0,0,Government,,0.750798815,0.357293268,,,,,,,,,,,,,,,,,,,,,,,,,,,,,,,,,,,,,,,,,,,,,,,,0.0,0.0,0.0,0.0,-693.0,0,1,0,0,0,0,0,0,0,0,0,0,0,0,0,0,0,0,0,0,0.0,0.0,0.0,1.0,0.0,2.0
114167,2/13/2018,0,Cash loans,F,N,Y,0,247500.0,260640.0,20299.5,225000.0,Unaccompanied,Working,Higher education,Civil marriage,House / apartment,0.009657,-19762,-1510,-7579,-3139,,1,1,0,1,1,1,Core staff,2.0,2,2,SUNDAY,11,0,1,1,0,1,1,Self-employed,0.495510258,0.717486088,0.187388765,0.1856,0.1256,0.9821,0.7552,0.0349,0.2,0.1724,0.3333,0.375,0.1658,0.1513,0.2196,0.0,0.0,0.1891,0.1304,0.9821,0.7648,0.0353,0.2014,0.1724,0.3333,0.375,0.1696,0.1653,0.2288,0.0,0.0,0.1874,0.1256,0.9821,0.7585,0.0352,0.2,0.1724,0.3333,0.375,0.1687,0.1539,0.2235,0.0,0.0,reg oper account,block of flats,0.2184,Panel,No,0.0,0.0,0.0,0.0,-776.0,0,1,0,0,0,0,0,0,0,0,0,0,0,0,0,0,0,0,0,0,0.0,0.0,0.0,0.0,1.0,2.0
137736,4/26/2018,0,Cash loans,F,N,N,0,135000.0,808650.0,23643.0,675000.0,Unaccompanied,Pensioner,Secondary / secondary special,Civil marriage,House / apartment,0.018634,-23404,365243,-2498,-2545,,1,0,0,1,0,0,,2.0,2,2,SATURDAY,12,0,0,0,0,0,0,XNA,,0.281140474,0.397946322,,,,,,,,,,,,,,,,,,,,,,,,,,,,,,,,,,,,,,,,,,,,,,,,0.0,0.0,0.0,0.0,-1068.0,0,1,0,0,0,0,0,0,0,0,0,0,0,0,0,0,0,0,0,0,0.0,0.0,0.0,0.0,0.0,0.0
153959,6/15/2018,0,Cash loans,M,N,Y,0,243000.0,810000.0,41485.5,810000.0,Unaccompanied,State servant,Higher education,Married,House / apartment,0.00496,-10107,-642,-4852,-442,,1,1,0,1,0,1,Core staff,2.0,2,2,THURSDAY,14,0,0,0,0,1,1,Police,,0.70745228,,,,,,,,,,,,,,,,,,,,,,,,,,,,,,,,,,,,,,,,,,,,,,,,,0.0,0.0,0.0,0.0,-276.0,0,1,0,0,0,0,0,0,0,0,0,0,0,0,0,0,0,0,0,0,0.0,0.0,0.0,0.0,0.0,3.0
103893,1/12/2018,0,Cash loans,M,N,Y,1,450000.0,835380.0,40189.5,675000.0,Unaccompanied,Working,Secondary / secondary special,Married,House / apartment,0.072508,-14858,-91,-8914,-272,,1,1,1,1,1,0,Drivers,3.0,1,1,SATURDAY,16,0,0,0,0,0,0,Business Entity Type 2,,0.747647511,0.786266615,0.1856,0.1255,0.9767,0.6804,0.0,0.2,0.1724,0.3333,0.375,0.0,0.1513,0.1568,0.0,0.0352,0.1891,0.1303,0.9767,0.6929,0.0,0.2014,0.1724,0.3333,0.375,0.0,0.1653,0.1634,0.0,0.0373,0.1874,0.1255,0.9767,0.6847,0.0,0.2,0.1724,0.3333,0.375,0.0,0.1539,0.1596,0.0,0.036,reg oper account,block of flats,0.0,"Stone, brick",No,0.0,0.0,0.0,0.0,-457.0,0,0,0,0,0,0,1,0,0,0,0,0,0,0,0,0,0,0,0,0,0.0,0.0,0.0,0.0,0.0,2.0
115799,2/18/2018,0,Cash loans,F,Y,Y,2,454500.0,603000.0,30919.5,603000.0,Unaccompanied,Commercial associate,Secondary / secondary special,Married,House / apartment,0.018209,-13962,-2081,-3143,-4814,14.0,1,1,0,1,0,1,Accountants,4.0,3,3,MONDAY,12,0,0,0,0,0,0,Business Entity Type 3,0.676882272,0.297627102,0.171468367,,,,,,,,,,,,,,,,,,,,,,,,,,,,,,,,,,,,,,,,,,,,,,,,0.0,0.0,0.0,0.0,-1325.0,0,1,0,0,0,0,0,0,0,0,0,0,0,0,0,0,0,0,0,0,0.0,0.0,1.0,0.0,0.0,1.0
101977,1/7/2018,0,Cash loans,F,Y,Y,0,135000.0,755190.0,33394.5,675000.0,Family,Pensioner,Secondary / secondary special,Married,House / apartment,0.009657,-22333,365243,-5784,-4498,16.0,1,0,0,1,0,0,,2.0,2,2,FRIDAY,9,0,0,0,0,0,0,XNA,,0.407792852,0.53527625,,,,,,,,,,,,,,,,,,,,,,,,,,,,,,,,,,,,,,,,,,,,,,,,0.0,0.0,0.0,0.0,-770.0,0,0,0,0,1,0,0,0,0,0,0,0,0,0,0,0,0,0,0,0,0.0,0.0,0.0,0.0,0.0,3.0
101114,1/4/2018,0,Cash loans,F,Y,Y,0,360000.0,754740.0,20884.5,630000.0,Unaccompanied,Commercial associate,Higher education,Single / not married,House / apartment,0.030755,-12409,-1286,-3372,-4248,9.0,1,1,0,1,0,0,,1.0,2,2,MONDAY,17,0,0,0,1,1,0,Trade: type 3,0.629481488,0.602602939,0.662637792,,,,,,,,,,,,,,,,,,,,,,,,,,,,,,,,,,,,,,,,,,,,,,,,0.0,0.0,0.0,0.0,-1044.0,0,0,0,0,0,0,0,0,0,0,0,0,0,0,0,0,0,0,0,0,0.0,0.0,0.0,1.0,1.0,1.0
134704,4/17/2018,1,Cash loans,F,Y,Y,2,225000.0,755460.0,58594.5,706500.0,Unaccompanied,Commercial associate,Higher education,Married,House / apartment,0.002042,-10430,-1504,-123,-3119,5.0,1,1,0,1,0,0,Core staff,4.0,3,3,MONDAY,16,0,0,0,1,1,0,Business Entity Type 3,0.27281309,0.281511857,0.384206813,,,,,,,,,,,,,,,,,,,,,,,,,,,,,,,,,,,,,,,,,,,,,,,,0.0,0.0,0.0,0.0,0.0,0,1,0,0,0,0,0,0,0,0,0,0,0,0,0,0,0,0,0,0,0.0,0.0,0.0,0.0,0.0,3.0
127697,3/26/2018,0,Cash loans,F,Y,Y,0,180000.0,675000.0,54121.5,675000.0,Family,Working,Secondary / secondary special,Married,House / apartment,0.010006,-11973,-2817,-697,-1483,11.0,1,1,1,1,1,0,Sales staff,2.0,2,2,SATURDAY,16,0,0,0,0,0,0,Business Entity Type 3,0.696344997,0.416072301,0.266456808,0.0371,0.0,0.9826,0.762,,0.0,0.069,0.0417,0.0833,0.0121,0.0303,0.0198,,0.0,0.0378,0.0,0.9826,0.7713,,0.0,0.069,0.0417,0.0833,0.0124,0.0331,0.0206,,0.0,0.0375,0.0,0.9826,0.7652,,0.0,0.069,0.0417,0.0833,0.0123,0.0308,0.0201,,0.0,not specified,block of flats,0.0156,Wooden,No,1.0,0.0,1.0,0.0,-993.0,0,1,0,0,0,0,0,0,0,0,0,0,0,0,0,0,0,0,0,0,0.0,0.0,0.0,1.0,1.0,3.0
128174,3/28/2018,0,Cash loans,F,N,Y,0,225000.0,703728.0,33984.0,607500.0,Unaccompanied,Pensioner,Secondary / secondary special,Widow,House / apartment,0.007274,-21151,365243,-1410,-1410,,1,0,0,1,0,1,,1.0,2,2,SATURDAY,12,0,0,0,0,0,0,XNA,0.801480879,0.243391168,0.262248971,0.0825,,0.9945,0.9252,,0.0,0.1379,0.1667,0.0417,,0.0672,0.0949,0.0,0.0,0.084,,0.9945,0.9281,,0.0,0.1379,0.1667,0.0417,,0.0735,0.0988,0.0,0.0,0.0833,,0.9945,0.9262,,0.0,0.1379,0.1667,0.0417,,0.0684,0.0966,0.0,0.0,reg oper account,block of flats,0.0746,Panel,No,0.0,0.0,0.0,0.0,-255.0,0,1,0,0,0,0,0,0,0,0,0,0,0,0,0,0,0,0,0,0,0.0,0.0,0.0,0.0,1.0,3.0
123609,3/14/2018,0,Cash loans,F,N,Y,2,121500.0,808650.0,26217.0,675000.0,Unaccompanied,Working,Secondary / secondary special,Married,House / apartment,0.015221,-13560,-1646,-4879,-1679,,1,1,1,1,1,0,Core staff,4.0,2,2,FRIDAY,11,0,0,0,0,0,0,Postal,0.458745584,0.4921466,0.544234741,,,,,,,,,,,,,,,,,,,,,,,,,,,,,,,,,,,,,,,,,,,,,,,,3.0,0.0,3.0,0.0,-1385.0,0,1,0,0,0,0,0,0,0,0,0,0,0,0,0,0,0,0,0,0,0.0,0.0,0.0,0.0,0.0,2.0
157417,6/26/2018,0,Cash loans,M,Y,Y,0,180000.0,590337.0,30271.5,477000.0,Unaccompanied,Commercial associate,Higher education,Married,House / apartment,0.020713,-22892,-397,-11642,-5328,2.0,1,1,0,1,0,0,Drivers,2.0,3,3,THURSDAY,9,0,0,0,0,1,1,Government,,0.157087928,0.610991328,,,,,,,,,,,,,,,,,,,,,,,,,,,,,,,,,,,,,,,,,,,,,,,,4.0,0.0,4.0,0.0,-334.0,0,1,0,0,0,0,0,0,0,0,0,0,0,0,0,0,0,0,0,0,0.0,0.0,0.0,0.0,0.0,1.0
148565,5/30/2018,0,Cash loans,M,N,Y,1,180000.0,479974.5,25128.0,364500.0,Unaccompanied,Working,Secondary / secondary special,Separated,House / apartment,0.019101,-15366,-1061,-7894,-3954,,1,1,0,1,0,0,Laborers,2.0,2,2,WEDNESDAY,18,0,0,0,0,1,1,Business Entity Type 3,,0.714716443,0.619527708,,,,,,,,,,,,,,,,,,,,,,,,,,,,,,,,,,,,,,,,,,,,,,,,0.0,0.0,0.0,0.0,-482.0,0,1,0,0,0,0,0,0,0,0,0,0,0,0,0,0,0,0,0,0,0.0,0.0,0.0,0.0,0.0,3.0
134942,4/18/2018,1,Revolving loans,M,N,Y,0,135000.0,270000.0,13500.0,270000.0,Unaccompanied,Commercial associate,Secondary / secondary special,Civil marriage,House / apartment,0.030755,-20009,-374,-2361,-1621,,1,1,0,1,0,0,Laborers,2.0,2,2,MONDAY,12,1,1,0,1,1,0,Construction,,0.148222373,,,,,,,,,,,,,,,,,,,,,,,,,,,,,,,,,,,,,,,,,,,,,,,,,1.0,0.0,1.0,0.0,-105.0,0,0,0,0,0,0,0,0,0,0,0,0,0,0,0,0,0,0,0,0,,,,,,
134550,4/16/2018,0,Cash loans,F,N,Y,1,315000.0,1024740.0,52452.0,900000.0,Unaccompanied,Commercial associate,Higher education,Married,House / apartment,0.009334,-11609,-528,-237,-2769,,1,1,0,1,0,1,Core staff,3.0,2,2,MONDAY,17,0,0,0,0,0,0,Business Entity Type 2,0.328584857,0.610690903,0.522697317,0.0107,0.0,0.9816,0.7484,0.0031,0.0,0.0897,0.0417,0.0,0.0071,0.0092,0.0112,0.0,0.0,0.0126,0.0,0.9816,0.7583,0.0034,0.0,0.1034,0.0417,0.0,0.0055,0.011,0.0135,0.0,0.0,0.0125,0.0,0.9821,0.7518,0.0033,0.0,0.1034,0.0417,0.0,0.0083,0.0103,0.0132,0.0,0.0,reg oper account,block of flats,0.0079,Panel,No,5.0,0.0,5.0,0.0,-1324.0,0,1,0,0,0,0,0,0,0,0,0,0,0,0,0,0,0,0,0,0,0.0,0.0,0.0,0.0,1.0,1.0
145913,5/22/2018,0,Cash loans,M,Y,Y,1,85500.0,227520.0,18103.5,180000.0,Unaccompanied,Working,Secondary / secondary special,Married,House / apartment,0.031329,-15612,-5054,-6736,-4531,14.0,1,1,1,1,1,0,,3.0,2,2,THURSDAY,9,0,0,0,0,0,0,Other,0.398299579,0.622929166,0.2881296,0.1021,0.1127,0.9831,0.7688,0.0125,0.0,0.2069,0.1667,0.2083,0.0847,0.0824,0.0896,0.0039,0.0056,0.104,0.1169,0.9831,0.7779,0.0127,0.0,0.2069,0.1667,0.2083,0.0867,0.09,0.0934,0.0039,0.0059,0.1031,0.1127,0.9831,0.7719,0.0126,0.0,0.2069,0.1667,0.2083,0.0862,0.0838,0.0912,0.0039,0.0057,reg oper account,block of flats,0.0786,Block,No,0.0,0.0,0.0,0.0,-1931.0,0,1,0,0,0,0,0,0,0,0,0,0,0,0,0,0,0,0,0,0,0.0,0.0,0.0,0.0,1.0,0.0
102411,1/8/2018,0,Cash loans,F,N,Y,0,157500.0,755190.0,32125.5,675000.0,Unaccompanied,Pensioner,Secondary / secondary special,Married,House / apartment,0.026392,-23100,365243,-6481,-4687,,1,0,0,1,1,0,,2.0,2,2,SUNDAY,10,0,0,0,0,0,0,XNA,,0.636941478,0.736622698,,,,,,,,,,,,,,,,,,,,,,,,,,,,,,,,,,,,,,,,,,,,,,,,4.0,3.0,4.0,1.0,0.0,0,1,0,0,0,0,0,0,0,0,0,0,0,0,0,0,0,0,0,0,0.0,0.0,0.0,0.0,0.0,1.0
138609,4/29/2018,0,Cash loans,M,N,Y,0,126000.0,166810.5,18094.5,144000.0,Unaccompanied,Working,Secondary / secondary special,Married,House / apartment,0.01885,-10567,-2422,-10202,-3083,,1,1,0,1,1,0,Laborers,2.0,2,2,MONDAY,11,0,0,0,1,1,0,Industry: type 7,0.297497678,0.468407104,0.638043528,,,,,,,,,,,,,,,,,,,,,,,,,,,,,,,,,,,,,,,,,,,,,,,,4.0,0.0,4.0,0.0,-165.0,0,1,0,0,0,0,0,0,0,0,0,0,0,0,0,0,0,0,0,0,0.0,0.0,0.0,1.0,0.0,1.0
126221,3/22/2018,0,Cash loans,M,N,Y,1,225000.0,781920.0,47965.5,675000.0,Unaccompanied,Working,Secondary / secondary special,Married,House / apartment,0.035792,-14735,-3579,-3842,-4061,,1,1,0,1,0,0,,3.0,2,2,THURSDAY,11,0,0,0,0,0,0,Self-employed,,0.358568499,0.828728832,,,,,,,,,,,,,,,,,,,,,,,,,,,,,,,,,,,,,,,,,,,,,,,,0.0,0.0,0.0,0.0,-253.0,0,1,0,0,0,0,0,0,0,0,0,0,0,0,0,0,0,0,0,0,0.0,0.0,0.0,1.0,1.0,3.0
134575,4/17/2018,0,Cash loans,M,Y,Y,0,112500.0,314100.0,16573.5,225000.0,Unaccompanied,Commercial associate,Incomplete higher,Married,House / apartment,0.00496,-14594,-3205,-3416,-4969,10.0,1,1,0,1,0,0,Drivers,2.0,2,2,WEDNESDAY,17,0,0,0,0,0,0,Transport: type 3,0.294148246,0.252516272,0.570916542,0.1271,,0.9791,,,,0.2297,0.1667,,,,0.1024,,,0.1366,,0.9791,,,,0.2414,0.1667,,,,0.095,,,0.1353,,0.9791,,,,0.2414,0.1667,,,,0.1081,,,,,0.0717,,No,0.0,0.0,0.0,0.0,-291.0,0,1,0,0,0,0,0,0,0,0,0,0,0,0,0,0,0,0,0,0,0.0,0.0,0.0,0.0,0.0,0.0
116477,2/20/2018,0,Cash loans,M,N,Y,0,373500.0,485640.0,41674.5,450000.0,Unaccompanied,Commercial associate,Secondary / secondary special,Single / not married,House / apartment,0.072508,-8423,-577,-8309,-844,,1,1,0,1,1,0,IT staff,1.0,1,1,TUESDAY,13,0,0,0,0,0,0,Business Entity Type 3,0.293396333,0.331522358,0.424130311,0.116,0.0883,0.9786,0.7076,0.0723,0.08,0.1379,0.25,0.2917,0.0162,0.0941,0.1057,0.0019,0.0001,0.084,0.0847,0.9752,0.6733,0.0621,0.0,0.1379,0.1667,0.2083,0.0149,0.0735,0.0726,0.0,0.0,0.1171,0.0883,0.9786,0.7115,0.0728,0.08,0.1379,0.25,0.2917,0.0165,0.0958,0.1076,0.0019,0.0001,reg oper account,block of flats,0.0548,Panel,No,0.0,0.0,0.0,0.0,0.0,0,1,0,0,0,0,0,0,0,0,0,0,0,0,0,0,0,0,0,0,0.0,0.0,0.0,0.0,0.0,3.0
120719,3/5/2018,0,Cash loans,F,N,Y,0,180000.0,277969.5,16087.5,229500.0,Unaccompanied,Commercial associate,Secondary / secondary special,Separated,House / apartment,0.02461,-13983,-5180,-1049,-5118,,1,1,0,1,0,0,Sales staff,1.0,2,2,THURSDAY,13,0,0,0,0,0,0,Business Entity Type 3,,0.695103287,0.461482391,,,,,,,,,,,,,,,,,,,,,,,,,,,,,,,,,,,,,,,,,,,,,,,,2.0,1.0,2.0,1.0,-558.0,0,1,0,0,0,0,0,0,0,0,0,0,0,0,0,0,0,0,0,0,0.0,0.0,0.0,1.0,0.0,5.0
117855,2/24/2018,0,Cash loans,F,N,Y,0,90000.0,675000.0,32472.0,675000.0,Unaccompanied,Working,Secondary / secondary special,Married,House / apartment,0.019689,-20065,-1032,-3620,-3618,,1,1,1,1,0,0,Cleaning staff,2.0,2,2,WEDNESDAY,12,1,1,0,1,1,0,Business Entity Type 3,,0.754968907,0.633031641,0.1031,0.0876,0.9846,0.7892,0.0142,0.0,0.2069,0.1667,0.0417,0.0285,0.0841,0.0905,0.0,0.0,0.105,0.0909,0.9846,0.7975,0.0143,0.0,0.2069,0.1667,0.0417,0.0291,0.0918,0.0943,0.0,0.0,0.1041,0.0876,0.9846,0.792,0.0143,0.0,0.2069,0.1667,0.0417,0.029,0.0855,0.0922,0.0,0.0,org spec account,block of flats,0.079,Block,No,0.0,0.0,0.0,0.0,-707.0,0,0,0,1,0,0,0,0,0,0,0,0,0,0,0,0,0,0,0,0,0.0,0.0,0.0,0.0,0.0,0.0
139442,5/2/2018,0,Cash loans,F,N,Y,0,225000.0,505642.5,21420.0,436500.0,Unaccompanied,State servant,Higher education,Separated,House / apartment,0.04622,-19373,-791,-4724,-2908,,1,1,0,1,1,0,Accountants,1.0,1,1,MONDAY,15,0,0,0,0,1,1,Other,0.873081452,0.674443329,,0.0629,0.0571,0.9791,0.7144,0.0859,0.0,0.1552,0.1042,0.1458,0.0583,0.0513,0.0541,0.0,0.0176,0.0231,0.0,0.9786,0.719,0.0283,0.0,0.1034,0.0417,0.0833,0.0323,0.0202,0.0186,0.0,0.0065,0.0635,0.0571,0.9791,0.7182,0.0864,0.0,0.1552,0.1042,0.1458,0.0593,0.0522,0.0551,0.0,0.018,reg oper spec account,block of flats,0.0786,"Stone, brick",No,0.0,0.0,0.0,0.0,-611.0,0,1,0,0,0,0,0,0,0,0,0,0,0,0,0,0,0,0,0,0,,,,,,
104990,1/16/2018,0,Cash loans,F,N,Y,0,45000.0,1125000.0,33025.5,1125000.0,Family,State servant,Secondary / secondary special,Married,Municipal apartment,0.009334,-17590,-7642,-8566,-1132,,1,1,1,1,1,0,Medicine staff,2.0,2,2,WEDNESDAY,16,0,0,0,0,0,0,Medicine,,0.697872236,0.789880347,,,,,,,,,,,,,,,,,,,,,,,,,,,,,,,,,,,,,,,,,,,,,,,,0.0,0.0,0.0,0.0,-2543.0,0,1,0,0,0,0,0,0,0,0,0,0,0,0,0,0,0,0,0,0,0.0,0.0,0.0,0.0,0.0,0.0
109157,1/28/2018,1,Revolving loans,F,N,N,2,112500.0,720000.0,36000.0,720000.0,Unaccompanied,Working,Secondary / secondary special,Married,Municipal apartment,0.031329,-11373,-2196,-2388,-758,,1,1,0,1,0,0,High skill tech staff,4.0,2,2,WEDNESDAY,11,0,0,0,0,0,0,Medicine,0.525176328,0.520349356,0.646329898,0.0495,0.0246,0.9732,0.6328,0.0041,0.0,0.0345,0.125,0.1667,0.0093,0.0403,0.0402,0.0,0.0,0.0504,0.0256,0.9732,0.6472,0.0042,0.0,0.0345,0.125,0.1667,0.0095,0.0441,0.0418,0.0,0.0,0.05,0.0246,0.9732,0.6377,0.0042,0.0,0.0345,0.125,0.1667,0.0095,0.041,0.0409,0.0,0.0,not specified,block of flats,0.0339,"Stone, brick",No,0.0,0.0,0.0,0.0,0.0,0,0,0,0,0,0,0,0,0,0,0,0,0,0,0,0,0,0,0,0,0.0,0.0,0.0,0.0,0.0,1.0
110078,1/31/2018,0,Cash loans,F,N,Y,1,67500.0,360000.0,17640.0,360000.0,Unaccompanied,Working,Secondary / secondary special,Single / not married,House / apartment,0.026392,-14776,-1311,-2386,-2680,,1,1,0,1,0,0,Medicine staff,2.0,2,2,THURSDAY,14,0,0,0,0,1,1,Medicine,,0.551832517,0.785052026,,,,,,,,,,,,,,,,,,,,,,,,,,,,,,,,,,,,,,,,,,,,,,,,3.0,0.0,3.0,0.0,-596.0,0,1,0,0,0,0,0,0,0,0,0,0,0,0,0,0,0,0,0,0,0.0,0.0,0.0,0.0,0.0,1.0
151839,6/9/2018,0,Cash loans,M,N,Y,0,135000.0,545040.0,26640.0,450000.0,Unaccompanied,Working,Secondary / secondary special,Civil marriage,House / apartment,0.030755,-12557,-1377,-5367,-4045,,1,1,0,1,0,0,Laborers,2.0,2,2,SUNDAY,11,0,0,0,0,0,0,Other,,0.656300407,0.401407414,0.1041,0.1115,0.9796,0.7212,0.0462,0.0,0.2069,0.1667,0.2083,0.028,0.0832,0.0965,0.0077,0.0286,0.1061,0.1157,0.9796,0.7321,0.0466,0.0,0.2069,0.1667,0.2083,0.0286,0.0909,0.1006,0.0078,0.0303,0.1051,0.1115,0.9796,0.7249,0.0465,0.0,0.2069,0.1667,0.2083,0.0285,0.0847,0.0983,0.0078,0.0292,reg oper account,block of flats,0.1013,"Stone, brick",No,4.0,0.0,4.0,0.0,-387.0,0,0,0,0,0,0,1,0,0,0,0,0,0,0,0,0,0,0,0,0,0.0,0.0,0.0,0.0,0.0,3.0
118012,2/24/2018,0,Cash loans,F,N,N,0,297000.0,592560.0,28638.0,450000.0,Unaccompanied,Working,Secondary / secondary special,Married,Municipal apartment,0.04622,-23729,-2667,-8987,-4457,,1,1,0,1,0,0,Laborers,2.0,1,1,MONDAY,12,0,0,0,0,1,1,Housing,,0.434821343,0.670651753,0.0278,0.0496,0.9876,0.83,0.02,0.0,0.1034,0.0833,0.125,0.0124,0.0227,0.0272,0.0,0.0,0.0284,0.0514,0.9876,0.8367,0.0202,0.0,0.1034,0.0833,0.125,0.0127,0.0248,0.0283,0.0,0.0,0.0281,0.0496,0.9876,0.8323,0.0201,0.0,0.1034,0.0833,0.125,0.0126,0.0231,0.0277,0.0,0.0,reg oper account,block of flats,0.0234,Panel,No,6.0,1.0,6.0,1.0,0.0,0,1,0,0,0,0,0,0,0,0,0,0,0,0,0,0,0,0,0,0,0.0,0.0,0.0,0.0,1.0,5.0
138790,4/30/2018,0,Cash loans,M,Y,Y,3,1125000.0,640080.0,31261.5,450000.0,Unaccompanied,Commercial associate,Secondary / secondary special,Married,House / apartment,0.072508,-11373,-498,-5612,-3571,1.0,1,1,0,1,0,1,Managers,5.0,1,1,TUESDAY,13,1,0,1,0,0,0,Business Entity Type 3,,0.468488781,0.260855914,0.0732,0.0711,0.9518,0.3404,0.0442,0.12,0.1034,0.2917,0.3333,0.0,0.0597,0.0989,0.0116,0.0602,0.0746,0.0738,0.9518,0.3662,0.0446,0.1208,0.1034,0.2917,0.3333,0.0,0.0652,0.103,0.0117,0.0637,0.0739,0.0711,0.9518,0.3492,0.0445,0.12,0.1034,0.2917,0.3333,0.0,0.0607,0.1007,0.0116,0.0614,reg oper account,block of flats,0.0903,"Stone, brick",No,0.0,0.0,0.0,0.0,-732.0,0,0,0,0,0,0,1,0,0,0,0,0,0,0,0,0,0,0,0,0,0.0,0.0,0.0,0.0,0.0,4.0
139359,5/1/2018,0,Cash loans,F,N,Y,2,81000.0,90000.0,8253.0,90000.0,Family,Working,Secondary / secondary special,Married,House / apartment,0.006671,-10005,-884,-4183,-2360,,1,1,1,1,0,0,,4.0,2,2,WEDNESDAY,15,0,0,0,0,0,0,Restaurant,,0.086567101,0.200926088,0.0052,0.0028,0.9652,0.524,,0.0,0.0345,0.0,,0.0124,,0.0044,,0.0,0.0053,0.0029,0.9652,0.5426,,0.0,0.0345,0.0,,0.0127,,0.0046,,0.0,0.0052,0.0028,0.9652,0.5304,,0.0,0.0345,0.0,,0.0126,,0.0045,,0.0,,block of flats,0.0035,"Stone, brick",No,4.0,0.0,4.0,0.0,0.0,0,1,0,0,0,0,0,0,0,0,0,0,0,0,0,0,0,0,0,0,0.0,0.0,0.0,0.0,0.0,1.0
117517,2/23/2018,1,Cash loans,M,N,N,0,225000.0,675000.0,32602.5,675000.0,Unaccompanied,Working,Secondary / secondary special,Single / not married,House / apartment,0.018029,-8467,-97,-2393,-976,,1,1,1,1,1,0,Laborers,1.0,3,3,WEDNESDAY,14,0,0,0,0,0,0,Construction,0.189856708,0.307683061,0.203252114,0.2856,0.263,0.9925,0.8912,0.2187,0.0,0.6552,0.1667,0.0,0.2984,0.232,0.2745,0.0039,0.0175,0.291,0.2729,0.9926,0.8955,0.2207,0.0,0.6552,0.1667,0.0,0.3052,0.2534,0.286,0.0039,0.0185,0.2883,0.263,0.9925,0.8927,0.2201,0.0,0.6552,0.1667,0.0,0.3036,0.236,0.2795,0.0039,0.0178,reg oper account,block of flats,0.3355,Panel,No,3.0,0.0,3.0,0.0,-327.0,0,1,0,0,0,0,0,0,0,0,0,0,0,0,0,0,0,0,0,0,0.0,0.0,0.0,0.0,0.0,0.0
144394,5/17/2018,0,Cash loans,M,N,N,0,157500.0,884124.0,25848.0,738000.0,Unaccompanied,Pensioner,Secondary / secondary special,Married,House / apartment,0.019689,-23189,365243,-11737,-4664,,1,0,0,1,1,1,,2.0,2,2,THURSDAY,21,0,0,0,0,0,0,XNA,0.670604449,0.190680775,0.272133684,0.0928,0.0894,0.9841,0.7824,0.0056,0.0,0.2069,0.1667,0.0,0.0442,0.0756,0.0769,0.0,0.0,0.0945,0.0928,0.9841,0.7909,0.0057,0.0,0.2069,0.1667,0.0,0.0452,0.0826,0.0801,0.0,0.0,0.0937,0.0894,0.9841,0.7853,0.0057,0.0,0.2069,0.1667,0.0,0.0449,0.077,0.0783,0.0,0.0,reg oper account,block of flats,0.0636,Panel,No,0.0,0.0,0.0,0.0,-704.0,0,1,0,0,0,0,0,0,0,0,0,0,0,0,0,0,0,0,0,0,0.0,0.0,0.0,2.0,0.0,1.0
126700,3/23/2018,0,Cash loans,F,N,Y,3,76500.0,227520.0,13189.5,180000.0,"Spouse, partner",Commercial associate,Secondary / secondary special,Married,Rented apartment,0.025164,-11294,-557,-1275,-1275,,1,1,0,1,0,0,Core staff,5.0,2,2,TUESDAY,14,0,0,0,1,1,0,Kindergarten,0.439866182,0.349422533,,,,,,,,,,,,,,,,,,,,,,,,,,,,,,,,,,,,,,,,,,,,,,,,,0.0,0.0,0.0,0.0,-945.0,0,1,0,0,0,0,0,0,0,0,0,0,0,0,0,0,0,0,0,0,,,,,,
148603,5/30/2018,0,Revolving loans,F,N,Y,0,54000.0,157500.0,7875.0,157500.0,Unaccompanied,Working,Secondary / secondary special,Widow,Rented apartment,0.019101,-22077,-553,-10188,-4273,,1,1,0,1,0,0,,1.0,2,2,MONDAY,13,0,0,0,0,0,0,Business Entity Type 3,0.69515681,0.512436505,0.799296783,,,,,,,,,,,,,,,,,,,,,,,,,,,,,,,,,,,,,,,,,,,,,,,,1.0,0.0,1.0,0.0,-353.0,0,0,0,0,0,0,0,0,0,0,0,0,0,0,0,0,0,0,0,0,0.0,0.0,0.0,0.0,0.0,0.0
119864,3/2/2018,0,Cash loans,F,Y,N,2,225000.0,1546020.0,40914.0,1350000.0,Family,Commercial associate,Higher education,Married,House / apartment,0.009175,-12068,-4089,-2948,-3852,6.0,1,1,0,1,0,0,Accountants,4.0,2,2,TUESDAY,11,0,0,0,0,0,0,Business Entity Type 3,,0.749803275,0.812822607,,,,,,,,,,,,,,,,,,,,,,,,,,,,,,,,,,,,,,,,,,,,,,,,0.0,0.0,0.0,0.0,-1041.0,0,0,0,0,0,0,1,0,0,0,0,1,0,0,0,0,0,0,0,0,0.0,0.0,0.0,0.0,0.0,0.0
109018,1/28/2018,0,Cash loans,F,N,N,0,90000.0,284400.0,10215.0,225000.0,Unaccompanied,Pensioner,Secondary / secondary special,Married,Municipal apartment,0.031329,-23445,365243,-5733,-3948,,1,0,0,1,1,0,,2.0,2,2,WEDNESDAY,10,0,0,0,0,0,0,XNA,,,,,,,,,,,,,,,,,,,,,,,,,,,,,,,,,,,,,,,,,,,,,,,,,,,1.0,0.0,1.0,0.0,0.0,0,0,0,0,1,0,0,0,0,0,0,0,0,0,0,0,0,0,0,0,,,,,,
121144,3/6/2018,0,Cash loans,F,N,N,0,112500.0,170640.0,7951.5,135000.0,Unaccompanied,Commercial associate,Secondary / secondary special,Separated,House / apartment,0.010276,-15485,-647,-4391,-4867,,1,1,1,1,0,0,,1.0,2,2,THURSDAY,20,0,0,0,1,1,0,Business Entity Type 3,0.370903204,0.584903283,,,,,,,,,,,,,,,,,,,,,,,,,,,,,,,,,,,,,,,,,,,,,,,,,0.0,0.0,0.0,0.0,-1.0,0,1,0,0,0,0,0,0,0,0,0,0,0,0,0,0,0,0,0,0,0.0,0.0,0.0,1.0,0.0,3.0
129822,4/2/2018,0,Cash loans,F,N,Y,1,90000.0,454500.0,21996.0,454500.0,"Spouse, partner",Commercial associate,Higher education,Married,House / apartment,0.018634,-12927,-1905,-1,-3375,,1,1,0,1,0,0,Accountants,3.0,2,2,WEDNESDAY,17,0,0,0,0,1,1,Business Entity Type 3,0.637364983,0.621325257,,,,,,,,,,,,,,,,,,,,,,,,,,,,,,,,,,,,,,,,,,,,,,,,,2.0,0.0,2.0,0.0,-1475.0,0,1,0,0,0,0,0,0,0,0,0,0,0,0,0,0,0,0,0,0,,,,,,
140243,5/4/2018,0,Cash loans,F,N,N,1,180000.0,327024.0,17059.5,270000.0,Unaccompanied,Working,Secondary / secondary special,Single / not married,House / apartment,0.020713,-17866,-283,-1568,-1411,,1,1,0,1,0,0,Medicine staff,2.0,3,1,TUESDAY,10,0,0,0,0,0,0,Medicine,,0.783820971,0.18959526,0.0648,0.0,0.9752,,,0.0,0.109,0.1667,,0.0278,,0.054,,0.0047,0.042,0.0,0.9747,,,0.0,0.1379,0.1667,,0.0165,,0.0335,,0.0034,0.0718,0.0,0.9747,,,0.0,0.1207,0.1667,,0.0316,,0.061,,0.0048,,block of flats,0.0253,Panel,No,0.0,0.0,0.0,0.0,-1238.0,0,1,0,0,0,0,0,0,0,0,0,0,0,0,1,0,0,0,0,0,0.0,0.0,0.0,0.0,2.0,2.0
108914,1/28/2018,0,Cash loans,F,N,N,0,94500.0,220500.0,8977.5,220500.0,Unaccompanied,Working,Secondary / secondary special,Single / not married,House / apartment,0.009334,-14680,-1415,-4202,-4190,,1,1,0,1,0,0,Sales staff,1.0,2,2,THURSDAY,15,0,0,0,0,0,0,Business Entity Type 3,,0.488086307,,,0.0193,0.9727,0.7892,0.0022,0.0,0.069,0.0417,0.0833,0.0079,0.0067,0.0084,0.0,0.0,,0.02,0.9608,0.7975,0.0022,0.0,0.069,0.0417,0.0833,0.0081,0.0073,0.0088,0.0,0.0,,0.0193,0.9727,0.792,0.0022,0.0,0.069,0.0417,0.0833,0.0081,0.0068,0.0086,0.0,0.0,reg oper account,block of flats,0.0063,"Stone, brick",Yes,1.0,0.0,1.0,0.0,-155.0,0,0,0,0,0,0,0,0,0,0,0,0,0,0,0,0,0,0,0,0,,,,,,
115436,2/17/2018,0,Cash loans,F,N,Y,1,171000.0,254700.0,14751.0,225000.0,Unaccompanied,Working,Secondary / secondary special,Single / not married,House / apartment,0.019101,-14677,-7277,-889,-4732,,1,1,0,1,0,0,Medicine staff,2.0,2,2,WEDNESDAY,11,0,0,0,0,0,0,Medicine,0.512150336,0.304746989,0.742181612,0.2103,0.194,0.9876,,0.0,0.24,0.2069,0.3333,0.0417,0.2469,0.1723,0.2393,,0.118,0.2143,0.2013,0.9876,,0.0,0.2417,0.2069,0.3333,0.0417,0.2525,0.1882,0.2294,,0.1025,0.2123,0.194,0.9876,,0.0,0.24,0.2069,0.3333,0.0417,0.2512,0.1753,0.2436,,0.1205,,block of flats,0.2034,Panel,No,0.0,0.0,0.0,0.0,0.0,0,1,0,0,0,0,0,0,0,0,0,0,0,0,0,0,0,0,0,0,0.0,0.0,0.0,0.0,0.0,1.0
148633,5/30/2018,0,Cash loans,F,N,Y,0,139500.0,1102171.5,46827.0,945000.0,Family,Pensioner,Higher education,Married,House / apartment,0.035792,-23189,365243,-7927,-4592,,1,0,0,1,0,0,,2.0,2,2,WEDNESDAY,15,0,0,0,1,0,0,XNA,0.640812695,0.519421454,0.579727423,,,,,,,,,,,,,,,,,,,,,,,,,,,,,,,,,,,,,,,,,,,,,,,,0.0,0.0,0.0,0.0,0.0,0,0,0,0,1,0,0,0,0,0,0,0,0,0,0,0,0,0,0,0,0.0,0.0,0.0,0.0,0.0,1.0
150005,6/3/2018,0,Cash loans,M,Y,N,0,247500.0,1597779.0,46849.5,1251000.0,Unaccompanied,Working,Secondary / secondary special,Civil marriage,Municipal apartment,0.018029,-18908,-1575,-4578,-2451,25.0,1,1,0,1,0,0,Laborers,2.0,3,3,THURSDAY,7,0,0,0,1,1,1,Business Entity Type 3,,0.569015407,0.432961667,,,,,,,,,,,,,,,,,,,,,,,,,,,,,,,,,,,,,,,,,,,,,,,,0.0,0.0,0.0,0.0,-1862.0,0,1,0,0,0,0,0,0,0,0,0,0,0,0,0,0,0,0,0,0,0.0,0.0,0.0,1.0,0.0,5.0
107040,1/22/2018,0,Cash loans,M,N,Y,0,85500.0,851778.0,25033.5,711000.0,Unaccompanied,Pensioner,Secondary / secondary special,Married,House / apartment,0.019101,-19348,365243,-12408,-2893,,1,0,0,1,1,0,,2.0,2,2,WEDNESDAY,10,0,0,0,0,0,0,XNA,,0.164992691,0.76102637,,,,,,,,,,,,,,,,,,,,,,,,,,,,,,,,,,,,,,,,,,,,,,,,2.0,1.0,2.0,1.0,-884.0,0,1,0,0,0,0,0,0,0,0,0,0,0,0,0,0,0,0,0,0,0.0,0.0,0.0,1.0,0.0,4.0
107204,1/22/2018,0,Cash loans,F,N,N,1,135000.0,1078200.0,38331.0,900000.0,Unaccompanied,Working,Secondary / secondary special,Married,With parents,0.006629,-11358,-2681,-3007,-3966,,1,1,1,1,1,0,Medicine staff,3.0,2,2,FRIDAY,10,0,0,0,0,0,0,Medicine,,0.703731933,,,,,,,,,,,,,,,,,,,,,,,,,,,,,,,,,,,,,,,,,,,,,,,,,0.0,0.0,0.0,0.0,-655.0,0,1,0,0,0,0,0,0,0,0,0,0,0,0,0,0,0,0,0,0,,,,,,
145793,5/21/2018,0,Cash loans,F,N,N,2,103500.0,180000.0,19098.0,180000.0,Unaccompanied,Working,Secondary / secondary special,Civil marriage,House / apartment,0.011657,-13459,-4852,-7493,-4207,,1,1,1,1,0,0,High skill tech staff,4.0,1,1,MONDAY,13,0,0,0,0,0,0,Self-employed,,0.414994193,,0.1495,0.2128,0.9836,0.7756,0.0277,0.0,0.3793,0.1667,0.2083,0.0369,0.1219,0.1495,0.0,0.0,0.1523,0.2208,0.9836,0.7844,0.028,0.0,0.3793,0.1667,0.2083,0.0378,0.1331,0.1557,0.0,0.0,0.1509,0.2128,0.9836,0.7786,0.0279,0.0,0.3793,0.1667,0.2083,0.0376,0.124,0.1522,0.0,0.0,reg oper spec account,block of flats,0.1599,"Stone, brick",No,0.0,0.0,0.0,0.0,-201.0,0,1,0,0,0,0,0,0,0,0,0,0,0,0,0,0,0,0,0,0,,,,,,
104748,1/15/2018,1,Cash loans,F,Y,Y,0,175500.0,566055.0,22063.5,472500.0,Unaccompanied,Commercial associate,Incomplete higher,Married,Rented apartment,0.028663,-20458,-293,-404,-481,0.0,1,1,0,1,0,0,Cleaning staff,2.0,2,2,TUESDAY,13,1,1,0,1,1,0,Business Entity Type 3,,0.56281096,,,,,,,,,,,,,,,,,,,,,,,,,,,,,,,,,,,,,,,,,,,,,,,,,1.0,0.0,1.0,0.0,-278.0,0,0,0,0,1,0,0,0,0,0,0,0,0,0,0,0,0,0,0,0,0.0,0.0,0.0,0.0,0.0,2.0
142943,5/13/2018,0,Cash loans,M,N,N,0,202500.0,1350000.0,53532.0,1350000.0,Unaccompanied,Commercial associate,Higher education,Married,House / apartment,0.01885,-20230,-1262,-3851,-3684,,1,1,1,1,1,0,Drivers,2.0,2,2,THURSDAY,15,0,0,0,0,1,1,Self-employed,,0.735704407,,,,,,,,,,,,,,,,,,,,,,,,,,,,,,,,,,,,,,,,,,,,,,,,,1.0,0.0,1.0,0.0,-1767.0,0,0,0,0,0,0,1,0,0,0,0,0,0,0,0,0,0,0,0,0,,,,,,
136478,4/22/2018,0,Cash loans,M,Y,N,1,135000.0,1206000.0,31941.0,1206000.0,Unaccompanied,Working,Incomplete higher,Separated,House / apartment,0.030755,-13947,-1311,-8069,-4535,10.0,1,1,0,1,0,0,Drivers,2.0,2,2,SATURDAY,17,0,0,0,0,0,0,Business Entity Type 3,0.563314436,0.545816787,0.598926218,0.2082,0.2574,0.9568,,,0.0,0.4828,0.1667,,0.0,,0.1956,,0.0795,0.2122,0.2671,0.9568,,,0.0,0.4828,0.1667,,0.0,,0.2038,,0.0842,0.2103,0.2574,0.9568,,,0.0,0.4828,0.1667,,0.0,,0.1991,,0.0812,,block of flats,0.2117,"Stone, brick",No,4.0,0.0,4.0,0.0,-3.0,0,1,0,0,0,0,0,0,0,0,0,0,0,0,0,0,1,0,0,0,0.0,0.0,0.0,1.0,0.0,0.0
122737,3/11/2018,0,Cash loans,M,Y,Y,0,270000.0,484861.5,35410.5,396000.0,Unaccompanied,Working,Secondary / secondary special,Married,House / apartment,0.002134,-10597,-1188,-812,-3144,14.0,1,1,0,1,0,0,,2.0,3,3,FRIDAY,10,0,0,0,0,0,0,Business Entity Type 3,0.177552782,0.514927538,0.574446617,0.1237,0.1418,0.998,0.9728,0.2894,0.0,0.2414,0.1667,0.0417,0.0319,0.1009,0.1904,0.0,0.0388,0.1261,0.1471,0.998,0.9739,0.292,0.0,0.2414,0.1667,0.0417,0.0326,0.1102,0.1984,0.0,0.0411,0.1249,0.1418,0.998,0.9732,0.2912,0.0,0.2414,0.1667,0.0417,0.0324,0.1026,0.1938,0.0,0.0396,reg oper account,block of flats,0.1582,"Stone, brick",No,2.0,1.0,2.0,1.0,-827.0,0,1,0,0,0,0,0,0,0,0,0,0,0,0,0,0,0,0,0,0,0.0,0.0,0.0,1.0,2.0,0.0
125778,3/20/2018,0,Cash loans,F,Y,Y,0,157500.0,781920.0,34573.5,675000.0,Unaccompanied,Working,Higher education,Married,House / apartment,0.019689,-20678,-12659,-9555,-3922,7.0,1,1,0,1,1,1,Medicine staff,2.0,2,2,THURSDAY,11,0,0,0,0,0,0,Kindergarten,0.577615373,0.473381425,0.44005783,0.0495,0.0678,0.9737,0.6396,0.0042,0.0,0.1034,0.125,0.1667,0.0482,0.0403,0.0407,0.0,0.0,0.0504,0.0704,0.9737,0.6537,0.0042,0.0,0.1034,0.125,0.1667,0.0493,0.0441,0.0424,0.0,0.0,0.05,0.0678,0.9737,0.6444,0.0042,0.0,0.1034,0.125,0.1667,0.049,0.041,0.0414,0.0,0.0,reg oper account,block of flats,0.0343,Block,No,1.0,0.0,1.0,0.0,-406.0,0,1,0,0,0,0,0,0,0,0,0,0,0,0,0,0,0,0,0,0,0.0,0.0,0.0,0.0,1.0,2.0
137628,4/26/2018,1,Cash loans,M,N,N,1,90000.0,269550.0,21739.5,225000.0,Unaccompanied,Working,Secondary / secondary special,Single / not married,Municipal apartment,0.007274,-13316,-907,-1779,-4349,,1,1,0,1,0,0,,2.0,2,2,SATURDAY,10,0,0,0,0,0,0,Agriculture,,0.535939305,0.597192427,0.0021,,0.9876,,,,,0.0,,,,,,,0.0021,,0.9876,,,,,0.0,,,,,,,0.0021,,0.9876,,,,,0.0,,,,,,,,block of flats,0.0017,Wooden,No,2.0,0.0,2.0,0.0,-728.0,0,1,0,0,0,0,0,0,0,0,0,0,0,0,0,0,0,0,0,0,0.0,0.0,0.0,0.0,0.0,1.0
126454,3/22/2018,0,Cash loans,M,N,N,0,135000.0,450000.0,27324.0,450000.0,Unaccompanied,Working,Secondary / secondary special,Single / not married,With parents,0.01452,-8453,-574,-599,-1053,,1,1,0,1,0,0,Laborers,1.0,2,2,SATURDAY,11,0,0,0,0,1,1,Construction,0.121390991,0.043009673,,,,,,,,,,,,,,,,,,,,,,,,,,,,,,,,,,,,,,,,,,,,,,,,,0.0,0.0,0.0,0.0,-1.0,0,1,0,0,0,0,0,0,0,0,0,0,0,0,0,0,0,0,0,0,0.0,0.0,0.0,0.0,0.0,4.0
128865,3/30/2018,0,Cash loans,F,N,N,2,69750.0,450000.0,32746.5,450000.0,Unaccompanied,Working,Secondary / secondary special,Married,House / apartment,0.00702,-16379,-3314,-4900,-4900,,1,1,1,1,1,0,Cleaning staff,4.0,2,2,MONDAY,11,0,0,0,0,0,0,Government,0.520728426,0.282078347,0.72094415,,,,,,,,,,,,,,,,,,,,,,,,,,,,,,,,,,,,,,,,,,,,,,,,1.0,0.0,1.0,0.0,-2356.0,0,1,0,0,0,0,0,0,0,0,0,0,0,0,0,0,0,0,0,0,0.0,0.0,0.0,0.0,2.0,3.0
140579,5/5/2018,0,Cash loans,M,N,N,0,135000.0,942300.0,30528.0,675000.0,"Spouse, partner",Working,Secondary / secondary special,Civil marriage,House / apartment,0.006671,-18895,-309,-1508,-2451,,1,1,0,1,0,0,Laborers,2.0,2,2,SATURDAY,13,0,0,0,0,0,0,Business Entity Type 3,0.108655112,0.520442139,0.286652483,0.0021,0.0,0.9657,,,0.0,0.0345,0.0,,0.0189,,0.0034,,0.0013,0.0021,0.0,0.9657,,,0.0,0.0345,0.0,,0.0194,,0.0036,,0.0014,0.0021,0.0,0.9657,,,0.0,0.0345,0.0,,0.0193,,0.0035,,0.0013,,block of flats,0.003,"Stone, brick",No,1.0,0.0,1.0,0.0,-72.0,0,1,0,0,0,0,0,0,0,0,0,0,0,0,0,0,0,0,0,0,0.0,0.0,0.0,0.0,2.0,0.0
133396,4/13/2018,0,Cash loans,M,N,N,0,180000.0,450000.0,17095.5,450000.0,Unaccompanied,Working,Secondary / secondary special,Married,House / apartment,0.002042,-19291,-4967,-5275,-2831,,1,1,1,1,1,0,Laborers,2.0,3,3,FRIDAY,9,0,0,0,0,0,0,Business Entity Type 2,,0.590673131,0.502878277,,,,,,,,,,,,,,,,,,,,,,,,,,,,,,,,,,,,,,,,,,,,,,,,0.0,0.0,0.0,0.0,-1277.0,0,1,0,0,0,0,0,0,0,0,0,0,0,0,0,0,0,0,0,0,0.0,0.0,0.0,0.0,1.0,1.0
144929,5/19/2018,0,Cash loans,F,Y,Y,0,202500.0,104256.0,11920.5,90000.0,Family,Working,Secondary / secondary special,Married,House / apartment,0.031329,-15825,-4702,-8440,-4325,13.0,1,1,0,1,0,0,Laborers,2.0,2,2,MONDAY,16,0,0,0,0,0,0,Construction,0.692672906,0.55876603,0.576208836,0.0082,,0.9578,0.422,,0.0,0.0345,0.0,,,0.0067,0.0025,0.0,0.0,0.0084,,0.9578,0.4446,,0.0,0.0345,0.0,,,0.0073,0.0026,0.0,0.0,0.0083,,0.9578,0.4297,,0.0,0.0345,0.0,,,0.0068,0.0026,0.0,0.0,reg oper account,block of flats,0.0034,Wooden,No,0.0,0.0,0.0,0.0,-1722.0,0,1,0,0,0,0,0,0,0,0,0,0,0,0,0,0,0,0,0,0,0.0,1.0,0.0,0.0,0.0,3.0
108058,1/25/2018,0,Cash loans,M,N,Y,0,157500.0,876154.5,35685.0,769500.0,Unaccompanied,Working,Secondary / secondary special,Married,House / apartment,0.022625,-18839,-1669,-1983,-2267,,1,1,1,1,0,0,Cooking staff,2.0,2,2,MONDAY,15,0,0,0,0,0,0,Business Entity Type 3,,0.618052716,0.636376171,0.2567,0.1222,0.995,0.932,0.0648,0.2,0.1724,0.375,0.4167,0.2331,0.2093,0.2376,0.0,0.0,0.2616,0.1268,0.995,0.9347,0.0653,0.2014,0.1724,0.375,0.4167,0.2385,0.2287,0.2476,0.0,0.0,0.2592,0.1222,0.995,0.9329,0.0652,0.2,0.1724,0.375,0.4167,0.2372,0.2129,0.2419,0.0,0.0,reg oper account,block of flats,0.2223,"Stone, brick",No,0.0,0.0,0.0,0.0,-187.0,0,0,0,0,0,0,0,0,0,0,0,0,0,0,0,0,0,0,0,0,0.0,0.0,0.0,0.0,0.0,0.0
102974,1/10/2018,0,Cash loans,F,N,Y,0,67500.0,308133.0,16263.0,234000.0,Unaccompanied,Working,Secondary / secondary special,Married,House / apartment,0.008866,-17004,-312,-7925,-521,,1,1,0,1,0,0,Cooking staff,2.0,2,2,THURSDAY,17,0,0,0,0,0,0,Business Entity Type 3,,0.759311483,0.612704244,0.0722,0.0755,0.9811,0.7416,0.0288,0.0,0.1379,0.1667,,0.0,0.0588,0.067,0.0,0.0,0.0735,0.0783,0.9811,0.7517,0.0291,0.0,0.1379,0.1667,,0.0,0.0643,0.0699,0.0,0.0,0.0729,0.0755,0.9811,0.7451,0.029,0.0,0.1379,0.1667,,0.0,0.0599,0.0683,0.0,0.0,not specified,block of flats,0.0527,Panel,No,2.0,0.0,2.0,0.0,-195.0,0,1,0,0,0,0,0,0,0,0,0,0,0,0,0,0,0,0,0,0,0.0,0.0,0.0,1.0,0.0,2.0
101179,1/4/2018,0,Cash loans,M,N,Y,2,225000.0,675000.0,53460.0,675000.0,Unaccompanied,Working,Higher education,Married,House / apartment,0.015221,-14328,-632,-1799,-602,,1,1,0,1,0,1,High skill tech staff,4.0,2,2,MONDAY,13,0,0,0,0,1,1,Business Entity Type 3,0.532281736,0.486075835,0.123735322,,,,,,,,,,,,,,,,,,,,,,,,,,,,,,,,,,,,,,,,,,,,,,,,3.0,0.0,3.0,0.0,-1072.0,0,1,0,0,0,0,0,0,0,0,0,0,0,0,0,0,0,0,0,0,0.0,0.0,0.0,0.0,0.0,3.0
118441,2/26/2018,0,Cash loans,M,N,Y,1,72000.0,364896.0,16200.0,315000.0,Unaccompanied,Working,Secondary / secondary special,Married,House / apartment,0.020246,-16119,-227,-5114,-996,,1,1,0,1,1,0,Laborers,3.0,3,3,FRIDAY,13,0,0,0,0,0,0,Business Entity Type 3,0.395417812,0.401318967,0.483050188,0.0794,0.094,0.993,0.9048,0.0417,0.0,0.1379,0.1667,0.0417,0.0579,0.0647,0.0474,0.0,0.0,0.0809,0.0975,0.993,0.9085,0.0421,0.0,0.1379,0.1667,0.0417,0.0593,0.0707,0.0494,0.0,0.0,0.0802,0.094,0.993,0.9061,0.042,0.0,0.1379,0.1667,0.0417,0.059,0.0658,0.0483,0.0,0.0,reg oper account,block of flats,0.0601,Panel,No,0.0,0.0,0.0,0.0,-765.0,0,1,0,0,0,0,0,0,0,0,0,0,0,0,0,0,0,0,0,0,0.0,0.0,0.0,0.0,0.0,2.0
134480,4/16/2018,0,Cash loans,F,N,Y,0,225000.0,755190.0,38686.5,675000.0,Unaccompanied,Pensioner,Secondary / secondary special,Married,House / apartment,0.030755,-20745,365243,-5535,-3387,,1,0,0,1,0,0,,2.0,2,2,TUESDAY,9,0,0,0,0,0,0,XNA,,0.64803144,0.554946769,,,,,,,,,,,,,,,,,,,,,,,,,,,,,,,,,,,,,,,,,,,,,,,,0.0,0.0,0.0,0.0,-179.0,0,1,0,0,0,0,0,0,0,0,0,0,0,0,0,0,0,0,0,0,0.0,0.0,0.0,0.0,0.0,3.0
131453,4/7/2018,0,Cash loans,M,N,N,0,405000.0,1546020.0,40914.0,1350000.0,Family,Commercial associate,Higher education,Separated,House / apartment,0.030755,-14963,-1056,-2173,-4181,,1,1,0,1,0,0,,1.0,2,2,WEDNESDAY,16,0,0,0,0,0,0,School,0.675217392,0.686038691,0.537069958,0.0969,0.1107,0.9826,0.762,0.0197,0.0,0.2297,0.1667,0.2083,0.0,0.0748,0.0973,0.0039,0.0143,0.0767,0.082,0.9821,0.7648,0.0107,0.0,0.2069,0.1667,0.2083,0.0,0.0817,0.0896,0.0039,0.0,0.0937,0.1084,0.9826,0.7652,0.0231,0.0,0.2069,0.1667,0.2083,0.0,0.0761,0.0901,0.0039,0.0163,reg oper account,block of flats,0.0785,Panel,No,0.0,0.0,0.0,0.0,-3.0,0,1,0,0,0,0,0,0,0,0,0,0,0,0,0,0,1,0,0,0,0.0,0.0,0.0,4.0,0.0,0.0
115043,2/15/2018,0,Cash loans,F,Y,N,1,135000.0,490005.0,34978.5,423000.0,Unaccompanied,Working,Higher education,Married,Municipal apartment,0.018634,-12523,-2482,-831,-3563,3.0,1,1,0,1,0,0,Managers,3.0,2,2,TUESDAY,16,0,0,0,0,0,0,Self-employed,0.459129705,0.74356616,0.758393062,0.1278,0.1864,0.998,,,0.2,0.1724,0.2083,,0.2118,,0.2057,,0.0666,0.1303,0.1934,0.998,,,0.2014,0.1724,0.2083,,0.2166,,0.2143,,0.0705,0.1291,0.1864,0.998,,,0.2,0.1724,0.2083,,0.2154,,0.2094,,0.068,,block of flats,0.2099,"Stone, brick",No,7.0,0.0,7.0,0.0,-2668.0,0,0,0,0,0,0,1,0,0,0,0,0,0,0,0,0,0,0,0,0,0.0,0.0,0.0,0.0,0.0,2.0
157488,6/26/2018,0,Cash loans,F,N,Y,2,45000.0,134775.0,10935.0,112500.0,Unaccompanied,Working,Secondary / secondary special,Married,House / apartment,0.020246,-13217,-3027,-3297,-4365,,1,1,1,1,1,0,Medicine staff,4.0,3,3,TUESDAY,13,0,0,0,0,0,0,Kindergarten,,0.451959849,0.167408447,,,,,,,,,,,,,,,,,,,,,,,,,,,,,,,,,,,,,,,,,,,,,,,,0.0,0.0,0.0,0.0,0.0,0,1,0,0,0,0,0,0,0,0,0,0,0,0,0,0,0,0,0,0,0.0,0.0,0.0,0.0,0.0,0.0
124056,3/15/2018,0,Cash loans,M,Y,N,1,540000.0,2020347.0,61384.5,1845000.0,Unaccompanied,Commercial associate,Higher education,Married,House / apartment,0.007305,-11650,-1416,-5856,-4149,3.0,1,1,0,1,0,1,Managers,3.0,3,3,FRIDAY,11,0,0,0,1,1,0,Business Entity Type 3,0.271884653,0.587952813,0.789880347,0.1649,0.1185,0.9896,0.8572,0.0808,0.16,0.1379,0.375,0.4167,0.076,0.1345,0.1851,0.0,0.0,0.1681,0.123,0.9896,0.8628,0.0816,0.1611,0.1379,0.375,0.4167,0.0778,0.1469,0.1928,0.0,0.0,0.1665,0.1185,0.9896,0.8591,0.0813,0.16,0.1379,0.375,0.4167,0.0773,0.1368,0.1884,0.0,0.0,reg oper account,block of flats,0.1896,Panel,No,1.0,0.0,1.0,0.0,-3.0,0,0,0,0,0,0,1,0,0,0,0,1,0,0,0,0,0,0,0,0,0.0,0.0,0.0,3.0,0.0,0.0
118434,2/26/2018,1,Cash loans,M,Y,N,0,270000.0,545040.0,26509.5,450000.0,Unaccompanied,Working,Secondary / secondary special,Single / not married,House / apartment,0.01885,-14602,-1095,-4129,-1002,13.0,1,1,0,1,0,0,Drivers,1.0,2,2,MONDAY,13,1,1,0,1,1,0,Trade: type 7,,,,,,,,,,,,,,,,,,,,,,,,,,,,,,,,,,,,,,,,,,,,,,,,,,,0.0,0.0,0.0,0.0,-592.0,0,0,0,0,0,0,1,0,0,0,0,0,0,0,0,0,0,0,0,0,,,,,,
114432,2/14/2018,0,Cash loans,F,N,Y,0,202500.0,1644255.0,43501.5,1372500.0,Family,Working,Higher education,Married,House / apartment,0.020713,-18928,-9255,-10963,-2458,,1,1,0,1,0,0,Managers,2.0,3,3,WEDNESDAY,8,0,0,0,0,1,1,Business Entity Type 1,,0.456486412,,,,,,,,,,,,,,,,,,,,,,,,,,,,,,,,,,,,,,,,,,,,,,,,,6.0,0.0,6.0,0.0,-445.0,0,1,0,0,0,0,0,0,0,0,0,0,0,0,0,0,0,0,0,0,,,,,,
145439,5/20/2018,0,Cash loans,M,Y,N,0,175500.0,1314000.0,38421.0,1314000.0,"Spouse, partner",Commercial associate,Secondary / secondary special,Married,House / apartment,0.026392,-19278,-8253,-2779,-2822,9.0,1,1,0,1,0,0,Drivers,2.0,2,2,FRIDAY,11,0,0,0,0,0,0,University,,0.773951355,0.775155267,0.1856,,0.9846,,,0.08,0.069,0.3333,,0.0893,,0.1278,,0.0025,0.1891,,0.9846,,,0.0806,0.069,0.3333,,0.0913,,0.1331,,0.0027,0.1874,,0.9846,,,0.08,0.069,0.3333,,0.0908,,0.13,,0.0026,,block of flats,0.101,Panel,No,2.0,0.0,2.0,0.0,-1620.0,0,0,0,0,0,0,1,0,0,0,0,0,0,0,0,0,0,0,0,0,0.0,0.0,0.0,5.0,1.0,0.0
129032,3/30/2018,0,Cash loans,M,N,Y,0,202500.0,700830.0,22608.0,585000.0,Family,State servant,Secondary / secondary special,Married,House / apartment,0.018801,-14551,-1370,-8643,-4353,,1,1,1,1,0,0,Core staff,2.0,2,2,SUNDAY,10,0,0,0,0,0,0,Security Ministries,0.427310468,0.589927441,0.824594971,0.0928,0.1007,0.9767,,,0.0,0.2069,0.1667,,0.0664,,0.0871,,0.159,0.0945,0.1045,0.9767,,,0.0,0.2069,0.1667,,0.0679,,0.0908,,0.1684,0.0937,0.1007,0.9767,,,0.0,0.2069,0.1667,,0.0675,,0.0887,,0.1624,,block of flats,0.084,Panel,No,5.0,0.0,5.0,0.0,-1921.0,0,1,0,0,0,0,0,0,0,0,0,0,0,0,0,0,0,0,0,0,0.0,0.0,0.0,0.0,0.0,0.0
119615,3/1/2018,0,Cash loans,F,N,Y,1,135000.0,541323.0,29493.0,405000.0,Unaccompanied,Commercial associate,Secondary / secondary special,Married,House / apartment,0.030755,-11153,-1057,-945,-3725,,1,1,0,1,0,1,Laborers,3.0,2,2,FRIDAY,10,0,0,0,0,1,1,Industry: type 11,,0.515085935,0.213966852,,,,,,,,,,,,,,,,,,,,,,,,,,,,,,,,,,,,,,,,,,,,,,,,0.0,0.0,0.0,0.0,-1315.0,0,1,0,0,0,0,0,0,0,0,0,0,0,0,0,0,0,0,0,0,0.0,0.0,0.0,0.0,1.0,4.0
134362,4/16/2018,0,Cash loans,F,N,Y,0,112500.0,225000.0,12694.5,225000.0,Unaccompanied,Pensioner,Secondary / secondary special,Widow,House / apartment,0.026392,-24082,365243,-9402,-4816,,1,0,0,1,1,0,,1.0,2,2,SATURDAY,13,0,0,0,0,0,0,XNA,,0.662053229,0.72239289,0.0272,,0.7829,,,0.0,0.0603,0.0312,,,,0.0058,,0.0,0.0084,,0.9747,,,0.0,0.069,0.0417,,,,0.0058,,0.0,0.0083,,0.9747,,,0.0,0.069,0.0417,,,,0.0059,,0.0,,block of flats,0.0047,"Stone, brick",No,0.0,0.0,0.0,0.0,-135.0,0,1,0,0,0,0,0,0,0,0,0,0,0,0,0,0,0,0,0,0,0.0,0.0,0.0,0.0,2.0,1.0
146521,5/24/2018,0,Cash loans,F,N,Y,0,315000.0,1288350.0,37800.0,1125000.0,Children,Commercial associate,Higher education,Widow,House / apartment,0.072508,-18656,-528,-1293,-1316,,1,1,0,1,1,0,,1.0,1,1,TUESDAY,15,0,0,0,0,0,0,Business Entity Type 3,,0.622785335,0.251239446,0.1856,0.1095,0.9851,0.796,0.1515,0.36,0.1552,0.4583,0.5,0.0,0.1486,0.2204,0.0125,0.0371,0.1197,0.0858,0.9851,0.804,0.1128,0.3222,0.1379,0.4583,0.5,0.0,0.1212,0.1492,0.0039,0.0013,0.1416,0.094,0.9851,0.7987,0.1407,0.32,0.1379,0.4583,0.5,0.0,0.1129,0.1817,0.0136,0.0487,reg oper account,block of flats,0.3002,Panel,No,1.0,0.0,1.0,0.0,-886.0,0,1,0,0,0,0,0,0,0,0,0,0,0,0,0,0,0,0,0,0,0.0,0.0,0.0,0.0,0.0,0.0
116420,2/20/2018,0,Cash loans,F,N,N,0,103500.0,700830.0,22738.5,585000.0,Unaccompanied,Working,Secondary / secondary special,Married,House / apartment,0.01452,-14468,-3060,-715,-4031,,1,1,1,1,1,0,Cooking staff,2.0,2,2,WEDNESDAY,16,0,0,0,0,0,0,Restaurant,,0.231888197,0.198620045,0.0186,0.0619,0.9851,,,0.0,0.069,0.0417,,0.0432,,0.0186,,0.0307,0.0189,0.0642,0.9851,,,0.0,0.069,0.0417,,0.0442,,0.0194,,0.0325,0.0187,0.0619,0.9851,,,0.0,0.069,0.0417,,0.044,,0.019,,0.0313,,block of flats,0.0252,Panel,No,1.0,1.0,1.0,1.0,-1938.0,0,1,0,0,0,0,0,0,0,0,0,0,0,0,0,0,0,0,0,0,0.0,0.0,0.0,0.0,0.0,0.0
138059,4/27/2018,1,Cash loans,M,N,Y,0,157500.0,276277.5,15115.5,238500.0,Family,Working,Secondary / secondary special,Single / not married,With parents,0.035792,-13409,-2386,-7504,-3867,,1,1,0,1,0,0,Laborers,1.0,2,2,FRIDAY,16,0,0,0,0,0,0,Other,,0.357281974,0.50107516,,,,,,,,,,,,,,,,,,,,,,,,,,,,,,,,,,,,,,,,,,,,,,,,6.0,0.0,6.0,0.0,0.0,0,1,0,0,0,0,0,0,0,0,0,0,0,0,0,0,0,0,0,0,0.0,0.0,0.0,0.0,0.0,1.0
141836,5/9/2018,0,Cash loans,M,Y,Y,1,675000.0,900000.0,85585.5,900000.0,Family,Working,Higher education,Married,House / apartment,0.010006,-16338,-4654,-7475,-4207,10.0,1,1,1,1,1,0,Managers,3.0,2,2,THURSDAY,10,1,0,1,1,0,1,Self-employed,,0.680943879,0.700183851,0.1093,0.0975,0.9896,0.8572,0.0345,0.12,0.1034,0.3333,0.0417,,0.0891,0.1321,0.0,0.0013,0.1113,0.1012,0.9896,0.8628,0.0348,0.1208,0.1034,0.3333,0.0417,,0.0973,0.1376,0.0,0.0014,0.1103,0.0975,0.9896,0.8591,0.0347,0.12,0.1034,0.3333,0.0417,,0.0906,0.1345,0.0,0.0014,reg oper account,block of flats,0.109,Panel,No,1.0,0.0,1.0,0.0,-398.0,0,0,0,0,0,0,1,0,0,0,0,0,0,0,0,0,0,0,0,0,0.0,0.0,0.0,0.0,0.0,1.0
112661,2/8/2018,0,Cash loans,M,Y,N,0,112500.0,314055.0,17167.5,238500.0,Unaccompanied,Working,Incomplete higher,Single / not married,With parents,0.035792,-8371,-261,-3909,-982,4.0,1,1,0,1,1,0,Cleaning staff,1.0,2,2,MONDAY,14,0,0,0,0,0,0,Industry: type 12,0.121678832,0.626456448,0.204422625,,,,,,,,,,,,,,,,,,,,,,,,,,,,,,,,,,,,,,,,,,,,,,,,6.0,0.0,6.0,0.0,-787.0,0,1,0,0,0,0,0,0,0,0,0,0,0,0,0,0,0,0,0,0,0.0,0.0,0.0,0.0,0.0,3.0
108115,1/25/2018,0,Cash loans,F,N,N,0,225000.0,1566909.0,49329.0,1282500.0,Unaccompanied,Pensioner,Higher education,Married,House / apartment,0.035792,-22691,365243,-4338,-4472,,1,0,0,1,0,0,,2.0,2,2,WEDNESDAY,15,0,0,0,0,0,0,XNA,,0.616316739,0.372333666,,,,,,,,,,,,,,,,,,,,,,,,,,,,,,,,,,,,,,,,,,,,,,,,0.0,0.0,0.0,0.0,-1229.0,0,0,0,0,1,0,0,0,0,0,0,0,0,0,0,0,0,0,0,0,0.0,0.0,0.0,1.0,0.0,2.0
114331,2/13/2018,0,Cash loans,F,N,Y,0,112500.0,528633.0,22527.0,472500.0,Unaccompanied,Working,Secondary / secondary special,Married,House / apartment,0.020246,-17051,-279,-8054,-605,,1,1,0,1,0,0,Cleaning staff,2.0,3,3,FRIDAY,12,0,0,0,0,0,0,Bank,0.686789936,0.139498346,0.167408447,0.0825,0.0794,0.9737,0.6396,0.0152,0.0,0.1379,0.1667,0.0417,0.0694,0.0672,0.0619,0.0,0.0,0.084,0.0824,0.9737,0.6537,0.0154,0.0,0.1379,0.1667,0.0417,0.0709,0.0735,0.0645,0.0,0.0,0.0833,0.0794,0.9737,0.6444,0.0153,0.0,0.1379,0.1667,0.0417,0.0706,0.0684,0.063,0.0,0.0,reg oper account,block of flats,0.0487,"Stone, brick",No,0.0,0.0,0.0,0.0,-1610.0,0,1,0,0,0,0,0,0,0,0,0,0,0,0,0,0,0,0,0,0,0.0,0.0,0.0,0.0,0.0,2.0
102890,1/9/2018,0,Cash loans,F,N,Y,0,157500.0,497749.5,24075.0,378000.0,Family,Pensioner,Secondary / secondary special,Widow,House / apartment,0.003069,-23115,365243,-7127,-4610,,1,0,0,1,0,0,,1.0,3,3,WEDNESDAY,14,0,0,0,0,0,0,XNA,,0.651773002,,,,,,,,,,,,,,,,,,,,,,,,,,,,,,,,,,,,,,,,,,,,,,,,,2.0,0.0,2.0,0.0,0.0,0,0,0,0,1,0,0,0,0,0,0,0,0,0,0,0,0,0,0,0,0.0,0.0,0.0,0.0,0.0,5.0
145301,5/20/2018,0,Cash loans,F,N,Y,0,225000.0,295776.0,19030.5,234000.0,Unaccompanied,Working,Secondary / secondary special,Single / not married,House / apartment,0.010032,-16353,-388,-5961,-4529,,1,1,0,1,0,1,Cleaning staff,1.0,2,2,FRIDAY,9,0,0,0,0,0,0,Insurance,,0.56196602,0.345784802,,,,,,,,,,,,,,,,,,,,,,,,,,,,,,,,,,,,,,,,,,,,,,,,0.0,0.0,0.0,0.0,-2548.0,0,1,0,0,0,0,0,0,0,0,0,0,0,0,0,0,0,0,0,0,0.0,0.0,0.0,0.0,0.0,2.0
144924,5/19/2018,1,Cash loans,F,N,Y,3,270000.0,450000.0,27193.5,450000.0,Family,Working,Higher education,Widow,House / apartment,0.010276,-10990,-2951,-2525,-3658,,1,1,0,1,0,0,Laborers,4.0,2,2,TUESDAY,16,0,0,0,0,0,0,Industry: type 3,,0.267229998,0.53348163,,,,,,,,,,,,,,,,,,,,,,,,,,,,,,,,,,,,,,,,,,,,,,,,2.0,0.0,2.0,0.0,-667.0,0,1,0,0,0,0,0,0,0,0,0,0,0,0,0,0,0,0,0,0,0.0,0.0,0.0,0.0,0.0,4.0
132697,4/11/2018,0,Cash loans,F,Y,Y,0,90000.0,229500.0,11848.5,229500.0,Family,State servant,Higher education,Married,House / apartment,0.026392,-14671,-530,-274,-3415,11.0,1,1,0,1,1,0,Medicine staff,2.0,2,2,WEDNESDAY,10,0,0,0,0,1,1,Hotel,0.221883802,0.590667844,0.474051289,0.034,0.01,0.9985,0.9796,0.0,0.0,0.069,0.1667,0.0417,0.0491,0.0277,0.0351,0.0,0.0079,0.0347,0.0104,0.9985,0.9804,0.0,0.0,0.069,0.1667,0.0417,0.0502,0.0303,0.0365,0.0,0.0084,0.0344,0.01,0.9985,0.9799,0.0,0.0,0.069,0.1667,0.0417,0.05,0.0282,0.0357,0.0,0.0081,not specified,block of flats,0.033,Block,No,4.0,0.0,4.0,0.0,-1114.0,0,1,0,0,0,0,0,0,0,0,0,0,0,0,0,0,0,0,0,0,0.0,0.0,0.0,1.0,4.0,3.0
121109,3/6/2018,0,Cash loans,F,N,Y,0,67500.0,254700.0,14751.0,225000.0,Unaccompanied,Pensioner,Secondary / secondary special,Single / not married,House / apartment,0.035792,-23937,365243,-4431,-4436,,1,0,0,1,1,0,,1.0,2,2,THURSDAY,10,0,0,0,0,0,0,XNA,,0.672895365,,,,,,,,,,,,,,,,,,,,,,,,,,,,,,,,,,,,,,,,,,,,,,,,,0.0,0.0,0.0,0.0,-783.0,0,1,0,0,0,0,0,0,0,0,0,0,0,0,0,0,0,0,0,0,,,,,,
150737,6/6/2018,0,Cash loans,M,Y,N,0,180000.0,647046.0,23899.5,463500.0,Unaccompanied,State servant,Higher education,Married,House / apartment,0.00823,-21866,-13807,-4621,-4965,10.0,1,1,0,1,0,0,Managers,2.0,2,2,THURSDAY,11,0,0,0,0,0,0,Other,,0.14519208,0.835776516,0.066,0.0491,0.9762,0.6736,0.0054,0.0,0.1379,0.125,0.0417,0.0517,0.0538,0.0505,0.0,0.0,0.0672,0.0509,0.9762,0.6864,0.0054,0.0,0.1379,0.125,0.0417,0.0529,0.0588,0.0526,0.0,0.0,0.0666,0.0491,0.9762,0.678,0.0054,0.0,0.1379,0.125,0.0417,0.0526,0.0547,0.0514,0.0,0.0,reg oper account,block of flats,0.0426,"Stone, brick",No,0.0,0.0,0.0,0.0,-1057.0,0,0,0,0,0,0,1,0,0,0,0,0,0,0,0,0,0,0,0,0,0.0,0.0,0.0,0.0,0.0,2.0
125119,3/18/2018,0,Cash loans,F,N,Y,0,225000.0,481495.5,33511.5,454500.0,Family,Commercial associate,Secondary / secondary special,Single / not married,House / apartment,0.031329,-17540,-690,-7355,-1076,,1,1,0,1,0,0,,1.0,2,2,WEDNESDAY,14,0,0,0,0,0,0,Business Entity Type 2,0.785674757,0.623047297,0.240541417,0.0082,0.0,0.9687,0.5716,0.0014,0.0,0.0517,0.0417,,0.0,0.0067,0.0097,0.0,0.0,0.0084,0.0,0.9687,0.5884,0.0014,0.0,0.0345,0.0417,,0.0,0.0073,0.0101,0.0,0.0,0.0083,0.0,0.9687,0.5773,0.0014,0.0,0.0517,0.0417,,0.0,0.0068,0.0099,0.0,0.0,reg oper account,block of flats,0.0076,Wooden,No,0.0,0.0,0.0,0.0,0.0,0,1,0,0,0,0,0,0,0,0,0,0,0,0,0,0,0,0,0,0,0.0,0.0,0.0,1.0,2.0,0.0
107035,1/22/2018,0,Cash loans,F,N,Y,0,112500.0,545040.0,25537.5,450000.0,Unaccompanied,Commercial associate,Secondary / secondary special,Civil marriage,House / apartment,0.04622,-9876,-196,-9876,-692,,1,1,0,1,0,0,Laborers,2.0,1,1,THURSDAY,12,0,0,0,0,0,0,Trade: type 3,,0.271564082,,,,,,,,,,,,,,,,,,,,,,,,,,,,,,,,,,,,,,,,,,,,,,,,,0.0,0.0,0.0,0.0,0.0,0,1,0,0,0,0,0,0,0,0,0,0,0,0,0,0,0,0,0,0,,,,,,
110459,2/2/2018,0,Cash loans,F,N,N,0,76500.0,152820.0,7893.0,135000.0,Unaccompanied,Pensioner,Secondary / secondary special,Separated,House / apartment,0.030755,-22847,365243,-6911,-4660,,1,0,0,1,0,0,,1.0,2,2,FRIDAY,13,0,0,0,0,0,0,XNA,,0.798341303,0.445396242,,,,,,,,,,,,,,,,,,,,,,,,,,,,,,,,,,,,,,,,,,,,,,,,0.0,0.0,0.0,0.0,-3.0,0,0,0,0,1,0,0,0,0,0,0,0,0,0,0,0,0,0,0,0,0.0,0.0,0.0,0.0,0.0,0.0
129470,4/1/2018,0,Cash loans,F,Y,Y,0,144000.0,810000.0,34317.0,810000.0,Unaccompanied,Commercial associate,Secondary / secondary special,Married,House / apartment,0.028663,-19189,-2916,-3153,-2720,8.0,1,1,0,1,1,0,Accountants,2.0,2,2,SATURDAY,11,0,0,0,0,0,0,Business Entity Type 3,,0.462107091,0.712155155,,,,,,,,,,,,,,,,,,,,,,,,,,,,,,,,,,,,,,,,,,,,,,,,0.0,0.0,0.0,0.0,-1565.0,0,1,0,0,0,0,0,0,0,0,0,0,0,0,0,0,0,0,0,0,0.0,0.0,0.0,0.0,1.0,1.0
154393,6/17/2018,0,Cash loans,M,N,Y,2,135000.0,215640.0,17419.5,180000.0,Unaccompanied,State servant,Secondary / secondary special,Married,House / apartment,0.015221,-11810,-621,-625,-3999,,1,1,1,1,0,0,Core staff,4.0,2,2,WEDNESDAY,13,0,0,0,0,0,0,Security Ministries,0.170145712,0.358804919,0.798137231,,,,,,,,,,,,,,,,,,,,,,,,,,,,,,,,,,,,,,,,,,,,,,,,11.0,0.0,11.0,0.0,-208.0,0,1,0,0,0,0,0,0,0,0,0,0,0,0,0,0,0,0,0,0,0.0,0.0,1.0,0.0,0.0,0.0
137779,4/27/2018,0,Cash loans,F,N,Y,1,112500.0,161730.0,13095.0,135000.0,Family,Working,Secondary / secondary special,Married,House / apartment,0.014464,-14491,-6475,-4481,-4992,,1,1,1,1,1,0,,3.0,2,2,WEDNESDAY,3,0,0,0,0,0,0,Industry: type 11,0.471427114,0.129247019,0.754406173,,,,,,,,,,,,,,,,,,,,,,,,,,,,,,,,,,,,,,,,,,,,,,,,1.0,0.0,1.0,0.0,-1357.0,0,1,0,0,0,0,0,0,0,0,0,0,0,0,0,0,0,0,0,0,0.0,0.0,0.0,0.0,0.0,2.0
124306,3/16/2018,0,Cash loans,F,N,Y,0,270000.0,1339884.0,39307.5,1170000.0,Unaccompanied,Working,Secondary / secondary special,Separated,House / apartment,0.072508,-16416,-2541,-4511,-5198,,1,1,0,1,0,0,Private service staff,1.0,1,1,SATURDAY,10,0,0,0,0,0,0,Business Entity Type 3,0.530952308,0.626430861,0.746300213,0.034,0.0384,0.9697,0.5852,0.0,0.0,0.0803,0.1667,0.2083,0.0,0.0277,0.0431,0.0,0.0198,0.0231,0.0165,0.9697,0.6014,0.0,0.0,0.069,0.1667,0.2083,0.0,0.0202,0.032,0.0,0.0,0.0302,0.0457,0.9697,0.5907,0.0,0.0,0.069,0.1667,0.2083,0.0,0.0248,0.0413,0.0,0.0,reg oper account,block of flats,0.0283,"Stone, brick",No,0.0,0.0,0.0,0.0,-315.0,0,1,0,0,0,0,0,0,0,0,0,0,0,0,0,0,0,0,0,0,0.0,0.0,0.0,3.0,0.0,5.0
107919,1/25/2018,0,Cash loans,M,Y,Y,0,180000.0,733500.0,23661.0,733500.0,Unaccompanied,Commercial associate,Higher education,Married,House / apartment,0.002042,-9827,-395,-4489,-1997,6.0,1,1,0,1,0,0,Managers,2.0,3,3,FRIDAY,12,0,0,0,0,0,0,Telecom,0.615226657,0.21972621,0.515495375,0.0825,0.0767,0.9771,0.6872,0.008,0.0,0.1379,0.1667,0.2083,0.0859,0.0639,0.0771,0.0154,0.0161,0.084,0.0796,0.9772,0.6994,0.0081,0.0,0.1379,0.1667,0.2083,0.0879,0.0698,0.0804,0.0156,0.0171,0.0833,0.0767,0.9771,0.6914,0.0081,0.0,0.1379,0.1667,0.2083,0.0874,0.065,0.0785,0.0155,0.0165,reg oper account,block of flats,0.0642,Panel,No,8.0,0.0,8.0,0.0,0.0,0,1,0,0,0,0,0,0,0,0,0,0,0,0,0,0,0,0,0,0,0.0,0.0,0.0,1.0,0.0,5.0
149194,6/1/2018,1,Cash loans,F,N,Y,0,405000.0,900000.0,32458.5,900000.0,Family,Commercial associate,Secondary / secondary special,Civil marriage,House / apartment,0.026392,-12150,-194,-545,-1624,,1,1,0,1,0,0,Laborers,2.0,2,2,THURSDAY,15,0,0,0,0,0,0,Industry: type 3,,0.568162528,0.245851214,,,,,,,,,,,,,,,,,,,,,,,,,,,,,,,,,,,,,,,,,,,,,,,,0.0,0.0,0.0,0.0,-1431.0,0,1,0,0,0,0,0,0,0,0,0,0,0,0,0,0,0,0,0,0,0.0,0.0,0.0,0.0,0.0,2.0
108314,1/26/2018,0,Cash loans,M,Y,Y,0,112500.0,338832.0,14485.5,292500.0,Family,Working,Secondary / secondary special,Civil marriage,House / apartment,0.008474,-19702,-404,-5467,-3094,15.0,1,1,0,1,0,0,,2.0,2,2,TUESDAY,12,0,0,0,0,0,0,Industry: type 3,,0.075567156,,,,,,,,,,,,,,,,,,,,,,,,,,,,,,,,,,,,,,,,,,,,,,,,,7.0,0.0,7.0,0.0,-632.0,0,1,0,0,0,0,0,0,0,0,0,0,0,0,0,0,0,0,0,0,,,,,,
116748,2/21/2018,0,Cash loans,F,N,Y,1,315000.0,1056447.0,34209.0,922500.0,Unaccompanied,Commercial associate,Higher education,Single / not married,House / apartment,0.005084,-13683,-2193,-4133,-4158,,1,1,0,1,0,0,,2.0,2,2,MONDAY,11,0,1,1,1,0,0,Business Entity Type 1,,0.331163837,0.597192427,0.0103,,0.9806,0.7348,,0.0,0.069,0.0417,0.0833,,0.0084,0.0088,0.0,0.0193,0.0105,,0.9806,0.7452,,0.0,0.069,0.0417,0.0833,,0.0092,0.0092,0.0,0.0204,0.0104,,0.9806,0.7383,,0.0,0.069,0.0417,0.0833,,0.0086,0.009,0.0,0.0197,reg oper account,block of flats,0.0111,"Stone, brick",No,0.0,0.0,0.0,0.0,-1200.0,0,1,0,0,0,0,0,0,0,0,0,0,0,0,0,0,0,0,0,0,0.0,0.0,0.0,2.0,0.0,2.0
101492,1/5/2018,0,Cash loans,F,N,N,0,58500.0,277969.5,9981.0,229500.0,Unaccompanied,Pensioner,Secondary / secondary special,Married,House / apartment,0.030755,-20905,365243,-8312,-1681,,1,0,0,1,0,0,,2.0,2,2,THURSDAY,14,0,0,0,1,0,0,XNA,,0.376376071,0.583237926,,,,,,,,,,,,,,,,,,,,,,,,,,,,,,,,,,,,,,,,,,,,,,,,1.0,1.0,1.0,1.0,-427.0,0,1,0,0,0,0,0,0,0,0,0,0,0,0,0,0,0,0,0,0,0.0,0.0,0.0,0.0,2.0,1.0
123655,3/14/2018,0,Cash loans,F,Y,Y,2,126000.0,225000.0,17541.0,225000.0,Unaccompanied,Working,Higher education,Married,House / apartment,0.010276,-10338,-3201,-5182,-1694,7.0,1,1,0,1,0,0,High skill tech staff,4.0,2,2,WEDNESDAY,16,0,0,0,0,0,0,Self-employed,0.436795489,0.592453689,0.410102573,,,0.9861,,,,,,,,,,,,,,0.9861,,,,,,,,,,,,,,0.9861,,,,,,,,,,,,,,0.1783,,No,2.0,0.0,2.0,0.0,-318.0,0,1,0,0,0,0,0,0,0,0,0,0,0,0,0,0,0,0,0,0,0.0,0.0,0.0,0.0,0.0,0.0
129401,4/1/2018,0,Cash loans,M,Y,Y,0,157500.0,700830.0,22738.5,585000.0,Family,Pensioner,Secondary / secondary special,Married,House / apartment,0.030755,-21433,365243,-3166,-3591,28.0,1,0,0,1,0,0,,2.0,2,2,FRIDAY,11,0,0,0,0,0,0,XNA,0.50105693,0.797198244,0.634705531,,,,,,,,,,,,,,,,,,,,,,,,,,,,,,,,,,,,,,,,,,,,,,,,0.0,0.0,0.0,0.0,-1745.0,0,1,0,0,0,0,0,0,0,0,0,0,0,0,0,0,0,0,0,0,0.0,0.0,0.0,0.0,0.0,0.0
107631,1/24/2018,0,Cash loans,F,N,Y,0,180000.0,1288350.0,37800.0,1125000.0,Unaccompanied,Working,Secondary / secondary special,Married,House / apartment,0.001333,-21020,-5878,-6436,-3011,,1,1,0,1,0,0,Cooking staff,2.0,3,3,FRIDAY,4,0,0,0,0,0,0,Kindergarten,,0.660564273,0.368968738,,,,,,,,,,,,,,,,,,,,,,,,,,,,,,,,,,,,,,,,,,,,,,,,0.0,0.0,0.0,0.0,-822.0,0,1,0,0,0,0,0,0,0,0,0,0,0,0,0,0,0,0,0,0,0.0,0.0,0.0,0.0,0.0,0.0
141477,5/8/2018,0,Cash loans,F,N,N,0,58500.0,314100.0,17167.5,225000.0,Unaccompanied,Working,Secondary / secondary special,Single / not married,With parents,0.020246,-9926,-268,-3696,-2590,,1,1,0,1,0,1,Sales staff,1.0,3,3,MONDAY,13,0,0,0,1,1,0,Business Entity Type 3,0.184182745,0.650839343,,,,,,,,,,,,,,,,,,,,,,,,,,,,,,,,,,,,,,,,,,,,,,,,,1.0,0.0,1.0,0.0,-307.0,0,1,0,0,0,0,0,0,0,0,0,0,0,0,0,0,0,0,0,0,0.0,0.0,0.0,0.0,0.0,2.0
126367,3/22/2018,0,Cash loans,M,Y,Y,2,135000.0,1078200.0,38331.0,900000.0,Unaccompanied,Working,Secondary / secondary special,Married,House / apartment,0.00823,-11267,-3417,-1118,-1175,19.0,1,1,0,1,0,0,,4.0,2,2,THURSDAY,15,0,0,0,1,1,1,Security Ministries,,0.528224763,0.588487788,,,,,,,,,,,,,,,,,,,,,,,,,,,,,,,,,,,,,,,,,,,,,,,,2.0,0.0,2.0,0.0,-798.0,0,1,0,0,0,0,0,0,0,0,0,0,0,0,0,0,0,0,0,0,0.0,0.0,0.0,0.0,0.0,1.0
102358,1/8/2018,0,Cash loans,F,N,N,0,171000.0,679500.0,19867.5,679500.0,Unaccompanied,Commercial associate,Higher education,Married,House / apartment,0.003818,-15267,-1924,-2402,-414,,1,1,0,1,1,0,Sales staff,2.0,2,2,MONDAY,15,0,0,0,0,1,1,Self-employed,,0.563510315,0.70918911,,,,,,,,,,,,,,,,,,,,,,,,,,,,,,,,,,,,,,,,,,,,,,,,4.0,2.0,4.0,1.0,-2144.0,0,1,0,0,0,0,0,0,0,0,0,0,0,0,0,0,0,0,0,0,0.0,0.0,0.0,1.0,0.0,2.0
108631,1/27/2018,0,Cash loans,M,N,Y,0,157500.0,1546020.0,42511.5,1350000.0,Family,Pensioner,Higher education,Married,House / apartment,0.01885,-20877,365243,-10094,-4375,,1,0,0,1,1,0,,2.0,2,2,TUESDAY,10,0,0,0,0,0,0,XNA,,0.498476624,0.562060483,0.0155,0.0404,0.9722,0.6192,0.0034,0.0,0.069,0.0833,,,0.0126,0.026,0.0077,0.0319,0.0158,0.0419,0.9722,0.6341,0.0035,0.0,0.069,0.0833,,,0.0138,0.0271,0.0078,0.0338,0.0156,0.0404,0.9722,0.6243,0.0035,0.0,0.069,0.0833,,,0.0128,0.0265,0.0078,0.0326,,block of flats,0.0293,"Stone, brick",No,4.0,1.0,4.0,0.0,-588.0,0,1,0,0,0,0,0,0,0,0,0,0,0,0,0,0,0,0,0,0,0.0,0.0,0.0,0.0,0.0,1.0
126254,3/22/2018,0,Cash loans,F,Y,Y,0,225000.0,454500.0,19386.0,454500.0,"Spouse, partner",Working,Higher education,Married,House / apartment,0.028663,-18054,-3008,-5523,-1573,4.0,1,1,0,1,0,0,Sales staff,2.0,2,2,TUESDAY,13,0,0,0,0,0,0,Trade: type 7,,0.531825334,0.598926218,0.0742,,0.9816,,,0.08,0.069,0.3333,,,,0.0529,,0.0,0.0756,,0.9816,,,0.0806,0.069,0.3333,,,,0.0551,,0.0,0.0749,,0.9816,,,0.08,0.069,0.3333,,,,0.0538,,0.0,,block of flats,0.0781,Panel,No,0.0,0.0,0.0,0.0,0.0,0,1,0,0,0,0,0,0,0,0,0,0,0,0,0,0,0,0,0,0,0.0,0.0,0.0,0.0,0.0,1.0
131571,4/7/2018,0,Cash loans,M,Y,N,1,202500.0,900000.0,46084.5,900000.0,Unaccompanied,State servant,Higher education,Married,House / apartment,0.00702,-13527,-5954,-635,-4759,4.0,1,1,1,1,0,0,Core staff,3.0,2,2,THURSDAY,9,0,0,0,0,0,0,Police,0.622517629,0.497268463,0.075965681,,,,,,,,,,,,,,,,,,,,,,,,,,,,,,,,,,,,,,,,,,,,,,,,1.0,0.0,1.0,0.0,-696.0,0,1,0,0,0,0,0,0,0,0,0,0,0,0,0,0,0,0,0,0,0.0,0.0,0.0,0.0,3.0,3.0
100179,1/1/2018,0,Cash loans,F,Y,N,0,202500.0,675000.0,53329.5,675000.0,Unaccompanied,Commercial associate,Higher education,Married,House / apartment,0.031329,-11375,-2311,-180,-2009,4.0,1,1,0,1,0,0,Managers,2.0,2,2,MONDAY,13,0,0,0,0,0,0,Trade: type 7,0.674831513,0.616156424,0.673830078,0.5845,0.457,0.9945,0.9252,0.3468,0.6,0.2414,0.9167,0.5,0.2847,0.4287,0.7187,0.2201,0.7729,0.5956,0.4742,0.9945,0.9281,0.35,0.6042,0.2414,0.9167,0.5,0.2912,0.4683,0.7488,0.2218,0.8183,0.5902,0.457,0.9945,0.9262,0.349,0.6,0.2414,0.9167,0.5,0.2896,0.4361,0.7317,0.2213,0.7892,reg oper account,block of flats,0.7334,Monolithic,No,0.0,0.0,0.0,0.0,-1792.0,0,0,0,0,0,0,1,0,0,0,0,0,0,0,0,0,0,0,0,0,0.0,0.0,0.0,1.0,0.0,4.0
156448,6/23/2018,0,Cash loans,F,N,Y,0,90000.0,265500.0,11376.0,265500.0,Unaccompanied,Pensioner,Secondary / secondary special,Married,House / apartment,0.028663,-22100,365243,-2262,-4802,,1,0,0,1,0,0,,2.0,2,2,SATURDAY,8,0,0,0,0,0,0,XNA,,0.566407228,0.492060094,,,,,,,,,,,,,,,,,,,,,,,,,,,,,,,,,,,,,,,,,,,,,,,,3.0,0.0,3.0,0.0,0.0,0,1,0,0,0,0,0,0,0,0,0,0,0,0,0,0,0,0,0,0,0.0,0.0,0.0,0.0,0.0,4.0
122878,3/11/2018,0,Cash loans,F,N,N,0,157500.0,808650.0,23643.0,675000.0,Unaccompanied,Pensioner,Secondary / secondary special,Widow,House / apartment,0.014464,-22036,365243,-9808,-4743,,1,0,0,1,0,0,,1.0,2,2,FRIDAY,10,0,0,0,0,0,0,XNA,0.872239638,0.665420843,,0.0536,0.0238,0.9752,,,0.0,0.1034,0.1667,,0.0449,,0.0433,,0.0133,0.0546,0.0247,0.9752,,,0.0,0.1034,0.1667,,0.0459,,0.0451,,0.014,0.0541,0.0238,0.9752,,,0.0,0.1034,0.1667,,0.0456,,0.044,,0.0135,,block of flats,0.0369,"Stone, brick",No,1.0,1.0,1.0,0.0,-962.0,0,1,0,0,0,0,0,0,0,0,0,0,0,0,0,0,0,0,0,0,,,,,,
122228,3/9/2018,0,Cash loans,F,N,N,0,49500.0,170640.0,8298.0,135000.0,Unaccompanied,Pensioner,Secondary / secondary special,Single / not married,With parents,0.02461,-9334,365243,-9316,-2000,,1,0,0,1,0,0,,1.0,2,2,THURSDAY,14,0,0,0,0,0,0,XNA,,0.464548517,,,,,,,,,,,,,,,,,,,,,,,,,,,,,,,,,,,,,,,,,,,,,,,,,0.0,0.0,0.0,0.0,-104.0,0,1,0,0,0,0,0,0,0,0,0,0,0,0,0,0,0,0,0,0,,,,,,
127081,3/24/2018,0,Cash loans,F,N,N,1,90000.0,814041.0,26388.0,679500.0,Unaccompanied,Working,Higher education,Married,House / apartment,0.035792,-10581,-3138,-4869,-2082,,1,1,0,1,1,0,Laborers,3.0,2,2,FRIDAY,17,0,0,0,0,1,1,Self-employed,0.591996612,0.733842099,0.493862882,,,,,,,,,,,,,,,,,,,,,,,,,,,,,,,,,,,,,,,,,,,,,,,,0.0,0.0,0.0,0.0,0.0,0,1,0,0,0,0,0,0,0,0,0,0,0,0,0,0,0,0,0,0,0.0,0.0,0.0,0.0,0.0,0.0
109625,1/30/2018,0,Cash loans,F,N,Y,1,90000.0,450000.0,35685.0,450000.0,Unaccompanied,Working,Secondary / secondary special,Married,House / apartment,0.026392,-12228,-3007,-630,-4141,,1,1,0,1,0,0,Medicine staff,3.0,2,2,TUESDAY,17,0,0,0,0,0,0,Business Entity Type 2,,0.713283036,0.176652579,0.1299,0.0689,0.996,,,0.16,0.1379,0.3333,,,,0.1488,,0.0727,0.1324,0.0715,0.996,,,0.1611,0.1379,0.3333,,,,0.1551,,0.077,0.1312,0.0689,0.996,,,0.16,0.1379,0.3333,,,,0.1515,,0.0742,,block of flats,0.1447,Panel,No,0.0,0.0,0.0,0.0,0.0,0,1,0,0,0,0,0,0,0,0,0,0,0,0,0,0,0,0,0,0,0.0,0.0,0.0,0.0,0.0,4.0
100567,1/2/2018,1,Revolving loans,M,Y,Y,0,99000.0,180000.0,9000.0,180000.0,Unaccompanied,Working,Secondary / secondary special,Married,House / apartment,0.028663,-8063,-261,-738,-735,10.0,1,1,0,1,0,0,Sales staff,2.0,2,2,MONDAY,12,0,0,0,0,0,0,Self-employed,0.1293264,0.29166005,0.21762852,0.0289,0.0328,0.9727,0.626,0.0056,0.0,0.1724,0.0833,0.125,0.0184,0.0235,0.0313,0.0,0.0,0.0294,0.0341,0.9727,0.6406,0.0056,0.0,0.1724,0.0833,0.125,0.0189,0.0257,0.0326,0.0,0.0,0.0291,0.0328,0.9727,0.631,0.0056,0.0,0.1724,0.0833,0.125,0.0188,0.0239,0.0319,0.0,0.0,reg oper account,block of flats,0.0246,Block,No,1.0,0.0,1.0,0.0,-390.0,0,0,0,0,0,0,0,0,0,0,0,0,0,0,0,0,0,0,0,0,0.0,0.0,0.0,0.0,2.0,0.0
157870,6/28/2018,0,Revolving loans,F,N,N,0,202500.0,450000.0,22500.0,450000.0,Unaccompanied,Commercial associate,Higher education,Separated,House / apartment,0.072508,-23369,-2912,-721,-4055,,1,1,0,1,0,0,,1.0,1,1,THURSDAY,16,0,0,0,0,0,0,Business Entity Type 3,0.176921166,0.668175602,0.497468889,0.6304,0.4389,0.9806,,,0.74,0.431,0.4792,,0.4872,,0.7114,,0.0365,0.4853,0.3523,0.9806,,,0.5236,0.4138,0.3333,,0.3661,,0.4758,,0.0027,0.6365,0.4389,0.9806,,,0.74,0.431,0.4792,,0.4957,,0.7242,,0.0373,,block of flats,0.3597,Panel,No,0.0,0.0,0.0,0.0,-1737.0,0,0,0,0,0,0,0,0,0,0,0,0,0,0,0,0,0,0,0,0,0.0,0.0,0.0,0.0,2.0,5.0
138178,4/28/2018,0,Revolving loans,F,N,N,0,112500.0,337500.0,16875.0,337500.0,Unaccompanied,Pensioner,Secondary / secondary special,Civil marriage,House / apartment,0.00496,-21112,365243,-726,-792,,1,0,0,1,0,0,,2.0,2,2,TUESDAY,10,0,0,0,0,0,0,XNA,,0.543511901,,,,,,,,,,,,,,,,,,,,,,,,,,,,,,,,,,,,,,,,,,,,,,,,,0.0,0.0,0.0,0.0,-288.0,0,0,0,0,0,0,0,0,0,0,0,0,0,0,0,0,0,0,0,0,,,,,,
152668,6/11/2018,0,Revolving loans,F,Y,Y,1,135000.0,180000.0,9000.0,180000.0,Unaccompanied,Working,Secondary / secondary special,Civil marriage,House / apartment,0.026392,-7716,-1137,-239,-398,64.0,1,1,0,1,0,0,Waiters/barmen staff,3.0,2,2,THURSDAY,12,0,0,0,0,0,0,Transport: type 4,0.530677122,0.481624993,,0.2093,0.0708,0.9806,,,0.08,0.069,0.3333,,,,0.1053,,0.008,0.2132,0.0735,0.9806,,,0.0806,0.069,0.3333,,,,0.1097,,0.0084,0.2113,0.0708,0.9806,,,0.08,0.069,0.3333,,,,0.1071,,0.0081,,block of flats,0.0845,"Stone, brick",No,0.0,0.0,0.0,0.0,-1085.0,0,0,0,0,0,0,0,0,0,0,0,0,0,0,0,0,0,0,0,0,0.0,0.0,0.0,0.0,0.0,2.0
146203,5/23/2018,0,Cash loans,M,Y,N,0,180000.0,828000.0,24210.0,828000.0,Unaccompanied,Working,Secondary / secondary special,Civil marriage,House / apartment,0.035792,-8624,-325,-3472,-1282,10.0,1,1,1,1,1,0,,2.0,2,2,WEDNESDAY,10,0,0,0,1,1,1,Business Entity Type 3,0.087023673,0.665965895,0.670651753,,,,,,,,,,,,,,,,,,,,,,,,,,,,,,,,,,,,,,,,,,,,,,,,0.0,0.0,0.0,0.0,-562.0,0,1,0,0,0,0,0,0,0,0,0,0,0,0,0,0,0,0,0,0,0.0,0.0,0.0,1.0,0.0,2.0
101805,1/6/2018,1,Cash loans,F,Y,Y,0,135000.0,450000.0,22018.5,450000.0,Unaccompanied,Working,Secondary / secondary special,Single / not married,House / apartment,0.019101,-15308,-3571,-124,-4881,9.0,1,1,0,1,0,0,Private service staff,1.0,2,2,WEDNESDAY,14,0,0,0,0,0,0,Services,0.528609344,0.6429173,,0.1753,0.1241,0.9836,0.7756,,0.0,0.3793,0.1667,0.2083,0.0941,0.1429,0.0931,0.0,0.2606,0.1786,0.1288,0.9836,0.7844,,0.0,0.3793,0.1667,0.2083,0.0962,0.1561,0.097,0.0,0.2759,0.177,0.1241,0.9836,0.7786,,0.0,0.3793,0.1667,0.2083,0.0957,0.1454,0.0948,0.0,0.266,reg oper account,block of flats,0.1301,"Stone, brick",No,0.0,0.0,0.0,0.0,-420.0,0,1,0,0,0,0,0,0,0,0,0,0,0,0,0,0,0,0,0,0,,,,,,
141525,5/8/2018,0,Cash loans,M,N,N,1,157500.0,157500.0,12442.5,157500.0,Unaccompanied,Working,Secondary / secondary special,Married,House / apartment,0.015221,-8715,-1413,-1489,-1403,,1,1,1,1,1,0,,3.0,2,2,SUNDAY,17,0,0,0,0,0,0,Business Entity Type 3,0.759965271,0.541460338,,,,,,,,,,,,,,,,,,,,,,,,,,,,,,,,,,,,,,,,,,,,,,,,,2.0,0.0,2.0,0.0,-7.0,0,1,0,0,0,0,0,0,0,0,0,0,0,0,0,0,0,0,0,0,,,,,,
129413,4/1/2018,1,Cash loans,F,N,Y,0,135000.0,521280.0,31630.5,450000.0,Unaccompanied,Pensioner,Secondary / secondary special,Married,House / apartment,0.00712,-20399,365243,-14450,-3646,,1,0,0,1,0,0,,2.0,2,2,TUESDAY,9,0,0,0,0,0,0,XNA,0.616437506,0.141078131,0.216402961,0.0825,0.0796,0.9767,,,0.0,0.069,0.1667,,0.0418,,0.0491,,0.0,0.084,0.0826,0.9767,,,0.0,0.069,0.1667,,0.0427,,0.0512,,0.0,0.0833,0.0796,0.9767,,,0.0,0.069,0.1667,,0.0425,,0.05,,0.0,,block of flats,0.0552,Panel,No,0.0,0.0,0.0,0.0,-243.0,0,0,0,0,1,0,0,0,0,0,0,0,0,0,0,0,0,0,0,0,0.0,0.0,0.0,2.0,0.0,7.0
121611,3/7/2018,0,Cash loans,F,N,N,0,81000.0,360000.0,17509.5,360000.0,Unaccompanied,Working,Secondary / secondary special,Married,House / apartment,0.035792,-18527,-1971,-6651,-2075,,1,1,1,1,0,0,,2.0,2,2,SUNDAY,10,0,0,0,0,0,0,Business Entity Type 3,,0.672331971,0.680138822,,,,,,,,,,,,,,,,,,,,,,,,,,,,,,,,,,,,,,,,,,,,,,,,0.0,0.0,0.0,0.0,-2.0,0,1,0,0,0,0,0,0,0,0,0,0,0,0,0,0,0,0,0,0,0.0,0.0,0.0,0.0,0.0,0.0
135976,4/21/2018,0,Cash loans,F,N,N,0,216000.0,431280.0,22180.5,360000.0,Unaccompanied,Pensioner,Secondary / secondary special,Married,House / apartment,0.010966,-22867,365243,-1933,-4700,,1,0,0,1,0,0,,2.0,2,2,FRIDAY,8,0,0,0,0,0,0,XNA,,0.302546068,0.282248434,,,,,,,,,,,,,,,,,,,,,,,,,,,,,,,,,,,,,,,,,,,,,,,,4.0,1.0,4.0,0.0,-220.0,0,0,0,0,1,0,0,0,0,0,0,0,0,0,0,0,0,0,0,0,0.0,0.0,0.0,1.0,1.0,3.0
104730,1/15/2018,0,Cash loans,F,N,Y,0,135000.0,389844.0,17302.5,315000.0,Unaccompanied,Commercial associate,Secondary / secondary special,Married,House / apartment,0.003069,-17122,-3337,-4504,-664,,1,1,0,1,0,0,Cooking staff,2.0,3,3,MONDAY,17,0,0,0,0,0,0,Business Entity Type 3,,0.700571826,0.456109739,,,,,,,,,,,,,,,,,,,,,,,,,,,,,,,,,,,,,,,,,,,,,,,,0.0,0.0,0.0,0.0,-1944.0,0,1,0,0,0,0,0,0,0,0,0,0,0,0,0,0,0,0,0,0,0.0,0.0,1.0,0.0,0.0,2.0
122087,3/9/2018,0,Cash loans,M,Y,Y,0,153000.0,1057266.0,47295.0,945000.0,Unaccompanied,Pensioner,Secondary / secondary special,Married,House / apartment,0.025164,-23005,365243,-1771,-4539,13.0,1,0,0,1,1,0,,2.0,2,2,FRIDAY,11,0,0,0,0,0,0,XNA,,0.591386699,,,,,,,,,,,,,,,,,,,,,,,,,,,,,,,,,,,,,,,,,,,,,,,,,7.0,1.0,7.0,1.0,-966.0,0,1,0,0,0,0,0,0,0,0,0,0,0,0,0,0,0,0,0,0,0.0,0.0,0.0,0.0,0.0,0.0
147941,5/28/2018,0,Cash loans,F,N,Y,2,193500.0,545040.0,26640.0,450000.0,Unaccompanied,Working,Secondary / secondary special,Married,House / apartment,0.010966,-13114,-598,-693,-1900,,1,1,0,1,0,0,Sales staff,4.0,2,2,MONDAY,14,0,0,0,0,1,1,Self-employed,,0.203522832,0.198620045,,,,,,,,,,,,,,,,,,,,,,,,,,,,,,,,,,,,,,,,,,,,,,,,0.0,0.0,0.0,0.0,-287.0,0,1,0,0,0,0,0,0,0,0,0,0,0,0,0,0,0,0,0,0,0.0,0.0,0.0,0.0,0.0,5.0
122386,3/10/2018,0,Cash loans,F,Y,Y,2,94500.0,112500.0,7645.5,112500.0,Unaccompanied,Working,Secondary / secondary special,Married,House / apartment,0.028663,-10056,-238,-642,-2739,18.0,1,1,0,1,0,0,Laborers,4.0,2,2,SATURDAY,11,0,0,0,0,0,0,Government,,0.669512404,0.492060094,0.1505,0.0816,0.9801,,,0.0,0.0345,0.1667,,0.0508,,0.0546,,0.0013,0.1534,0.0847,0.9801,,,0.0,0.0345,0.1667,,0.0519,,0.0569,,0.0014,0.152,0.0816,0.9801,,,0.0,0.0345,0.1667,,0.0517,,0.0556,,0.0013,,block of flats,0.0432,"Stone, brick",No,0.0,0.0,0.0,0.0,-645.0,0,1,0,0,0,0,0,0,0,0,0,0,0,0,0,0,0,0,0,0,0.0,0.0,0.0,1.0,0.0,4.0
111513,2/5/2018,0,Cash loans,F,N,Y,2,99000.0,123993.0,11502.0,103500.0,Other_B,Working,Secondary / secondary special,Married,Municipal apartment,0.009657,-11153,-1179,-1708,-2602,,1,1,0,1,0,0,Waiters/barmen staff,4.0,2,2,MONDAY,15,0,0,0,1,1,0,Business Entity Type 3,0.153200268,0.272287089,0.824594971,0.1474,0.0705,0.9786,0.7076,0.0063,0.0,0.1034,0.1667,0.2083,0.0278,0.1202,0.0406,0.0,0.1275,0.1502,0.0731,0.9786,0.719,0.0063,0.0,0.1034,0.1667,0.2083,0.0284,0.1313,0.0423,0.0,0.135,0.1489,0.0705,0.9786,0.7115,0.0063,0.0,0.1034,0.1667,0.2083,0.0282,0.1223,0.0413,0.0,0.1302,not specified,block of flats,0.0596,"Stone, brick",No,0.0,0.0,0.0,0.0,0.0,0,1,0,0,0,0,0,0,0,0,0,0,0,0,0,0,0,0,0,0,0.0,0.0,0.0,0.0,1.0,0.0
130126,4/3/2018,0,Revolving loans,F,Y,Y,1,135000.0,270000.0,13500.0,270000.0,Unaccompanied,State servant,Secondary / secondary special,Married,House / apartment,0.04622,-13684,-6743,-2022,-3085,16.0,1,1,0,1,0,0,Laborers,3.0,1,1,WEDNESDAY,12,0,0,0,0,1,1,Housing,,0.374694045,0.725276435,,,,,,,,,,,,,,,,,,,,,,,,,,,,,,,,,,,,,,,,,,,,,,,,0.0,0.0,0.0,0.0,-522.0,0,0,0,0,0,0,0,0,0,0,0,0,0,0,0,0,0,0,0,0,0.0,0.0,0.0,0.0,0.0,2.0
150465,6/5/2018,0,Cash loans,F,Y,N,2,135000.0,495000.0,25402.5,495000.0,Family,Working,Secondary / secondary special,Married,House / apartment,0.028663,-13929,-6835,-6742,-4629,41.0,1,1,0,1,0,1,Managers,4.0,2,2,THURSDAY,12,0,0,0,0,0,0,Medicine,,0.56518236,0.252598698,,,,,,,,,,,,,,,,,,,,,,,,,,,,,,,,,,,,,,,,,,,,,,,,6.0,1.0,6.0,0.0,0.0,0,1,0,0,0,0,0,0,0,0,0,0,0,0,0,0,0,0,0,0,0.0,0.0,0.0,0.0,0.0,0.0
112067,2/6/2018,1,Cash loans,M,Y,Y,0,225000.0,497520.0,33246.0,450000.0,Family,Working,Secondary / secondary special,Single / not married,House / apartment,0.008474,-11096,-561,-1116,-3556,7.0,1,1,0,1,1,0,Drivers,1.0,2,2,THURSDAY,17,1,1,0,1,1,1,Business Entity Type 3,0.142673449,0.754940589,0.401407414,,,,,,,,,,,,,,,,,,,,,,,,,,,,,,,,,,,,,,,,,,,,,,,,0.0,0.0,0.0,0.0,-2157.0,0,1,0,0,0,0,0,0,0,0,0,0,0,0,0,0,0,0,0,0,0.0,0.0,0.0,0.0,0.0,0.0
150374,6/4/2018,0,Cash loans,M,Y,N,1,112500.0,544491.0,21096.0,454500.0,Unaccompanied,Commercial associate,Higher education,Married,House / apartment,0.019101,-19840,-330,-4583,-3384,6.0,1,1,0,1,0,0,,3.0,2,2,FRIDAY,12,0,0,0,0,0,0,Business Entity Type 3,,0.734277527,0.347418227,,,,,,,,,,,,,,,,,,,,,,,,,,,,,,,,,,,,,,,,,,,,,,,,0.0,0.0,0.0,0.0,-1353.0,0,1,0,0,0,0,0,0,0,0,0,0,0,0,0,0,0,0,0,0,0.0,0.0,0.0,0.0,0.0,5.0
151377,6/7/2018,0,Revolving loans,M,Y,Y,0,562500.0,495000.0,24750.0,495000.0,Unaccompanied,Working,Secondary / secondary special,Married,House / apartment,0.028663,-19600,-5121,-10478,-3148,2.0,1,1,0,1,0,0,Managers,2.0,2,2,TUESDAY,15,0,0,0,0,0,0,Medicine,0.543574654,0.687200902,,0.1031,0.0556,0.9786,0.7076,0.014,0.0,0.2069,0.1667,0.2083,0.0759,0.0841,0.089,0.0,0.0,0.105,0.0577,0.9786,0.719,0.0141,0.0,0.2069,0.1667,0.2083,0.0776,0.0918,0.0927,0.0,0.0,0.1041,0.0556,0.9786,0.7115,0.0141,0.0,0.2069,0.1667,0.2083,0.0772,0.0855,0.0906,0.0,0.0,reg oper account,block of flats,0.0776,"Stone, brick",No,0.0,0.0,0.0,0.0,-2207.0,0,0,0,0,0,0,0,0,0,0,0,0,0,0,0,0,0,0,0,0,0.0,0.0,0.0,0.0,0.0,0.0
123644,3/14/2018,0,Cash loans,F,N,N,2,112500.0,343800.0,16155.0,225000.0,Unaccompanied,Working,Secondary / secondary special,Civil marriage,House / apartment,0.009175,-12272,-2718,-6367,-4490,,1,1,0,1,1,0,Laborers,4.0,2,2,TUESDAY,14,1,0,1,0,0,0,Business Entity Type 3,0.227128479,0.667598389,0.681705878,0.1076,0.0615,0.9841,,,0.0,0.1379,0.1667,,0.0903,,0.0804,,0.0377,0.063,0.0638,0.9782,,,0.0,0.069,0.1667,,0.0924,,0.0677,,0.0399,0.1239,0.0615,0.9786,,,0.0,0.1379,0.1667,,0.0919,,0.0685,,0.0385,,block of flats,0.0534,"Stone, brick",No,0.0,0.0,0.0,0.0,-159.0,0,1,0,0,0,0,0,0,0,0,0,0,0,0,0,0,0,0,0,0,0.0,0.0,0.0,0.0,0.0,9.0
150036,6/3/2018,0,Cash loans,F,N,Y,0,315000.0,601470.0,29065.5,450000.0,Unaccompanied,Commercial associate,Higher education,Single / not married,House / apartment,0.010276,-19163,-512,-5681,-760,,1,1,0,1,0,0,,1.0,2,2,SATURDAY,11,0,0,0,0,0,0,Business Entity Type 3,,0.552405711,0.300107757,0.0794,0.0791,0.9732,,,0.0,0.2414,0.1667,,0.044,,0.063,,0.0173,0.0809,0.0821,0.9732,,,0.0,0.2414,0.1667,,0.0451,,0.0657,,0.0183,0.0802,0.0791,0.9732,,,0.0,0.2414,0.1667,,0.0448,,0.0642,,0.0176,,block of flats,0.0496,"Stone, brick",No,0.0,0.0,0.0,0.0,-752.0,0,1,0,0,0,0,0,0,0,0,0,0,0,0,0,0,0,0,0,0,0.0,0.0,0.0,1.0,0.0,3.0
142196,5/10/2018,0,Cash loans,M,Y,Y,1,360000.0,454500.0,17739.0,454500.0,Unaccompanied,Working,Secondary / secondary special,Married,House / apartment,0.010006,-19796,-5356,-847,-3324,7.0,1,1,0,1,0,0,Laborers,3.0,2,1,THURSDAY,11,0,0,0,0,0,0,Industry: type 9,,0.729441309,0.6075573,0.3979,0.3129,0.997,0.9592,0.235,0.44,0.3793,0.3333,0.375,0.2356,0.3228,0.4518,0.0039,0.0,0.4055,0.3247,0.997,0.9608,0.2371,0.4431,0.3793,0.3333,0.375,0.2409,0.3526,0.4708,0.0039,0.0,0.4018,0.3129,0.997,0.9597,0.2365,0.44,0.3793,0.3333,0.375,0.2397,0.3284,0.46,0.0039,0.0,reg oper account,block of flats,0.4026,Panel,No,0.0,0.0,0.0,0.0,-397.0,0,1,0,0,0,0,0,0,0,0,0,0,0,0,0,0,0,0,0,0,0.0,0.0,0.0,1.0,0.0,0.0
137615,4/26/2018,1,Cash loans,F,N,Y,0,135000.0,474048.0,25843.5,360000.0,Unaccompanied,Working,Secondary / secondary special,Single / not married,House / apartment,0.014464,-17579,-1904,-7979,-1126,,1,1,1,1,0,0,Laborers,1.0,2,2,THURSDAY,9,0,0,0,0,0,0,Trade: type 7,0.494456253,0.163497835,0.445396242,,,,,,,,,,,,,,,,,,,,,,,,,,,,,,,,,,,,,,,,,,,,,,,,0.0,0.0,0.0,0.0,0.0,0,1,0,0,0,0,0,0,0,0,0,0,0,0,0,0,0,0,0,0,0.0,0.0,0.0,0.0,1.0,2.0
127324,3/25/2018,0,Cash loans,F,Y,N,3,112500.0,450000.0,21888.0,450000.0,Unaccompanied,Working,Secondary / secondary special,Married,House / apartment,0.008575,-10937,-3519,-1010,-3163,14.0,1,1,1,1,0,0,Laborers,5.0,2,2,FRIDAY,12,0,0,0,1,1,1,Business Entity Type 3,,0.514670819,0.260855914,,,,,,,,,,,,,,,,,,,,,,,,,,,,,,,,,,,,,,,,,,,,,,,,0.0,0.0,0.0,0.0,-1460.0,0,1,0,0,0,0,0,0,0,0,0,0,0,0,0,0,0,0,0,0,0.0,0.0,0.0,0.0,0.0,5.0
135945,4/21/2018,0,Cash loans,F,Y,Y,0,90000.0,629320.5,26662.5,508500.0,Family,Pensioner,Secondary / secondary special,Married,House / apartment,0.04622,-22361,365243,-3572,-4705,16.0,1,0,0,1,0,0,,2.0,1,1,SATURDAY,16,0,0,0,0,0,0,XNA,0.854387269,0.753944003,0.593717587,,,,,,,,,,,,,,,,,,,,,,,,,,,,,,,,,,,,,,,,,,,,,,,,0.0,0.0,0.0,0.0,-798.0,0,0,0,0,1,0,0,0,0,0,0,0,0,0,0,0,0,0,0,0,0.0,0.0,0.0,0.0,2.0,2.0
129071,3/31/2018,0,Cash loans,F,N,Y,1,76500.0,238500.0,11115.0,238500.0,Unaccompanied,Working,Secondary / secondary special,Married,House / apartment,0.028663,-16385,-1071,-7172,-4641,,1,1,0,1,0,0,,3.0,2,2,TUESDAY,9,0,0,0,0,0,0,Business Entity Type 3,0.697463424,0.60703509,,0.0515,0.0782,0.9831,0.7688,0.0074,0.0,0.1379,0.1667,0.2083,0.0906,0.042,0.0547,0.0,0.0,0.0525,0.0811,0.9831,0.7779,0.0074,0.0,0.1379,0.1667,0.2083,0.0927,0.0459,0.057,0.0,0.0,0.052,0.0782,0.9831,0.7719,0.0074,0.0,0.1379,0.1667,0.2083,0.0922,0.0428,0.0557,0.0,0.0,reg oper account,block of flats,0.0517,"Stone, brick",No,3.0,2.0,3.0,2.0,-1792.0,0,1,0,0,0,0,0,0,0,0,0,0,0,0,0,0,0,0,0,0,,,,,,
120575,3/4/2018,0,Cash loans,F,N,Y,0,90000.0,270000.0,12717.0,270000.0,Unaccompanied,Commercial associate,Incomplete higher,Single / not married,House / apartment,0.026392,-8592,-672,-2935,-1244,,1,1,0,1,0,0,High skill tech staff,1.0,2,2,MONDAY,12,0,0,0,1,1,0,Self-employed,0.422784844,0.302975372,,,,0.9846,,,,,,,,,0.088,,,,,0.9846,,,,,,,,,0.0916,,,,,0.9846,,,,,,,,,0.0895,,,,,0.0872,,No,5.0,0.0,5.0,0.0,-528.0,0,1,0,0,0,0,0,0,0,0,0,0,0,0,0,0,0,0,0,0,,,,,,
114377,2/13/2018,0,Cash loans,F,Y,Y,0,315000.0,781920.0,61906.5,675000.0,"Spouse, partner",Commercial associate,Secondary / secondary special,Single / not married,House / apartment,0.072508,-14875,-1075,-1174,-613,4.0,1,1,0,1,0,0,,1.0,1,1,MONDAY,10,0,0,0,0,0,0,Business Entity Type 3,0.296106625,0.22775829,0.357293268,0.1856,0.1251,0.9965,0.9524,0.0948,0.4,0.1724,0.5417,0.5833,0.0,0.1513,0.1008,0.0,0.0752,0.1891,0.1298,0.9965,0.9543,0.0957,0.4028,0.1724,0.5417,0.5833,0.0,0.1653,0.105,0.0,0.0796,0.1874,0.1251,0.9965,0.953,0.0954,0.4,0.1724,0.5417,0.5833,0.0,0.1539,0.1026,0.0,0.0768,reg oper account,block of flats,0.1716,Panel,No,0.0,0.0,0.0,0.0,-762.0,0,0,0,0,0,0,1,0,0,0,0,0,0,0,0,0,0,0,0,0,0.0,0.0,0.0,0.0,0.0,4.0
111535,2/5/2018,0,Cash loans,F,Y,N,1,90000.0,592560.0,32274.0,450000.0,Unaccompanied,Commercial associate,Secondary / secondary special,Married,Rented apartment,0.018029,-10672,-862,-772,-1906,17.0,1,1,0,1,0,0,Sales staff,3.0,3,3,WEDNESDAY,11,0,0,0,1,1,0,Self-employed,0.20151274,0.020976917,,0.0825,0.0723,0.9767,0.6804,0.0564,0.0,0.1379,0.1667,0.0417,0.0166,0.0664,0.0701,0.0039,0.003,0.084,0.075,0.9767,0.6929,0.0569,0.0,0.1379,0.1667,0.0417,0.017,0.0725,0.0731,0.0039,0.0032,0.0833,0.0723,0.9767,0.6847,0.0568,0.0,0.1379,0.1667,0.0417,0.0169,0.0676,0.0714,0.0039,0.0031,reg oper account,block of flats,0.0867,Panel,No,2.0,0.0,2.0,0.0,-1280.0,0,1,0,0,0,0,0,0,0,0,0,0,0,0,0,0,0,0,0,0,0.0,0.0,0.0,0.0,0.0,4.0
103120,1/10/2018,0,Cash loans,F,N,N,0,90000.0,284400.0,13257.0,225000.0,Family,Working,Lower secondary,Civil marriage,House / apartment,0.035792,-16123,-1522,-7773,-4560,,1,1,0,1,0,0,Laborers,2.0,2,2,THURSDAY,8,0,0,0,0,1,1,Agriculture,,0.354224732,0.772631135,,,,,,,,,,,,,,,,,,,,,,,,,,,,,,,,,,,,,,,,,,,,,,,,3.0,0.0,3.0,0.0,-1471.0,0,0,0,1,0,0,0,0,0,0,0,0,0,0,0,0,0,0,0,0,0.0,0.0,0.0,0.0,0.0,2.0
135662,4/20/2018,0,Cash loans,F,N,Y,0,189000.0,722394.0,26536.5,603000.0,Unaccompanied,Working,Secondary / secondary special,Single / not married,Rented apartment,0.00963,-16393,-2035,-9750,-4579,,1,1,1,1,1,0,Laborers,1.0,2,2,FRIDAY,16,0,1,1,0,1,1,Business Entity Type 3,,0.658388819,0.411848556,0.0041,0.0,0.9786,0.7076,,0.0,0.0,0.0417,0.0833,,0.0034,0.0048,0.0,0.0,0.0042,0.0,0.9786,0.719,,0.0,0.0,0.0417,0.0833,,0.0037,0.0051,0.0,0.0,0.0042,0.0,0.9786,0.7115,,0.0,0.0,0.0417,0.0833,,0.0034,0.0049,0.0,0.0,reg oper account,terraced house,0.0038,"Stone, brick",No,0.0,0.0,0.0,0.0,-2130.0,0,1,0,0,0,0,0,0,0,0,0,0,0,0,0,0,0,0,0,0,0.0,0.0,0.0,1.0,0.0,5.0
130941,4/5/2018,0,Cash loans,M,N,N,0,67500.0,341280.0,9130.5,270000.0,Unaccompanied,Commercial associate,Secondary / secondary special,Single / not married,House / apartment,0.010966,-9882,-847,-4551,-2563,,1,1,0,1,0,0,Security staff,1.0,2,2,MONDAY,12,0,0,0,0,0,0,Security,0.203876969,0.316627113,0.549596502,,,,,,,,,,,,,,,,,,,,,,,,,,,,,,,,,,,,,,,,,,,,,,,,0.0,0.0,0.0,0.0,-746.0,0,1,0,0,0,0,0,0,0,0,0,0,0,0,0,0,0,0,0,0,0.0,0.0,0.0,0.0,0.0,0.0
101852,1/6/2018,0,Cash loans,F,Y,Y,0,292500.0,1024740.0,45270.0,900000.0,Unaccompanied,Pensioner,Higher education,Married,House / apartment,0.00702,-21988,365243,-5614,-4420,65.0,1,0,0,1,0,0,,2.0,2,2,SATURDAY,12,0,0,0,0,0,0,XNA,,0.504725141,0.401407414,,,,,,,,,,,,,,,,,,,,,,,,,,,,,,,,,,,,,,,,,,,,,,,,7.0,0.0,7.0,0.0,-1756.0,0,0,0,0,1,0,0,0,0,0,0,0,0,0,0,0,0,0,0,0,0.0,0.0,0.0,0.0,1.0,4.0
142534,5/11/2018,0,Cash loans,F,N,Y,2,31500.0,647046.0,21001.5,463500.0,Unaccompanied,Working,Secondary / secondary special,Married,House / apartment,0.020246,-16028,-460,-3716,-5277,,1,1,0,1,1,0,Core staff,4.0,3,3,MONDAY,7,0,0,0,0,1,1,Postal,0.412296539,0.495912737,0.094451692,,,,,,,,,,,,,,,,,,,,,,,,,,,,,,,,,,,,,,,,,,,,,,,,0.0,0.0,0.0,0.0,-2189.0,0,1,0,0,0,0,0,0,0,0,0,0,0,0,0,0,0,0,0,0,0.0,0.0,0.0,0.0,0.0,1.0
130586,4/4/2018,0,Cash loans,F,Y,Y,2,67500.0,755190.0,30078.0,675000.0,Unaccompanied,Working,Secondary / secondary special,Married,House / apartment,0.028663,-14535,-6740,-6794,-4189,16.0,1,1,1,1,1,0,Low-skill Laborers,4.0,2,2,FRIDAY,10,0,0,0,0,1,1,Agriculture,0.559154726,0.48334495,0.362277247,,,,,,,,,,,,,,,,,,,,,,,,,,,,,,,,,,,,,,,,,,,,,,,,0.0,0.0,0.0,0.0,-1278.0,0,1,0,0,0,0,0,0,0,0,0,0,0,0,0,0,0,0,0,0,0.0,0.0,0.0,0.0,0.0,1.0
106337,1/20/2018,0,Cash loans,F,N,Y,1,90000.0,306000.0,18594.0,306000.0,Unaccompanied,Working,Secondary / secondary special,Civil marriage,House / apartment,0.028663,-14483,-6321,-1343,-4143,,1,1,0,1,0,0,Medicine staff,3.0,2,2,MONDAY,13,0,0,0,0,0,0,Medicine,0.172988839,0.250240578,0.616121691,0.0722,0.0,0.9776,0.694,0.0268,0.0,0.1379,0.1667,0.0417,0.0952,0.0588,0.0325,0.0,0.0,0.0735,0.0,0.9777,0.706,0.0271,0.0,0.1379,0.1667,0.0417,0.0974,0.0643,0.0339,0.0,0.0,0.0729,0.0,0.9776,0.6981,0.027,0.0,0.1379,0.1667,0.0417,0.0968,0.0599,0.0331,0.0,0.0,org spec account,block of flats,0.0445,"Stone, brick",No,0.0,0.0,0.0,0.0,-384.0,0,1,0,0,0,0,0,0,0,0,0,0,0,0,0,0,0,0,0,0,0.0,0.0,0.0,0.0,1.0,2.0
132589,4/10/2018,0,Cash loans,M,Y,Y,0,225000.0,573408.0,35208.0,495000.0,Unaccompanied,Working,Secondary / secondary special,Single / not married,House / apartment,0.011657,-14981,-759,-7377,-4597,15.0,1,1,0,1,0,0,Laborers,1.0,1,1,MONDAY,14,0,1,1,0,0,0,Business Entity Type 3,,0.734132435,0.69562193,0.0619,0.061,0.9831,0.7688,0.0082,0.0,0.1379,0.1667,,0.0127,0.0504,0.0609,,0.0,0.063,0.0633,0.9831,0.7779,0.0083,0.0,0.1379,0.1667,,0.013,0.0551,0.0634,,0.0,0.0625,0.061,0.9831,0.7719,0.0083,0.0,0.1379,0.1667,,0.013,0.0513,0.062,,0.0,reg oper account,block of flats,0.0524,Panel,No,3.0,0.0,2.0,0.0,-121.0,0,1,0,0,0,0,0,0,0,0,0,0,0,0,0,0,0,0,0,0,0.0,0.0,0.0,0.0,0.0,0.0
135787,4/20/2018,0,Cash loans,M,N,Y,0,450000.0,677664.0,24471.0,585000.0,Unaccompanied,Commercial associate,Secondary / secondary special,Married,House / apartment,0.04622,-19611,-418,-95,-3127,,1,1,0,1,1,0,Laborers,2.0,1,1,TUESDAY,14,0,1,1,0,1,1,Industry: type 3,,0.695334963,,,,,,,,,,,,,,,,,,,,,,,,,,,,,,,,,,,,,,,,,,,,,,,,,1.0,0.0,1.0,0.0,-775.0,0,1,0,0,0,0,0,0,0,0,0,0,0,0,0,0,0,0,0,0,0.0,0.0,0.0,1.0,0.0,0.0
142838,5/12/2018,0,Cash loans,F,N,Y,0,202500.0,568908.0,29178.0,508500.0,Unaccompanied,Working,Secondary / secondary special,Civil marriage,Rented apartment,0.009549,-18797,-3430,-526,-2299,,1,1,0,1,0,0,Laborers,2.0,2,2,SATURDAY,14,0,0,0,0,0,0,Self-employed,,0.734443894,0.515495375,0.033,0.0459,0.9811,,,0.0,0.069,0.1667,,0.03,,0.0291,,0.0265,0.0336,0.0476,0.9811,,,0.0,0.069,0.1667,,0.0307,,0.0303,,0.0281,0.0333,0.0459,0.9811,,,0.0,0.069,0.1667,,0.0305,,0.0296,,0.0271,,,0.0286,"Stone, brick",No,0.0,0.0,0.0,0.0,0.0,0,1,0,0,0,0,0,0,0,0,0,0,0,0,0,0,0,0,0,0,0.0,0.0,0.0,0.0,0.0,1.0
140628,5/5/2018,0,Cash loans,M,Y,N,0,225000.0,1223010.0,51948.0,1125000.0,Unaccompanied,State servant,Higher education,Single / not married,House / apartment,0.030755,-14682,-6744,-8476,-322,9.0,1,1,0,1,1,0,High skill tech staff,1.0,2,2,WEDNESDAY,10,0,0,0,0,0,0,Transport: type 2,,0.605510873,0.669056695,,,,,,,,,,,,,,,,,,,,,,,,,,,,,,,,,,,,,,,,,,,,,,,,0.0,0.0,0.0,0.0,-3064.0,0,1,0,0,0,0,0,0,0,0,0,0,0,0,0,0,0,0,0,0,0.0,0.0,0.0,0.0,0.0,1.0
144855,5/18/2018,0,Cash loans,F,N,Y,2,67500.0,142200.0,8293.5,112500.0,Unaccompanied,State servant,Higher education,Married,House / apartment,0.01885,-11610,-4233,-2499,-362,,1,1,0,1,0,0,Accountants,4.0,2,2,TUESDAY,17,0,0,0,0,0,0,Government,0.658830393,0.526933051,0.321735282,0.0928,0.1079,0.9866,0.8164,0.0,0.0,0.2069,0.1667,0.2083,0.0,0.0756,0.084,0.0,0.0,0.0945,0.1119,0.9866,0.8236,0.0,0.0,0.2069,0.1667,0.2083,0.0,0.0826,0.0875,0.0,0.0,0.0937,0.1079,0.9866,0.8189,0.0,0.0,0.2069,0.1667,0.2083,0.0,0.077,0.0855,0.0,0.0,reg oper account,block of flats,0.0661,Panel,No,3.0,1.0,3.0,0.0,-2576.0,0,1,0,0,0,0,0,0,0,0,0,0,0,0,0,0,0,0,0,0,0.0,0.0,0.0,0.0,0.0,0.0
144074,5/16/2018,0,Cash loans,M,N,Y,0,225000.0,509400.0,37066.5,450000.0,Unaccompanied,Working,Higher education,Married,House / apartment,0.010966,-13399,-425,-7077,-4420,,1,1,1,1,0,0,Laborers,2.0,2,2,WEDNESDAY,21,1,1,0,1,1,0,Business Entity Type 1,,0.666058315,0.324891229,,,0.9821,,,,,,,,,0.0604,,,,,0.9821,,,,,,,,,0.0629,,,,,0.9821,,,,,,,,,0.0615,,,,,0.0516,,No,0.0,0.0,0.0,0.0,-306.0,0,0,0,0,0,0,0,1,0,0,0,0,0,0,0,0,0,0,0,0,0.0,0.0,0.0,1.0,1.0,1.0
152409,6/11/2018,0,Cash loans,F,N,Y,1,157500.0,780363.0,31077.0,697500.0,Unaccompanied,Commercial associate,Secondary / secondary special,Widow,House / apartment,0.005084,-19191,-5057,-7435,-2723,,1,1,0,1,0,0,Managers,2.0,2,2,THURSDAY,13,0,0,0,0,0,0,Business Entity Type 3,0.680052434,0.359559909,0.565607981,,,,,,,,,,,,,,,,,,,,,,,,,,,,,,,,,,,,,,,,,,,,,,,,0.0,0.0,0.0,0.0,0.0,0,1,0,0,0,0,0,0,0,0,0,0,0,0,0,0,0,0,0,0,0.0,0.0,0.0,0.0,0.0,0.0
111352,2/4/2018,0,Cash loans,M,N,N,0,202500.0,391090.5,26586.0,297000.0,Unaccompanied,Commercial associate,Secondary / secondary special,Married,House / apartment,0.00963,-14769,-3945,-7492,-4819,,1,1,0,1,0,0,Laborers,2.0,2,2,FRIDAY,18,0,0,0,0,0,0,Business Entity Type 3,0.219715138,0.664139209,0.581483706,0.0773,0.0735,0.9831,,,0.0,0.1724,0.1667,,0.0939,,0.0694,,0.0,0.0788,0.0762,0.9831,,,0.0,0.1724,0.1667,,0.096,,0.0724,,0.0,0.0781,0.0735,0.9831,,,0.0,0.1724,0.1667,,0.0955,,0.0707,,0.0,,block of flats,0.061,"Stone, brick",No,8.0,0.0,8.0,0.0,-1530.0,0,1,0,0,0,0,0,0,0,0,0,0,0,0,0,0,0,0,0,0,0.0,0.0,0.0,0.0,0.0,2.0
100779,1/3/2018,0,Cash loans,F,N,Y,0,135000.0,1125000.0,46557.0,1125000.0,Unaccompanied,Working,Secondary / secondary special,Married,House / apartment,0.028663,-20681,-13878,-10061,-4207,,1,1,0,1,0,0,High skill tech staff,2.0,2,2,THURSDAY,9,0,0,0,0,0,0,Business Entity Type 2,0.721792464,0.634591871,0.73801962,0.1338,0.0547,0.9851,,,0.12,0.0948,0.3646,,,,0.1668,,0.0013,0.0504,0.0317,0.9861,,,0.0806,0.1379,0.3333,,,,0.0789,,0.0,0.1129,0.0599,0.9856,,,0.12,0.1034,0.3333,,,,0.1698,,0.0004,,block of flats,0.2648,Mixed,No,0.0,0.0,0.0,0.0,-2855.0,0,1,0,0,0,0,0,0,0,0,0,0,0,0,0,0,0,0,0,0,0.0,0.0,0.0,0.0,1.0,1.0
108429,1/26/2018,0,Cash loans,F,N,Y,0,63000.0,225000.0,23184.0,225000.0,Unaccompanied,Pensioner,Secondary / secondary special,Single / not married,House / apartment,0.031329,-22430,365243,-1340,-4881,,1,0,0,1,1,0,,1.0,2,2,THURSDAY,8,0,0,0,0,0,0,XNA,,0.524719417,0.673830078,0.0216,0.0185,0.9727,0.626,0.0012,0.0,0.069,0.0417,0.0833,0.0243,0.0177,0.0062,0.0,0.0,0.0221,0.0192,0.9727,0.6406,0.0012,0.0,0.069,0.0417,0.0833,0.0248,0.0193,0.0064,0.0,0.0,0.0219,0.0185,0.9727,0.631,0.0012,0.0,0.069,0.0417,0.0833,0.0247,0.018,0.0063,0.0,0.0,reg oper account,block of flats,0.0049,Wooden,No,0.0,0.0,0.0,0.0,0.0,0,0,0,0,1,0,0,0,0,0,0,0,0,0,0,0,0,0,0,0,0.0,0.0,0.0,0.0,0.0,4.0
100395,1/2/2018,0,Cash loans,M,Y,Y,0,225000.0,888840.0,32053.5,675000.0,Unaccompanied,Commercial associate,Secondary / secondary special,Married,Municipal apartment,0.072508,-16719,-687,-8892,-240,12.0,1,1,0,1,0,0,Drivers,2.0,1,1,FRIDAY,17,0,0,0,0,0,0,Business Entity Type 2,0.634741694,0.775615023,0.740799088,0.0907,0.0701,0.9732,0.6328,0.0,0.0,0.1607,0.1667,0.0417,0.0,0.074,0.0673,0.0,0.018,0.0756,0.0457,0.9737,0.6537,0.0,0.0,0.1379,0.1667,0.0417,0.0,0.0661,0.0677,0.0,0.0,0.0749,0.0829,0.9737,0.6444,0.0,0.0,0.1379,0.1667,0.0417,0.0,0.0616,0.0683,0.0,0.0006,reg oper account,block of flats,0.0511,"Stone, brick",No,0.0,0.0,0.0,0.0,-3351.0,0,0,0,0,0,0,1,0,0,0,0,0,0,0,0,0,0,0,0,0,0.0,0.0,0.0,0.0,0.0,2.0
103849,1/12/2018,0,Cash loans,M,N,Y,2,202500.0,1006920.0,42790.5,900000.0,Unaccompanied,Commercial associate,Higher education,Married,House / apartment,0.030755,-11056,-2823,-341,-3717,,1,1,0,1,0,0,IT staff,4.0,2,2,TUESDAY,14,0,0,0,0,1,1,Bank,,0.567883511,0.53527625,,,,,,,,,,,,,,,,,,,,,,,,,,,,,,,,,,,,,,,,,,,,,,,,0.0,0.0,0.0,0.0,-1318.0,0,0,0,0,0,0,1,0,0,0,0,0,0,0,0,0,0,0,0,0,0.0,0.0,0.0,1.0,2.0,5.0
121433,3/7/2018,0,Revolving loans,F,N,Y,0,45000.0,270000.0,13500.0,270000.0,Unaccompanied,Pensioner,Secondary / secondary special,Married,House / apartment,0.02461,-20787,365243,-14803,-3975,,1,0,0,1,1,0,,2.0,2,2,WEDNESDAY,12,0,0,0,0,0,0,XNA,,0.568886697,0.836764077,0.0928,,,,,,0.2069,0.1667,,,,,,,0.0945,,,,,,0.2069,0.1667,,,,,,,0.0937,,,,,,0.2069,0.1667,,,,,,,,block of flats,0.0611,,No,0.0,0.0,0.0,0.0,-1418.0,0,0,0,0,0,0,0,0,0,0,0,0,0,0,0,0,0,0,0,0,0.0,0.0,0.0,0.0,0.0,2.0
122806,3/11/2018,0,Cash loans,F,N,Y,0,202500.0,562491.0,23962.5,454500.0,Unaccompanied,Working,Secondary / secondary special,Married,Municipal apartment,0.072508,-18710,-775,-12422,-2079,,1,1,0,1,1,0,Sales staff,2.0,1,1,TUESDAY,15,0,0,0,0,0,0,Self-employed,,0.626533203,,0.0701,0.1078,0.9732,0.6328,0.0074,0.0,0.1217,0.1667,0.0158,0.0061,0.0572,0.0581,0.0015,0.0036,0.063,0.1122,0.9737,0.6537,0.0,0.0,0.1379,0.1667,0.0,0.0,0.0551,0.0507,0.0,0.0034,0.0625,0.1081,0.9737,0.6444,0.0083,0.0,0.1379,0.1667,0.0,0.0,0.0513,0.0519,0.0,0.0033,reg oper account,block of flats,0.0547,"Stone, brick",No,3.0,1.0,3.0,0.0,-484.0,0,1,0,0,0,0,0,0,0,0,0,0,0,0,0,0,0,0,0,0,,,,,,
122139,3/9/2018,0,Cash loans,M,Y,Y,1,112500.0,450000.0,16965.0,450000.0,Unaccompanied,Commercial associate,Secondary / secondary special,Married,House / apartment,0.01452,-12367,-2592,-1946,-4116,15.0,1,1,0,1,0,0,Managers,3.0,2,2,TUESDAY,9,0,0,0,0,0,0,Other,0.408734962,0.525891788,0.79344903,,,,,,,,,,,,,,,,,,,,,,,,,,,,,,,,,,,,,,,,,,,,,,,,2.0,0.0,2.0,0.0,0.0,0,1,0,0,0,0,0,0,0,0,0,0,0,0,0,0,0,0,0,0,0.0,0.0,0.0,0.0,0.0,2.0
108393,1/26/2018,0,Cash loans,F,Y,Y,1,225000.0,1755000.0,61132.5,1755000.0,Unaccompanied,Commercial associate,Higher education,Married,House / apartment,0.030755,-10654,-2823,-3188,-3196,65.0,1,1,0,1,0,0,High skill tech staff,3.0,2,2,FRIDAY,15,0,0,0,0,0,0,Business Entity Type 3,,0.79334603,0.780143638,,,,,,,,,,,,,,,,,,,,,,,,,,,,,,,,,,,,,,,,,,,,,,,,5.0,0.0,5.0,0.0,-3133.0,0,0,0,0,1,0,0,0,0,0,0,0,0,0,0,0,0,0,0,0,0.0,0.0,0.0,1.0,2.0,2.0
121285,3/6/2018,0,Revolving loans,M,N,N,0,135000.0,180000.0,9000.0,180000.0,Unaccompanied,Working,Secondary / secondary special,Single / not married,House / apartment,0.007305,-8620,-501,-3386,-1274,,1,1,0,1,0,0,Sales staff,1.0,3,3,MONDAY,15,0,0,0,0,0,0,Self-employed,,0.231884302,0.44005783,0.0742,0.0928,0.9891,0.8504,0.0125,0.0,0.2069,0.1667,0.2083,0.0161,0.0605,0.0783,0.0,0.0,0.0756,0.0963,0.9891,0.8563,0.0126,0.0,0.2069,0.1667,0.2083,0.0165,0.0661,0.0816,0.0,0.0,0.0749,0.0928,0.9891,0.8524,0.0126,0.0,0.2069,0.1667,0.2083,0.0164,0.0616,0.0797,0.0,0.0,reg oper account,block of flats,0.0684,Panel,No,1.0,0.0,1.0,0.0,0.0,0,0,0,0,0,0,0,0,0,0,0,0,0,0,0,0,0,0,0,0,0.0,0.0,0.0,0.0,1.0,2.0
128600,3/29/2018,0,Cash loans,F,N,N,0,112500.0,90000.0,9549.0,90000.0,Unaccompanied,State servant,Secondary / secondary special,Married,House / apartment,0.015221,-11065,-2080,-2617,-2632,,1,1,0,1,1,0,Medicine staff,2.0,2,2,MONDAY,12,0,0,0,1,1,0,Medicine,0.680677186,0.555420762,0.510089528,,,,,,,,,,,,,,,,,,,,,,,,,,,,,,,,,,,,,,,,,,,,,,,,4.0,1.0,3.0,0.0,-1220.0,0,1,0,0,0,0,0,0,0,0,0,0,0,0,0,0,0,0,0,0,0.0,0.0,0.0,1.0,1.0,2.0
137110,4/24/2018,0,Revolving loans,F,N,Y,1,202500.0,720000.0,36000.0,720000.0,Unaccompanied,Working,Higher education,Married,House / apartment,0.010032,-12188,-1240,-2507,-3911,,1,1,0,1,0,0,Accountants,3.0,2,2,WEDNESDAY,12,0,0,0,0,0,0,Business Entity Type 3,0.63623031,0.575743181,0.41359676,0.1649,0.1123,0.9866,0.8164,0.0766,0.16,0.1379,0.375,0.0417,0.0,0.1336,0.1151,0.0039,0.0005,0.1681,0.116,0.9861,0.8171,0.0773,0.1611,0.1379,0.375,0.0417,0.0,0.146,0.12,0.0039,0.0,0.1665,0.1123,0.9866,0.8189,0.0771,0.16,0.1379,0.375,0.0417,0.0,0.136,0.1172,0.0039,0.0005,reg oper account,block of flats,0.1314,"Stone, brick",No,0.0,0.0,0.0,0.0,-1942.0,0,0,0,0,0,0,0,0,0,0,0,0,0,0,0,0,0,0,0,0,0.0,0.0,0.0,1.0,0.0,4.0
147289,5/26/2018,1,Cash loans,F,N,Y,1,157500.0,450000.0,24543.0,450000.0,Family,Working,Secondary / secondary special,Married,House / apartment,0.028663,-10261,-1491,-303,-2480,,1,1,0,1,0,0,Sales staff,3.0,2,2,WEDNESDAY,12,0,0,0,0,0,0,Trade: type 7,0.317999625,0.412898737,0.598926218,,,,,,,,,,,,,,,,,,,,,,,,,,,,,,,,,,,,,,,,,,,,,,,,11.0,2.0,11.0,0.0,0.0,0,1,0,0,0,0,0,0,0,0,0,0,0,0,0,0,0,0,0,0,0.0,0.0,0.0,0.0,0.0,0.0
101098,1/4/2018,0,Cash loans,F,Y,N,1,180000.0,1096020.0,59589.0,900000.0,Unaccompanied,Working,Higher education,Civil marriage,House / apartment,0.019689,-11215,-298,-5056,-3702,8.0,1,1,0,1,0,1,Sales staff,3.0,2,2,THURSDAY,7,0,0,0,0,0,0,Business Entity Type 3,,0.719096741,0.45969045,,,,,,,,,,,,,,,,,,,,,,,,,,,,,,,,,,,,,,,,,,,,,,,,0.0,0.0,0.0,0.0,-1554.0,0,1,0,0,0,0,0,0,0,0,0,0,0,0,0,0,0,0,0,0,0.0,0.0,1.0,0.0,0.0,1.0
135573,4/20/2018,0,Cash loans,F,N,Y,0,292500.0,369531.0,39339.0,351000.0,Unaccompanied,Commercial associate,Secondary / secondary special,Widow,House / apartment,0.002042,-21289,-686,-2330,-4724,,1,1,0,1,0,0,Managers,1.0,3,3,MONDAY,9,0,0,0,0,0,0,Trade: type 6,,0.622800746,0.218859082,0.0825,0.0731,0.9762,0.6736,0.0476,0.0,0.1379,0.1667,0.0,0.0136,0.0672,0.0426,0.0,0.0737,0.084,0.0758,0.9762,0.6864,0.048,0.0,0.1379,0.1667,0.0,0.0139,0.0735,0.0444,0.0,0.078,0.0833,0.0731,0.9762,0.678,0.0479,0.0,0.1379,0.1667,0.0,0.0138,0.0684,0.0434,0.0,0.0753,reg oper spec account,block of flats,0.0496,"Stone, brick",No,1.0,0.0,1.0,0.0,-247.0,0,1,0,0,0,0,0,0,0,0,0,0,0,0,0,0,0,0,0,0,0.0,0.0,0.0,1.0,2.0,2.0
104896,1/15/2018,0,Cash loans,F,N,N,0,90000.0,1018899.0,29790.0,850500.0,Unaccompanied,Working,Secondary / secondary special,Married,House / apartment,0.01885,-17875,-10942,-15094,-1411,,1,1,1,1,1,0,Laborers,2.0,2,2,FRIDAY,9,0,0,0,0,0,0,Business Entity Type 3,,0.420925595,0.362277247,0.1031,0.0908,0.9796,0.7212,0.0111,,0.2069,0.1667,,0.1007,0.0841,0.0895,0.0,,0.105,0.0942,0.9796,0.7321,0.0112,,0.2069,0.1667,,0.1029,0.0918,0.0933,0.0,,0.1041,0.0908,0.9796,0.7249,0.0112,,0.2069,0.1667,,0.1024,0.0855,0.0911,0.0,,,block of flats,0.0765,"Stone, brick",No,1.0,0.0,1.0,0.0,-1698.0,0,1,0,0,0,0,0,0,0,0,0,0,0,0,0,0,0,0,0,0,0.0,0.0,0.0,3.0,0.0,2.0
125616,3/20/2018,0,Cash loans,M,Y,N,1,135000.0,855000.0,25128.0,855000.0,"Spouse, partner",Working,Secondary / secondary special,Married,House / apartment,0.010556,-18988,-2046,-804,-2537,9.0,1,1,0,1,0,0,Laborers,3.0,3,3,TUESDAY,10,0,0,0,0,1,1,Housing,0.681598712,0.492447208,0.667457742,0.0619,0.0527,0.9796,0.7212,0.008,0.0,0.1379,0.1667,0.2083,0.023,0.0504,0.0371,0.0,0.0,0.063,0.0547,0.9796,0.7321,0.0081,0.0,0.1379,0.1667,0.2083,0.0235,0.0551,0.0387,0.0,0.0,0.0625,0.0527,0.9796,0.7249,0.008,0.0,0.1379,0.1667,0.2083,0.0234,0.0513,0.0378,0.0,0.0,reg oper account,block of flats,0.0429,Panel,No,1.0,0.0,1.0,0.0,-2362.0,0,1,0,0,0,0,0,0,0,0,0,0,0,0,0,0,0,0,0,0,0.0,0.0,0.0,0.0,0.0,4.0
124269,3/16/2018,0,Cash loans,F,N,Y,0,180000.0,720000.0,28552.5,720000.0,Unaccompanied,Working,Secondary / secondary special,Married,House / apartment,0.028663,-17229,-4178,-244,-678,,1,1,0,1,0,0,Managers,2.0,2,2,MONDAY,10,0,0,0,0,0,0,Business Entity Type 3,0.591909071,0.693771559,0.662637792,,,,,,,,,,,,,,,,,,,,,,,,,,,,,,,,,,,,,,,,,,,,,,,,1.0,0.0,1.0,0.0,-1658.0,0,1,0,0,0,0,0,0,0,0,0,0,0,0,0,0,0,0,0,0,0.0,0.0,0.0,0.0,1.0,2.0
124380,3/16/2018,0,Cash loans,F,N,N,1,180000.0,1058197.5,38137.5,913500.0,Unaccompanied,Commercial associate,Secondary / secondary special,Married,House / apartment,0.035792,-17929,-6288,-10191,-1486,,1,1,0,1,0,0,Sales staff,3.0,2,2,SATURDAY,14,0,0,0,0,1,1,Self-employed,,0.703804875,0.75037515,,,,,,,,,,,,,,,,,,,,,,,,,,,,,,,,,,,,,,,,,,,,,,,,3.0,0.0,3.0,0.0,0.0,0,1,0,0,0,0,0,0,0,0,0,0,0,0,0,0,0,0,0,0,0.0,0.0,0.0,0.0,0.0,0.0
118339,2/25/2018,0,Cash loans,F,N,N,1,202500.0,545040.0,25537.5,450000.0,Unaccompanied,Working,Higher education,Civil marriage,With parents,0.022625,-13134,-734,-2844,-4150,,1,1,0,1,0,0,,3.0,2,2,FRIDAY,12,0,0,0,0,1,1,Business Entity Type 3,0.540970285,0.577990345,0.259467655,,,,,,,,,,,,,,,,,,,,,,,,,,,,,,,,,,,,,,,,,,,,,,,,0.0,0.0,0.0,0.0,-1161.0,0,1,0,0,0,0,0,0,0,0,0,0,0,0,0,0,0,0,0,0,0.0,0.0,0.0,1.0,0.0,1.0
150530,6/5/2018,1,Revolving loans,M,N,N,0,225000.0,540000.0,27000.0,540000.0,Unaccompanied,Working,Higher education,Married,House / apartment,0.035792,-15284,-1596,-3914,-239,,1,1,0,1,0,0,Drivers,2.0,2,2,THURSDAY,15,0,0,0,1,1,1,Trade: type 7,,0.018914899,,,,,,,,,,,,,,,,,,,,,,,,,,,,,,,,,,,,,,,,,,,,,,,,,0.0,0.0,0.0,0.0,0.0,0,0,0,0,0,0,0,0,0,0,0,0,0,0,0,0,0,0,0,0,,,,,,
119185,2/28/2018,0,Cash loans,M,Y,Y,1,630000.0,1102171.5,43839.0,945000.0,Family,Commercial associate,Incomplete higher,Married,House / apartment,0.032561,-16965,-3819,-1243,-404,12.0,1,1,0,1,1,0,Managers,3.0,1,1,MONDAY,16,0,0,0,0,0,0,Trade: type 2,0.722693288,0.715148743,,0.2158,,0.9975,,,0.24,0.1724,0.4442,,,,0.2491,,0.0325,0.1597,,0.9975,,,0.1611,0.1034,0.375,,,,0.1706,,0.0152,0.1728,,0.9975,,,0.24,0.1379,0.375,,,,0.2098,,0.0199,,block of flats,0.1652,Panel,No,5.0,0.0,5.0,0.0,-1200.0,0,0,0,0,0,0,1,0,0,0,0,0,0,0,0,0,0,0,0,0,,,,,,
145726,5/21/2018,1,Cash loans,F,N,N,2,94500.0,592560.0,31153.5,450000.0,Unaccompanied,Working,Secondary / secondary special,Married,House / apartment,0.018634,-12899,-1311,-3916,-3933,,1,1,0,1,0,0,Sales staff,4.0,2,2,THURSDAY,18,0,0,0,1,1,0,Business Entity Type 3,,0.391529716,0.6577838,,,,,,,,,,,,,,,,,,,,,,,,,,,,,,,,,,,,,,,,,,,,,,,,1.0,0.0,1.0,0.0,-1856.0,0,0,0,0,0,0,0,1,0,0,0,0,0,0,0,0,0,0,0,0,0.0,0.0,0.0,1.0,0.0,0.0
148028,5/28/2018,0,Cash loans,F,N,Y,0,157500.0,547344.0,18216.0,472500.0,Unaccompanied,Working,Secondary / secondary special,Single / not married,House / apartment,0.04622,-16370,-7461,-6938,-4346,,1,1,0,1,1,0,Core staff,1.0,1,1,SATURDAY,17,0,0,0,0,0,0,Postal,,0.756426321,0.475849909,,,,,,,,,,,,,,,,,,,,,,,,,,,,,,,,,,,,,,,,,,,,,,,,3.0,0.0,3.0,0.0,-1609.0,0,1,0,0,0,0,0,0,0,0,0,0,0,0,0,0,0,0,0,0,0.0,0.0,0.0,0.0,0.0,2.0
152802,6/12/2018,0,Cash loans,F,N,Y,2,90000.0,479578.5,24615.0,414000.0,Unaccompanied,Working,Secondary / secondary special,Married,House / apartment,0.018029,-13502,-1064,-1881,-4297,,1,1,0,1,0,0,Sales staff,4.0,3,3,THURSDAY,9,0,0,0,0,0,0,Trade: type 7,0.493446487,0.435181435,0.758393062,,,,,,,,,,,,,,,,,,,,,,,,,,,,,,,,,,,,,,,,,,,,,,,,0.0,0.0,0.0,0.0,-708.0,0,1,0,0,0,0,0,0,0,0,0,0,0,0,0,0,0,0,0,0,0.0,0.0,0.0,0.0,0.0,2.0
150340,6/4/2018,0,Cash loans,F,N,N,0,180000.0,1575000.0,43312.5,1575000.0,Family,Working,Secondary / secondary special,Civil marriage,House / apartment,0.031329,-18145,-713,-7686,-1695,,1,1,0,1,0,0,Medicine staff,2.0,2,2,THURSDAY,16,0,0,0,0,0,0,Medicine,0.906713611,0.585396959,0.547810466,0.1041,0.1296,0.9786,0.7076,0.0103,0.0,0.2069,0.1667,0.2083,0.063,0.0841,0.086,0.0039,0.0124,0.1061,0.1345,0.9786,0.719,0.0104,0.0,0.2069,0.1667,0.2083,0.0645,0.0918,0.0896,0.0039,0.0131,0.1051,0.1296,0.9786,0.7115,0.0104,0.0,0.2069,0.1667,0.2083,0.0641,0.0855,0.0875,0.0039,0.0127,reg oper account,block of flats,0.076,"Stone, brick",No,4.0,0.0,4.0,0.0,-1.0,0,1,0,0,0,0,0,0,0,0,0,0,0,0,0,0,0,0,0,0,0.0,0.0,0.0,0.0,0.0,0.0
135785,4/20/2018,0,Cash loans,F,N,N,0,112500.0,450000.0,21109.5,450000.0,Unaccompanied,Working,Higher education,Married,House / apartment,0.026392,-13113,-909,-2275,-4299,,1,1,0,1,0,0,Sales staff,2.0,2,2,WEDNESDAY,13,0,0,0,1,1,0,Self-employed,,0.703467428,0.294083101,,,,,,,,,,,,,,,,,,,,,,,,,,,,,,,,,,,,,,,,,,,,,,,,4.0,1.0,4.0,0.0,-1338.0,0,1,0,0,0,0,0,0,0,0,0,0,0,0,0,0,0,0,0,0,0.0,0.0,0.0,0.0,0.0,1.0
108776,1/27/2018,0,Cash loans,M,Y,Y,0,180000.0,622413.0,30073.5,495000.0,Unaccompanied,Pensioner,Higher education,Civil marriage,House / apartment,0.010966,-21862,365243,-3866,-5373,18.0,1,0,0,1,0,0,,2.0,2,2,SATURDAY,12,0,0,0,0,0,0,XNA,,0.561433039,0.622922,0.2216,0.1449,0.9781,0.7008,0.0491,0.24,0.2069,0.3333,0.375,0.0797,,0.1865,,0.078,0.2258,0.1504,0.9782,0.7125,0.0496,0.2417,0.2069,0.3333,0.375,0.0816,,0.1944,,0.0825,0.2238,0.1449,0.9781,0.7048,0.0494,0.24,0.2069,0.3333,0.375,0.0811,,0.1899,,0.0796,org spec account,block of flats,0.1879,Panel,No,0.0,0.0,0.0,0.0,-811.0,0,0,0,0,1,0,0,0,0,0,0,0,0,0,0,0,0,0,0,0,0.0,0.0,0.0,0.0,0.0,1.0
129955,4/2/2018,0,Cash loans,M,N,Y,0,90000.0,268659.0,21357.0,243000.0,Family,Pensioner,Secondary / secondary special,Married,House / apartment,0.006852,-22403,365243,-10653,-4417,,1,0,0,1,1,0,,2.0,3,3,WEDNESDAY,6,0,0,0,0,0,0,XNA,,0.303391155,0.424130311,,,,,,,,,,,,,,,,,,,,,,,,,,,,,,,,,,,,,,,,,,,,,,,,2.0,1.0,2.0,1.0,-370.0,0,0,0,0,1,0,0,0,0,0,0,0,0,0,0,0,0,0,0,0,0.0,0.0,0.0,0.0,0.0,1.0
124692,3/17/2018,0,Cash loans,F,N,Y,1,135000.0,1096020.0,52857.0,900000.0,Children,Working,Secondary / secondary special,Married,House / apartment,0.032561,-16301,-974,-13624,-266,,1,1,0,1,0,1,Core staff,3.0,1,1,THURSDAY,16,0,0,0,0,0,0,Kindergarten,0.654975396,0.646138789,0.6041126,0.1399,,0.9806,,,0.08,0.0345,0.3333,,0.0175,,0.093,,,0.0882,,0.9806,,,0.0806,0.0345,0.3333,,0.0179,,0.0969,,,0.0874,,0.9806,,,0.08,0.0345,0.3333,,0.0178,,0.0947,,,,block of flats,0.0732,Mixed,No,0.0,0.0,0.0,0.0,-913.0,0,1,0,0,0,0,0,0,0,0,0,0,0,0,0,0,0,0,0,0,0.0,0.0,0.0,0.0,0.0,0.0
104144,1/13/2018,0,Cash loans,M,Y,N,2,202500.0,900000.0,26316.0,900000.0,Unaccompanied,Working,Secondary / secondary special,Married,House / apartment,0.015221,-14078,-1712,-1900,-1911,17.0,1,1,1,1,1,0,Laborers,4.0,2,2,THURSDAY,17,0,0,0,0,0,0,Self-employed,,0.528213864,,,,,,,,,,,,,,,,,,,,,,,,,,,,,,,,,,,,,,,,,,,,,,,,,2.0,0.0,2.0,0.0,-1161.0,0,1,0,0,0,0,0,0,0,0,0,0,0,0,0,0,0,0,0,0,,,,,,
154471,6/17/2018,0,Cash loans,F,N,Y,0,270000.0,634482.0,20596.5,454500.0,Unaccompanied,Commercial associate,Secondary / secondary special,Married,House / apartment,0.032561,-16684,-1372,-290,-228,,1,1,0,1,1,0,Core staff,2.0,1,1,SATURDAY,11,0,0,0,0,0,0,Government,,0.717769685,0.554946769,0.3057,0.1226,0.9851,0.796,,0.3,0.2414,0.4792,0.5208,0.0362,,0.3255,,0.0168,0.1155,0.0536,0.9821,0.7648,,0.0806,0.0345,0.3333,0.375,0.019,,0.1143,,0.0087,0.3086,0.1226,0.9851,0.7987,,0.3,0.2414,0.4792,0.5208,0.0368,,0.3313,,0.0171,reg oper account,block of flats,0.4312,"Stone, brick",No,0.0,0.0,0.0,0.0,-2409.0,0,1,0,0,0,0,0,0,0,0,0,0,0,0,0,0,0,0,0,0,0.0,0.0,0.0,3.0,0.0,2.0
135300,4/19/2018,0,Cash loans,F,N,Y,0,101250.0,342000.0,26595.0,342000.0,Family,Pensioner,Secondary / secondary special,Single / not married,House / apartment,0.028663,-20646,365243,-3139,-3139,,1,0,0,1,0,0,,1.0,2,2,THURSDAY,11,0,0,0,0,0,0,XNA,0.306463213,0.028695553,0.45432106,,,,,,,,,,,,,,,,,,,,,,,,,,,,,,,,,,,,,,,,,,,,,,,,4.0,0.0,4.0,0.0,-245.0,0,1,0,0,0,0,0,0,0,0,0,0,0,0,0,0,0,0,0,0,0.0,0.0,0.0,1.0,0.0,1.0
100387,1/2/2018,0,Cash loans,M,Y,Y,2,292500.0,1095817.5,43587.0,1008000.0,Unaccompanied,Commercial associate,Secondary / secondary special,Married,House / apartment,0.003069,-13299,-1559,-395,-4249,8.0,1,1,0,1,0,0,Drivers,4.0,3,3,FRIDAY,14,0,0,0,0,0,0,Industry: type 3,0.209238446,0.514818297,0.551381262,0.0629,0.0697,0.9796,,,0.0,0.1379,0.1667,,0.0599,,0.0361,,0.0,0.0641,0.0724,0.9796,,,0.0,0.1379,0.1667,,0.0613,,0.0376,,0.0,0.0635,0.0697,0.9796,,,0.0,0.1379,0.1667,,0.061,,0.0368,,0.0,,block of flats,0.0417,"Stone, brick",No,0.0,0.0,0.0,0.0,-757.0,0,0,0,0,0,0,1,0,0,0,0,0,0,0,0,0,0,0,0,0,0.0,0.0,0.0,0.0,2.0,3.0
153530,6/14/2018,0,Cash loans,F,N,Y,1,90000.0,157500.0,16668.0,157500.0,Unaccompanied,Working,Secondary / secondary special,Married,House / apartment,0.030755,-14222,-2763,-2824,-2827,,1,1,1,1,1,0,Sales staff,3.0,2,2,THURSDAY,13,0,0,0,0,0,0,Government,0.56859529,0.51004322,0.517296581,,,,,,,,,,,,,,,,,,,,,,,,,,,,,,,,,,,,,,,,,,,,,,,,0.0,0.0,0.0,0.0,-1708.0,0,1,0,0,0,0,0,0,0,0,0,0,0,0,0,0,0,0,0,0,0.0,0.0,0.0,0.0,0.0,3.0
133753,4/14/2018,0,Revolving loans,F,N,Y,0,900000.0,2250000.0,112500.0,2250000.0,Family,Pensioner,Higher education,Married,House / apartment,0.018634,-21538,365243,-6008,-498,,1,0,0,1,0,0,,2.0,2,2,FRIDAY,16,0,0,0,0,0,0,XNA,,0.629746016,0.680138822,0.0381,0.0,0.9707,0.5988,0.0184,0.0,0.0345,0.1667,0.2083,0.0,0.0311,0.0397,0.0,0.0,0.0389,0.0,0.9707,0.6145,0.0186,0.0,0.0345,0.1667,0.2083,0.0,0.034,0.0414,0.0,0.0,0.0385,0.0,0.9707,0.6042,0.0186,0.0,0.0345,0.1667,0.2083,0.0,0.0316,0.0404,0.0,0.0,reg oper spec account,block of flats,0.0413,"Stone, brick",No,0.0,0.0,0.0,0.0,-99.0,0,0,0,0,0,0,0,0,0,0,0,0,0,0,0,0,0,0,0,0,0.0,0.0,0.0,0.0,0.0,0.0
156514,6/23/2018,0,Cash loans,F,N,N,0,148500.0,314100.0,16573.5,225000.0,Family,Working,Incomplete higher,Single / not married,House / apartment,0.010032,-11341,-817,-337,-3975,,1,1,0,1,0,0,Sales staff,1.0,2,2,WEDNESDAY,9,0,0,0,0,0,0,Self-employed,,0.482296545,,0.0247,0.0658,0.9995,0.9932,0.048,0.0,0.069,0.0833,0.0417,,0.0202,0.019,0.0,0.042,0.0252,0.0683,0.9995,0.9935,0.0484,0.0,0.069,0.0833,0.0417,,0.022,0.0198,0.0,0.0445,0.025,0.0658,0.9995,0.9933,0.0483,0.0,0.069,0.0833,0.0417,,0.0205,0.0193,0.0,0.0429,reg oper account,block of flats,0.0354,"Stone, brick",No,1.0,0.0,1.0,0.0,-1102.0,0,1,0,0,0,0,0,0,0,0,0,0,0,0,0,0,0,0,0,0,,,,,,
127571,3/26/2018,0,Cash loans,F,N,Y,0,126000.0,450000.0,19953.0,450000.0,Unaccompanied,Pensioner,Higher education,Married,House / apartment,0.030755,-20954,365243,-4007,-4514,,1,0,0,1,0,0,,2.0,2,2,TUESDAY,13,0,0,0,0,0,0,XNA,,0.561519187,,,,,,,,,,,,,,,,,,,,,,,,,,,,,,,,,,,,,,,,,,,,,,,,,0.0,0.0,0.0,0.0,-737.0,0,0,0,0,1,0,0,0,0,0,0,0,0,0,0,0,0,0,0,0,,,,,,
112276,2/7/2018,0,Revolving loans,F,N,Y,0,135000.0,135000.0,6750.0,135000.0,Family,Commercial associate,Secondary / secondary special,Married,House / apartment,0.019689,-11927,-654,-7966,-3501,,1,1,0,1,0,0,Sales staff,2.0,2,2,FRIDAY,12,0,0,0,0,0,0,Business Entity Type 3,0.174016846,0.631635662,,0.1649,0.2005,0.9891,0.8504,0.0337,0.0,0.3448,0.1667,0.2083,0.1908,0.1336,0.149,0.0039,0.0025,0.1681,0.208,0.9891,0.8563,0.034,0.0,0.3448,0.1667,0.2083,0.1952,0.146,0.1553,0.0039,0.0027,0.1665,0.2005,0.9891,0.8524,0.0339,0.0,0.3448,0.1667,0.2083,0.1941,0.136,0.1517,0.0039,0.0026,reg oper account,block of flats,0.1362,Block,No,0.0,0.0,0.0,0.0,-235.0,0,0,0,0,0,0,0,0,0,0,0,0,0,0,0,0,0,0,0,0,,,,,,
126672,3/23/2018,0,Cash loans,M,N,Y,0,180000.0,597024.0,47299.5,540000.0,Unaccompanied,Working,Secondary / secondary special,Civil marriage,Municipal apartment,0.0105,-13692,-606,-6334,-4620,,1,1,0,1,0,1,Security staff,2.0,3,3,MONDAY,14,0,1,1,0,1,1,Security,0.351776173,0.739024484,0.280789574,0.0124,,0.9687,0.5716,0.0018,0.0,0.069,0.0417,,,0.0101,0.0074,0.0,0.0,0.0126,,0.9687,0.5884,0.0019,0.0,0.069,0.0417,,,0.011,0.0077,0.0,0.0,0.0125,,0.9687,0.5773,0.0019,0.0,0.069,0.0417,,,0.0103,0.0075,0.0,0.0,,block of flats,0.0094,Wooden,No,0.0,0.0,0.0,0.0,0.0,0,1,0,0,0,0,0,0,0,0,0,0,0,0,0,0,0,0,0,0,0.0,0.0,0.0,1.0,2.0,1.0
140266,5/4/2018,0,Cash loans,F,N,Y,0,99000.0,728460.0,38938.5,675000.0,Unaccompanied,Pensioner,Secondary / secondary special,Married,House / apartment,0.035792,-21102,365243,-5231,-4451,,1,0,0,1,0,0,,2.0,2,2,THURSDAY,13,0,0,0,0,0,0,XNA,,0.595838985,,0.1227,0.1292,0.9821,0.7552,0.0164,0.0,0.2759,0.1667,0.2083,0.0959,0.1,0.114,0.0,0.0,0.125,0.134,0.9821,0.7648,0.0165,0.0,0.2759,0.1667,0.2083,0.0981,0.1093,0.1187,0.0,0.0,0.1239,0.1292,0.9821,0.7585,0.0165,0.0,0.2759,0.1667,0.2083,0.0976,0.1018,0.116,0.0,0.0,reg oper account,block of flats,0.0986,Panel,No,0.0,0.0,0.0,0.0,-1576.0,0,1,0,0,0,0,0,0,0,0,0,0,0,0,0,0,0,0,0,0,,,,,,
149598,6/2/2018,0,Cash loans,M,Y,Y,0,315000.0,1006920.0,41139.0,900000.0,Unaccompanied,Commercial associate,Higher education,Married,House / apartment,0.010147,-15742,-1077,-4705,-4704,5.0,1,1,0,1,0,0,,2.0,2,2,WEDNESDAY,15,0,0,0,0,0,0,Business Entity Type 3,0.470856662,0.081420238,0.569148771,0.2887,0.2285,0.9841,0.7824,0.0627,0.32,0.2759,0.3333,0.375,0.1535,0.2345,0.3042,0.0039,0.0011,0.2941,0.2371,0.9841,0.7909,0.0633,0.3222,0.2759,0.3333,0.375,0.157,0.2562,0.3169,0.0039,0.0012,0.2915,0.2285,0.9841,0.7853,0.0631,0.32,0.2759,0.3333,0.375,0.1562,0.2386,0.3096,0.0039,0.0011,reg oper spec account,block of flats,0.2738,Panel,No,1.0,0.0,1.0,0.0,-742.0,0,0,0,0,0,0,0,0,0,0,0,0,0,0,0,0,0,0,0,0,0.0,0.0,0.0,0.0,0.0,1.0
133314,4/13/2018,0,Cash loans,F,N,Y,0,112500.0,225000.0,13045.5,225000.0,Family,Pensioner,Higher education,Separated,House / apartment,0.018209,-21352,365243,-2542,-4702,,1,0,0,1,0,0,,1.0,3,3,WEDNESDAY,13,0,0,0,0,0,0,XNA,,0.39365728,0.621226338,,,,,,,,,,,,,,,,,,,,,,,,,,,,,,,,,,,,,,,,,,,,,,,,2.0,0.0,2.0,0.0,0.0,0,0,0,0,1,0,0,0,0,0,0,0,0,0,0,0,0,0,0,0,0.0,0.0,0.0,0.0,0.0,0.0
108397,1/26/2018,0,Revolving loans,F,Y,Y,0,123750.0,810000.0,40500.0,810000.0,"Spouse, partner",Working,Secondary / secondary special,Married,House / apartment,0.035792,-14848,-971,-8801,-4398,1.0,1,1,1,1,1,0,Core staff,2.0,2,2,FRIDAY,16,0,0,0,0,0,0,Kindergarten,,0.742940218,0.225086862,,,,,,,,,,,,,,,,,,,,,,,,,,,,,,,,,,,,,,,,,,,,,,,,0.0,0.0,0.0,0.0,-1515.0,0,0,0,0,0,0,0,0,0,0,0,0,0,0,0,0,0,0,0,0,0.0,0.0,0.0,0.0,0.0,8.0
156872,6/24/2018,0,Cash loans,F,N,N,0,180000.0,239850.0,23719.5,225000.0,Unaccompanied,Working,Secondary / secondary special,Widow,House / apartment,0.010643,-24815,-2135,-15930,-4488,,1,1,0,1,1,0,,1.0,2,2,WEDNESDAY,12,0,0,0,0,0,0,Business Entity Type 3,,0.587587221,0.558506628,0.0619,0.0488,0.9776,,,,0.1034,0.1667,,,,0.0512,,0.0,0.063,0.0507,0.9777,,,,0.1034,0.1667,,,,0.0533,,0.0,0.0625,0.0488,0.9776,,,,0.1034,0.1667,,,,0.0521,,0.0,,block of flats,0.0435,Panel,No,1.0,0.0,1.0,0.0,-788.0,0,1,0,0,0,0,0,0,0,0,0,0,0,0,0,0,0,0,0,0,0.0,0.0,0.0,0.0,0.0,5.0
145222,5/20/2018,0,Cash loans,F,Y,Y,0,270000.0,2048580.0,54040.5,1710000.0,"Spouse, partner",Working,Higher education,Married,House / apartment,0.008866,-17006,-1684,-6986,-557,11.0,1,1,0,1,1,0,Accountants,2.0,2,2,TUESDAY,10,0,0,0,0,0,0,Business Entity Type 1,0.755888094,0.788562617,0.367291018,0.0825,0.0518,0.9876,0.83,0.0221,0.04,0.0345,0.3333,0.375,0.0175,0.0672,0.065,0.0,0.0,0.084,0.0538,0.9876,0.8367,0.0223,0.0403,0.0345,0.3333,0.375,0.0179,0.0735,0.0678,0.0,0.0,0.0833,0.0518,0.9876,0.8323,0.0222,0.04,0.0345,0.3333,0.375,0.0178,0.0684,0.0662,0.0,0.0,reg oper account,block of flats,0.0632,Panel,No,0.0,0.0,0.0,0.0,-2259.0,0,1,0,0,0,0,0,0,0,0,0,0,0,0,0,0,0,0,0,0,0.0,0.0,0.0,0.0,2.0,1.0
137302,4/25/2018,0,Cash loans,F,N,Y,0,112500.0,545040.0,25537.5,450000.0,Unaccompanied,Working,Secondary / secondary special,Married,House / apartment,0.030755,-18824,-1015,-10122,-2346,,1,1,0,1,1,0,Accountants,2.0,2,2,WEDNESDAY,14,0,0,0,0,1,1,Agriculture,,0.655041481,0.169428727,,,,,,,,,,,,,,,,,,,,,,,,,,,,,,,,,,,,,,,,,,,,,,,,1.0,0.0,1.0,0.0,-353.0,0,1,0,0,0,0,0,0,0,0,0,0,0,0,0,0,0,0,0,0,0.0,0.0,0.0,0.0,0.0,3.0
100845,1/3/2018,0,Cash loans,M,N,Y,1,67500.0,439074.0,21253.5,328500.0,Unaccompanied,Working,Secondary / secondary special,Separated,House / apartment,0.031329,-10140,-313,-1257,-2118,,1,1,0,1,0,0,,2.0,2,2,FRIDAY,14,0,0,0,1,1,0,Transport: type 4,0.259692369,0.153570573,0.174564266,,,,,,,,,,,,,,,,,,,,,,,,,,,,,,,,,,,,,,,,,,,,,,,,6.0,1.0,6.0,1.0,-641.0,0,1,0,0,0,0,0,0,0,0,0,0,0,0,0,0,0,0,0,0,0.0,0.0,0.0,0.0,1.0,0.0
134158,4/15/2018,0,Cash loans,F,Y,Y,0,54000.0,593010.0,17338.5,495000.0,Unaccompanied,Pensioner,Secondary / secondary special,Married,House / apartment,0.020713,-22782,365243,-4268,-4283,15.0,1,0,0,1,1,0,,2.0,3,3,MONDAY,6,0,0,0,0,0,0,XNA,,0.209854592,,,,,,,,,,,,,,,,,,,,,,,,,,,,,,,,,,,,,,,,,,,,,,,,,0.0,0.0,0.0,0.0,-223.0,0,0,0,0,1,0,0,0,0,0,0,0,0,0,0,0,0,0,0,0,0.0,0.0,1.0,0.0,0.0,2.0
141349,5/8/2018,0,Revolving loans,M,N,Y,0,180000.0,180000.0,9000.0,180000.0,Unaccompanied,Working,Higher education,Civil marriage,House / apartment,0.010032,-12826,-2672,-6934,-4727,,1,1,0,1,0,0,Laborers,2.0,2,2,SUNDAY,5,0,0,0,0,0,0,Business Entity Type 2,0.61634136,0.569953637,0.773895694,0.0505,0.082,0.9707,,,0.0,0.1379,0.1042,,,,0.0517,,0.102,0.0378,0.0352,0.9697,,,0.0,0.1034,0.0833,,,,0.0447,,0.0353,0.051,0.082,0.9707,,,0.0,0.1379,0.1042,,,,0.0526,,0.1041,,block of flats,0.041,"Stone, brick",No,1.0,0.0,1.0,0.0,-490.0,0,0,0,0,0,0,0,0,0,0,0,0,0,0,0,0,0,0,0,0,0.0,0.0,0.0,0.0,0.0,0.0
139986,5/3/2018,0,Cash loans,F,N,Y,0,90000.0,90000.0,5152.5,90000.0,Unaccompanied,Pensioner,Secondary / secondary special,Single / not married,House / apartment,0.006852,-19738,365243,-9406,-3281,,1,0,0,1,0,0,,1.0,3,3,WEDNESDAY,8,0,0,0,0,0,0,XNA,,0.591069605,0.798137231,0.0021,,0.9881,,,,,0.0,,,,0.0033,,,0.0021,,0.9881,,,,,0.0,,,,0.0034,,,0.0021,,0.9881,,,,,0.0,,,,0.0033,,,,block of flats,0.0026,Wooden,No,1.0,0.0,1.0,0.0,-799.0,0,1,0,0,0,0,0,0,0,0,0,0,0,0,0,0,0,0,0,0,0.0,0.0,0.0,1.0,0.0,0.0
124116,3/15/2018,0,Cash loans,F,N,N,2,220500.0,1293502.5,37948.5,1129500.0,Other_B,Working,Higher education,Married,House / apartment,0.00496,-12677,-1552,-187,-4554,,1,1,0,1,0,0,Core staff,4.0,2,2,MONDAY,14,0,0,0,0,0,0,Police,,0.655323077,0.609275667,0.0619,,0.9841,,,,0.069,0.1667,,,,,,,0.063,,0.9841,,,,0.069,0.1667,,,,,,,0.0625,,0.9841,,,,0.069,0.1667,,,,,,,,,0.0289,"Stone, brick",No,2.0,0.0,1.0,0.0,-280.0,0,1,0,0,0,0,0,0,0,0,0,0,0,0,0,0,0,0,0,0,0.0,0.0,0.0,0.0,1.0,0.0
114940,2/15/2018,0,Cash loans,F,N,Y,0,436500.0,207000.0,16596.0,207000.0,Unaccompanied,Commercial associate,Higher education,Married,House / apartment,0.014464,-11206,-858,-3134,-2829,,1,1,0,1,1,0,,2.0,2,2,SATURDAY,15,0,0,0,0,0,0,Business Entity Type 3,0.563003466,0.609556932,0.716570245,0.3794,0.1091,0.9831,0.7688,0.2668,0.08,0.069,0.3333,0.375,0.0841,0.3093,0.1551,0.0,0.1099,0.3876,0.1132,0.9831,0.7779,0.2654,0.0806,0.069,0.3333,0.375,0.0705,0.3388,0.1592,0.0,0.115,0.3836,0.1091,0.9831,0.7719,0.2696,0.08,0.069,0.3333,0.375,0.0824,0.3151,0.1583,0.0,0.1111,reg oper account,block of flats,0.1438,Panel,No,2.0,1.0,2.0,1.0,-672.0,0,0,0,1,0,0,0,0,0,0,0,0,0,0,0,0,0,0,0,0,0.0,0.0,0.0,0.0,0.0,3.0
156659,6/24/2018,0,Cash loans,F,Y,Y,1,225000.0,808650.0,26217.0,675000.0,"Spouse, partner",Commercial associate,Secondary / secondary special,Married,House / apartment,0.011657,-14714,-3666,-8736,-554,15.0,1,1,0,1,0,0,Medicine staff,3.0,1,1,FRIDAY,11,0,0,0,0,0,0,Medicine,0.619486419,0.684515349,0.53527625,0.0165,0.0443,0.9801,,,0.0,0.2759,0.0417,,0.0071,,0.0105,,0.0,0.0168,0.046,0.9801,,,0.0,0.2759,0.0417,,0.0073,,0.0109,,0.0,0.0167,0.0443,0.9801,,,0.0,0.2759,0.0417,,0.0073,,0.0107,,0.0,,block of flats,0.0133,Panel,No,0.0,0.0,0.0,0.0,0.0,0,1,0,0,0,0,0,0,0,0,0,0,0,0,0,0,0,0,0,0,0.0,0.0,0.0,0.0,0.0,0.0
153615,6/14/2018,0,Cash loans,M,Y,N,3,202500.0,900000.0,32017.5,900000.0,Unaccompanied,State servant,Secondary / secondary special,Married,House / apartment,0.026392,-14809,-2673,-6688,-4514,1.0,1,1,0,1,0,0,Core staff,5.0,2,2,MONDAY,11,0,0,0,0,1,1,Police,0.418433465,0.595728393,0.691021227,,,,,,,,,,,,,,,,,,,,,,,,,,,,,,,,,,,,,,,,,,,,,,,,0.0,0.0,0.0,0.0,-1261.0,0,1,0,0,0,0,0,0,0,0,0,0,0,0,0,0,0,0,0,0,0.0,0.0,0.0,1.0,0.0,2.0
157688,6/27/2018,0,Cash loans,F,N,Y,1,135000.0,545040.0,20677.5,450000.0,Children,Working,Secondary / secondary special,Separated,House / apartment,0.025164,-13868,-807,-4305,-4783,,1,1,0,1,0,0,,2.0,2,2,WEDNESDAY,12,0,0,0,0,0,0,Business Entity Type 1,0.666290644,0.551318688,0.370649632,0.0,,0.0,,,0.0,,,,,,0.0242,,,0.0,,0.0005,,,0.0,,,,,,0.0252,,,0.0,,0.0,,,0.0,,,,,,0.0246,,,,,0.0238,,No,4.0,0.0,4.0,0.0,-1221.0,0,1,0,0,0,0,0,0,0,0,0,0,0,0,0,0,0,0,0,0,0.0,0.0,0.0,0.0,1.0,6.0
117231,2/22/2018,0,Cash loans,M,N,Y,0,225000.0,446931.0,21865.5,369000.0,Unaccompanied,Working,Secondary / secondary special,Married,House / apartment,0.00702,-15788,-1435,-2752,-5234,,1,1,0,1,0,0,Drivers,2.0,2,2,SATURDAY,16,0,0,0,1,1,0,Self-employed,0.3586901,0.669691405,0.358951229,,,,,,,,,,,,,,,,,,,,,,,,,,,,,,,,,,,,,,,,,,,,,,,,0.0,0.0,0.0,0.0,-154.0,0,0,0,0,0,0,1,0,0,0,0,0,0,0,0,0,0,0,0,0,0.0,0.0,0.0,0.0,1.0,4.0
131289,4/6/2018,0,Cash loans,F,Y,Y,2,166500.0,225000.0,8613.0,225000.0,Unaccompanied,Working,Secondary / secondary special,Married,House / apartment,0.008866,-13033,-606,-524,-3203,16.0,1,1,0,1,0,0,Waiters/barmen staff,4.0,2,2,TUESDAY,14,0,0,0,0,0,0,Restaurant,0.494398803,0.44729525,0.417099668,0.067,0.0801,0.9757,0.6668,0.0083,0.0,0.1379,0.1667,0.2083,0.0463,0.0538,0.0663,0.0039,0.0,0.0683,0.0831,0.9757,0.6798,0.0084,0.0,0.1379,0.1667,0.2083,0.0473,0.0588,0.0691,0.0039,0.0,0.0677,0.0801,0.9757,0.6713,0.0084,0.0,0.1379,0.1667,0.2083,0.0471,0.0547,0.0675,0.0039,0.0,reg oper account,block of flats,0.0567,"Stone, brick",No,5.0,0.0,5.0,0.0,-145.0,0,1,0,0,0,0,0,0,0,0,0,0,0,0,0,0,0,0,0,0,0.0,0.0,0.0,0.0,0.0,6.0
134939,4/18/2018,0,Cash loans,F,N,N,0,180000.0,1125171.0,44622.0,1035000.0,Unaccompanied,Commercial associate,Secondary / secondary special,Married,Municipal apartment,0.032561,-16042,-368,-1737,-4224,,1,1,1,1,1,0,,2.0,1,1,TUESDAY,20,0,0,0,0,0,0,Kindergarten,,0.779968793,0.639707568,,,,,,,,,,,,,,,,,,,,,,,,,,,,,,,,,,,,,,,,,,,,,,,,0.0,0.0,0.0,0.0,-1466.0,0,1,0,0,0,0,0,0,0,0,0,0,0,0,0,0,0,0,0,0,0.0,0.0,0.0,0.0,0.0,0.0
100365,1/2/2018,0,Cash loans,F,N,Y,0,247500.0,517788.0,19647.0,427500.0,Unaccompanied,Pensioner,Higher education,Married,House / apartment,0.010032,-20435,365243,-2565,-3916,,1,0,0,1,0,0,,2.0,2,2,FRIDAY,4,0,0,0,0,0,0,XNA,,0.669967068,0.263646813,0.0715,0.0988,0.9742,0.6464,,0.0,0.1379,0.1667,,,,0.0442,,,0.0609,0.066,0.9717,0.6276,,0.0,0.1034,0.1667,,,,0.0346,,,0.0666,0.0805,0.9752,0.6645,,0.0,0.1379,0.1667,,,,0.0341,,,reg oper account,block of flats,0.0395,"Stone, brick",No,0.0,0.0,0.0,0.0,-358.0,0,1,0,0,0,0,0,0,0,0,0,0,0,0,0,0,0,0,0,0,0.0,0.0,0.0,1.0,1.0,4.0
126970,3/24/2018,0,Cash loans,M,N,Y,2,157500.0,254700.0,27558.0,225000.0,Unaccompanied,Working,Lower secondary,Married,House / apartment,0.019101,-13093,-638,-997,-4021,,1,1,0,1,0,0,Laborers,4.0,2,2,SATURDAY,12,0,1,1,0,1,1,Construction,0.366182158,0.254262071,0.612704244,,,,,,,,,,,,,,,,,,,,,,,,,,,,,,,,,,,,,,,,,,,,,,,,4.0,0.0,4.0,0.0,-185.0,0,1,0,0,0,0,0,0,0,0,0,0,0,0,0,0,0,0,0,0,0.0,0.0,0.0,0.0,0.0,1.0
144896,5/19/2018,0,Cash loans,F,N,Y,1,225000.0,1354500.0,56029.5,1354500.0,Family,Working,Secondary / secondary special,Married,House / apartment,0.026392,-17293,-2051,-6495,-797,,1,1,0,1,1,1,,3.0,2,2,TUESDAY,17,0,0,0,0,1,1,Business Entity Type 3,0.683156305,0.580862636,0.69562193,0.0371,0.0335,0.9672,,,0.0,0.1034,0.0833,,0.0332,,0.0315,,0.0009,0.0378,0.0347,0.9672,,,0.0,0.1034,0.0833,,0.0339,,0.0328,,0.001,0.0375,0.0335,0.9672,,,0.0,0.1034,0.0833,,0.0337,,0.032,,0.001,,block of flats,0.0286,"Stone, brick",No,5.0,0.0,5.0,0.0,-730.0,0,1,0,0,0,0,0,0,0,0,0,0,0,0,0,0,0,0,0,0,0.0,0.0,0.0,1.0,0.0,1.0
148784,5/31/2018,0,Cash loans,M,Y,Y,0,157500.0,417024.0,27094.5,360000.0,Unaccompanied,Working,Higher education,Single / not married,House / apartment,0.003813,-8736,-1539,-7903,-1067,64.0,1,1,0,1,0,0,Laborers,1.0,2,2,TUESDAY,8,0,0,0,0,0,0,Transport: type 2,0.150791719,0.66713237,0.684827659,,,,,,,,,,,,,,,,,,,,,,,,,,,,,,,,,,,,,,,,,,,,,,,,0.0,0.0,0.0,0.0,-144.0,0,1,0,0,0,0,0,0,0,0,0,0,0,0,0,0,0,0,0,0,0.0,0.0,0.0,0.0,1.0,1.0
128467,3/29/2018,0,Cash loans,F,N,Y,0,130500.0,193500.0,7294.5,193500.0,Unaccompanied,Working,Secondary / secondary special,Married,House / apartment,0.030755,-17518,-858,-8060,-1058,,1,1,0,1,0,0,Sales staff,2.0,2,2,THURSDAY,10,0,0,0,0,0,0,Business Entity Type 3,0.614217571,0.557169581,0.7136314,,,,,,,,,,,,,,,,,,,,,,,,,,,,,,,,,,,,,,,,,,,,,,,,0.0,0.0,0.0,0.0,-298.0,0,1,0,0,0,0,0,0,0,0,0,0,0,0,0,0,0,0,0,0,0.0,0.0,0.0,0.0,0.0,2.0
146174,5/22/2018,0,Revolving loans,M,N,N,0,270000.0,720000.0,36000.0,720000.0,Unaccompanied,Commercial associate,Higher education,Single / not married,House / apartment,0.072508,-20225,-5353,-218,-3530,,1,1,0,1,0,0,High skill tech staff,1.0,1,1,THURSDAY,15,0,1,1,0,0,0,Industry: type 9,0.648684374,0.639183704,0.452533559,0.0906,0.1112,0.9806,0.8368,0.2823,0.0684,0.0345,0.5,0.7637,0.0445,0.0902,0.0934,0.0064,0.0314,0.0756,0.0311,0.9752,0.7779,0.1722,0.0403,0.0345,0.3333,0.6667,0.0375,0.0983,0.0534,0.0039,0.0,0.0749,0.0305,0.9757,0.7853,0.1807,0.04,0.0345,0.3333,0.6667,0.0418,0.0915,0.0525,0.0039,0.0032,reg oper account,block of flats,0.2903,Panel,No,,,,,-87.0,0,0,0,0,0,0,0,0,0,0,0,0,0,0,0,0,0,0,0,0,0.0,0.0,0.0,0.0,2.0,0.0
122923,3/11/2018,0,Cash loans,F,N,Y,0,225000.0,1078200.0,31653.0,900000.0,Unaccompanied,Working,Secondary / secondary special,Married,House / apartment,0.010966,-17883,-4159,-20,-1379,,1,1,0,1,0,0,Core staff,2.0,2,2,WEDNESDAY,19,0,0,0,0,1,1,Trade: type 7,0.762233107,0.620486259,0.72239289,0.2443,0.0514,0.9995,,0.0495,0.12,0.1034,0.375,0.4167,0.0878,0.1992,0.1866,0.0,0.0,0.2489,0.0533,0.9995,,0.05,0.1208,0.1034,0.375,0.4167,0.0898,0.2176,0.1944,0.0,0.0,0.2467,0.0514,0.9995,,0.0498,0.12,0.1034,0.375,0.4167,0.0894,0.2027,0.19,0.0,0.0,not specified,block of flats,0.1739,"Stone, brick",No,0.0,0.0,0.0,0.0,-1452.0,0,1,0,0,0,0,0,0,0,0,0,0,0,0,0,0,0,0,0,0,0.0,0.0,0.0,0.0,0.0,1.0
115798,2/18/2018,0,Cash loans,F,N,N,0,216000.0,783000.0,46755.0,783000.0,Family,Pensioner,Secondary / secondary special,Married,House / apartment,0.026392,-22871,365243,-7959,-4192,,1,0,0,1,0,0,,2.0,2,2,THURSDAY,15,0,0,0,0,0,0,XNA,,0.730092488,,0.0557,0.0675,0.9886,,,0.08,0.069,0.3333,,0.0502,,0.073,,0.0,0.0567,0.0701,0.9886,,,0.0806,0.069,0.3333,,0.0514,,0.0761,,0.0,0.0562,0.0675,0.9886,,,0.08,0.069,0.3333,,0.0511,,0.0743,,0.0,,block of flats,0.0574,Panel,No,0.0,0.0,0.0,0.0,-2198.0,0,1,0,0,0,0,0,0,0,0,0,0,0,0,0,0,0,0,0,0,0.0,0.0,0.0,0.0,1.0,4.0
155325,6/20/2018,0,Cash loans,F,N,Y,0,112500.0,1502941.5,52371.0,1372500.0,Family,Commercial associate,Secondary / secondary special,Married,House / apartment,0.00963,-12546,-3010,-819,-2452,,1,1,0,1,0,0,Sales staff,2.0,2,2,THURSDAY,11,0,0,0,0,0,0,Self-employed,0.562957795,0.46590863,0.403141677,,,,,,,,,,,,,,,,,,,,,,,,,,,,,,,,,,,,,,,,,,,,,,,,0.0,0.0,0.0,0.0,-348.0,0,1,0,0,0,0,0,0,0,0,0,0,0,0,0,0,0,0,0,0,0.0,0.0,0.0,0.0,1.0,5.0
150384,6/4/2018,0,Cash loans,F,N,Y,2,112500.0,245268.0,16389.0,202500.0,Unaccompanied,Commercial associate,Secondary / secondary special,Married,House / apartment,0.072508,-10276,-2782,-4618,-2807,,1,1,0,1,1,0,Laborers,4.0,1,1,TUESDAY,18,0,0,0,0,0,0,Business Entity Type 3,0.564546951,0.592031222,0.404878364,0.034,0.0441,0.9702,0.592,0.0078,0.0,0.069,0.1667,0.2083,0.0544,0.0277,0.0409,0.0309,0.0687,0.0347,0.0458,0.9702,0.608,0.0079,0.0,0.069,0.1667,0.2083,0.0557,0.0303,0.0426,0.0311,0.0728,0.0344,0.0441,0.9702,0.5975,0.0078,0.0,0.069,0.1667,0.2083,0.0554,0.0282,0.0416,0.0311,0.0702,reg oper account,block of flats,0.0471,"Stone, brick",No,0.0,0.0,0.0,0.0,-1652.0,0,1,0,0,0,0,0,0,0,0,0,0,0,0,0,0,0,0,0,0,0.0,0.0,0.0,1.0,0.0,4.0
133661,4/14/2018,0,Cash loans,F,N,N,0,202500.0,641173.5,28372.5,553500.0,Unaccompanied,Working,Higher education,Single / not married,Rented apartment,0.019101,-19586,-1309,-909,-3131,,1,1,0,1,1,1,Managers,1.0,2,2,THURSDAY,11,0,0,0,1,1,0,Business Entity Type 3,0.870664195,0.560797584,0.429423684,,,,,,,,,,,,,,,,,,,,,,,,,,,,,,,,,,,,,,,,,,,,,,,,3.0,0.0,3.0,0.0,-393.0,0,1,0,0,0,0,0,0,0,0,0,0,0,0,0,0,0,0,0,0,0.0,0.0,0.0,1.0,0.0,1.0
147547,5/27/2018,0,Revolving loans,F,N,Y,0,157500.0,270000.0,13500.0,270000.0,Unaccompanied,Working,Incomplete higher,Single / not married,House / apartment,0.035792,-8219,-1623,-3057,-853,,1,1,0,1,0,0,Laborers,1.0,2,2,WEDNESDAY,13,0,0,0,0,0,0,Trade: type 7,0.285212684,0.042167097,0.355638717,0.057,0.0571,0.9831,0.7688,0.0145,0.0,0.1241,0.1667,0.2083,0.0317,0.0479,0.0531,0.0,0.0147,0.0735,0.0458,0.9796,0.7321,0.0079,0.0,0.1379,0.1667,0.2083,0.0155,0.0643,0.0462,0.0,0.0,0.0578,0.0552,0.9796,0.7249,0.0091,0.0,0.1379,0.1667,0.2083,0.0344,0.0547,0.0512,0.0,0.0,reg oper account,block of flats,0.0348,"Stone, brick",No,0.0,0.0,0.0,0.0,-99.0,0,0,0,0,0,0,0,0,0,0,0,0,0,0,0,0,0,0,0,0,0.0,0.0,0.0,0.0,0.0,1.0
151805,6/9/2018,0,Revolving loans,F,N,Y,1,90000.0,180000.0,9000.0,180000.0,Unaccompanied,Commercial associate,Incomplete higher,Married,House / apartment,0.04622,-9302,-116,-4149,-1123,,1,1,0,1,1,0,,3.0,1,1,MONDAY,12,0,0,0,0,1,1,Hotel,0.188002377,0.42869453,,0.1649,0.0956,0.9876,0.83,,0.16,0.1379,0.375,0.4167,0.1199,0.1345,0.1632,0.0,0.0,0.1681,0.0992,0.9876,0.8367,,0.1611,0.1379,0.375,0.4167,0.1227,0.1469,0.1701,0.0,0.0,0.1665,0.0956,0.9876,0.8323,,0.16,0.1379,0.375,0.4167,0.122,0.1368,0.1662,0.0,0.0,reg oper account,block of flats,0.1591,Panel,No,2.0,0.0,2.0,0.0,-535.0,0,0,0,0,0,0,0,0,0,0,0,0,0,0,0,0,0,0,0,0,0.0,0.0,0.0,0.0,0.0,1.0
126877,3/24/2018,0,Cash loans,F,N,Y,0,81000.0,373140.0,20965.5,337500.0,Unaccompanied,Working,Secondary / secondary special,Married,House / apartment,0.026392,-15714,-4352,-6283,-4342,,1,1,1,1,1,1,Cooking staff,2.0,2,2,FRIDAY,11,0,0,0,0,1,1,Medicine,,0.713855129,0.798137231,,,,,,,,,,,,,,,,,,,,,,,,,,,,,,,,,,,,,,,,,,,,,,,,4.0,3.0,4.0,2.0,0.0,0,1,0,0,0,0,0,0,0,0,0,0,0,0,0,0,0,0,0,0,0.0,0.0,0.0,0.0,0.0,0.0
139236,5/1/2018,0,Cash loans,M,Y,Y,0,189000.0,634482.0,23440.5,454500.0,Unaccompanied,Working,Secondary / secondary special,Married,House / apartment,0.011703,-16691,-8616,-8661,-233,2.0,1,1,0,1,1,0,Laborers,2.0,2,2,THURSDAY,14,0,0,0,0,0,0,Industry: type 5,,0.769218806,0.50648424,0.0165,0.0319,0.9692,,,0.0,0.069,0.0417,,0.0195,,0.0139,,0.0,0.0168,0.0331,0.9692,,,0.0,0.069,0.0417,,0.0199,,0.0145,,0.0,0.0167,0.0319,0.9692,,,0.0,0.069,0.0417,,0.0198,,0.0142,,0.0,,block of flats,0.0122,Block,No,2.0,0.0,2.0,0.0,-2928.0,0,1,0,0,0,0,0,0,0,0,0,0,0,0,0,0,0,0,0,0,0.0,0.0,0.0,0.0,0.0,8.0
130175,4/3/2018,0,Cash loans,F,N,N,1,225000.0,239850.0,25578.0,225000.0,Unaccompanied,Working,Higher education,Married,House / apartment,0.031329,-14300,-1612,-4252,-4252,,1,1,0,1,1,0,Core staff,3.0,2,2,FRIDAY,17,0,0,0,0,0,0,Business Entity Type 3,0.660978904,0.658206819,0.598926218,0.2629,,0.9886,,,0.32,0.2414,0.4583,,,,0.3015,,0.0,0.2679,,0.9886,,,0.3222,0.2414,0.4583,,,,0.3141,,0.0,0.2654,,0.9886,,,0.32,0.2414,0.4583,,,,0.3069,,0.0,,block of flats,0.2371,,No,0.0,0.0,0.0,0.0,-1329.0,0,1,0,0,0,0,0,0,0,0,0,0,0,0,0,0,0,0,0,0,0.0,0.0,0.0,0.0,0.0,0.0
152968,6/12/2018,0,Cash loans,F,Y,Y,0,540000.0,1668555.0,108018.0,1575000.0,Family,Pensioner,Higher education,Married,House / apartment,0.016612,-22923,365243,-5077,-3853,3.0,1,0,0,1,1,0,,2.0,2,2,THURSDAY,17,0,0,0,0,0,0,XNA,,0.703216479,0.72383699,0.0361,0.0131,0.9727,0.626,0.0208,0.0,0.069,0.125,0.1667,0.0129,0.0252,0.0211,0.0193,0.0113,0.0368,0.0136,0.9727,0.6406,0.021,0.0,0.069,0.125,0.1667,0.0132,0.0275,0.022,0.0195,0.012,0.0364,0.0131,0.9727,0.631,0.0209,0.0,0.069,0.125,0.1667,0.0131,0.0257,0.0215,0.0194,0.0116,reg oper account,block of flats,0.0305,"Stone, brick",No,0.0,0.0,0.0,0.0,-1232.0,0,0,0,0,1,0,0,0,0,0,0,0,0,0,0,0,0,0,0,0,0.0,0.0,0.0,0.0,0.0,0.0
124777,3/17/2018,0,Cash loans,F,N,N,0,112500.0,450000.0,22977.0,450000.0,Unaccompanied,Working,Secondary / secondary special,Single / not married,House / apartment,0.005084,-17503,-5601,-6152,-1040,,1,1,1,1,1,0,Laborers,1.0,2,2,SATURDAY,10,0,0,0,0,0,0,Housing,,0.623006209,,0.0464,0.0439,0.9801,0.728,0.0299,0.0,0.1034,0.1667,0.125,0.0285,0.0378,0.0387,0.0,0.0,0.0315,0.0271,0.9801,0.7387,0.0122,0.0,0.069,0.1667,0.0417,0.0153,0.0275,0.0265,0.0,0.0,0.0468,0.0439,0.9801,0.7316,0.0301,0.0,0.1034,0.1667,0.125,0.029,0.0385,0.0394,0.0,0.0,reg oper spec account,block of flats,0.0266,Panel,No,0.0,0.0,0.0,0.0,-2531.0,0,1,0,0,0,0,0,0,0,0,0,0,0,0,0,0,0,0,0,0,0.0,0.0,0.0,0.0,0.0,1.0
152504,6/11/2018,0,Cash loans,F,N,Y,1,81000.0,432661.5,30897.0,373500.0,"Spouse, partner",Commercial associate,Higher education,Married,House / apartment,0.011703,-11274,-102,-11143,-2115,,1,1,0,1,0,1,Accountants,3.0,2,2,FRIDAY,17,0,0,0,0,0,0,Transport: type 4,0.290237867,0.69997056,0.546023197,,,,,,,,,,,,,,,,,,,,,,,,,,,,,,,,,,,,,,,,,,,,,,,,0.0,0.0,0.0,0.0,0.0,0,1,0,0,0,0,0,0,0,0,0,0,0,0,0,0,0,0,0,0,0.0,0.0,0.0,0.0,0.0,9.0
114849,2/15/2018,0,Revolving loans,F,N,Y,0,90000.0,180000.0,9000.0,180000.0,Unaccompanied,Working,Secondary / secondary special,Civil marriage,House / apartment,0.020713,-10037,-653,-4098,-2668,,1,1,0,1,0,0,,2.0,3,3,THURSDAY,12,0,0,0,0,1,1,Other,,0.426173864,,0.1361,0.1548,0.9856,0.8028,0.0246,0.0,0.3793,0.1667,0.2083,0.1134,0.1093,0.148,0.0077,0.8747,0.1387,0.1607,0.9856,0.8105,0.0248,0.0,0.3793,0.1667,0.2083,0.116,0.1194,0.1542,0.0078,0.926,0.1374,0.1548,0.9856,0.8054,0.0248,0.0,0.3793,0.1667,0.2083,0.1154,0.1112,0.1506,0.0078,0.893,reg oper account,block of flats,0.1189,"Stone, brick",No,,,,,-519.0,0,0,0,0,0,0,0,0,0,0,0,0,0,0,0,0,0,0,0,0,,,,,,
157587,6/27/2018,0,Cash loans,F,Y,Y,1,135000.0,540000.0,29425.5,540000.0,"Spouse, partner",Commercial associate,Secondary / secondary special,Civil marriage,House / apartment,0.035792,-13602,-2382,-6658,-4460,17.0,1,1,0,1,0,0,Core staff,3.0,2,2,WEDNESDAY,14,0,0,0,0,1,1,Kindergarten,0.791181807,0.460542046,0.669056695,,,,,,,,,,,,,,,,,,,,,,,,,,,,,,,,,,,,,,,,,,,,,,,,1.0,1.0,1.0,1.0,-1721.0,0,1,0,0,0,0,0,0,0,0,0,0,0,0,0,0,0,0,0,0,0.0,0.0,1.0,0.0,0.0,1.0
109045,1/28/2018,0,Cash loans,F,N,Y,0,135000.0,126000.0,15678.0,126000.0,Unaccompanied,Commercial associate,Secondary / secondary special,Married,House / apartment,0.04622,-15519,-2759,-425,-497,,1,1,1,1,0,0,Laborers,2.0,1,1,TUESDAY,10,0,1,1,0,1,1,Business Entity Type 3,0.577762017,0.732331671,0.472253343,0.0041,0.0,0.9513,0.3336,0.0017,0.0,0.069,0.0417,0.0417,0.037,0.0034,0.0223,0.0,0.0,0.0042,0.0,0.9513,0.3597,0.0017,0.0,0.069,0.0417,0.0417,0.0379,0.0037,0.0233,0.0,0.0,0.0042,0.0,0.9513,0.3425,0.0017,0.0,0.069,0.0417,0.0417,0.0377,0.0034,0.0227,0.0,0.0,reg oper account,block of flats,0.0185,"Stone, brick",No,0.0,0.0,0.0,0.0,-341.0,0,1,0,0,0,0,0,0,0,0,0,0,0,0,0,0,0,0,0,0,0.0,0.0,0.0,0.0,1.0,2.0
109704,1/30/2018,0,Revolving loans,F,Y,Y,2,90000.0,270000.0,13500.0,270000.0,Unaccompanied,Commercial associate,Secondary / secondary special,Married,House / apartment,0.00712,-15404,-2355,-305,-1551,11.0,1,1,0,1,0,0,High skill tech staff,4.0,2,2,TUESDAY,14,0,0,0,0,0,0,Trade: type 6,0.856860505,0.262258369,0.626304277,,,,,,,,,,,,,,,,,,,,,,,,,,,,,,,,,,,,,,,,,,,,,,,,1.0,0.0,1.0,0.0,-2516.0,0,0,0,0,0,0,0,0,0,0,0,0,0,0,0,0,0,0,0,0,0.0,0.0,0.0,0.0,2.0,3.0
121426,3/7/2018,0,Cash loans,F,N,N,0,139500.0,1350000.0,46926.0,1350000.0,Unaccompanied,Commercial associate,Secondary / secondary special,Married,House / apartment,0.035792,-20429,-698,-7047,-2960,,1,1,1,1,0,0,Cooking staff,2.0,2,2,FRIDAY,14,0,0,0,0,0,0,Self-employed,,0.781839478,0.465069215,0.1062,0.1182,0.9742,0.6464,0.0893,0.0,0.2069,0.1667,0.2083,0.0448,0.0841,0.0835,0.0116,0.0587,0.1082,0.1226,0.9742,0.6602,0.0901,0.0,0.2069,0.1667,0.2083,0.0458,0.0918,0.087,0.0117,0.0621,0.1072,0.1182,0.9742,0.6511,0.0898,0.0,0.2069,0.1667,0.2083,0.0455,0.0855,0.085,0.0116,0.0599,reg oper account,block of flats,0.0786,"Stone, brick",No,0.0,0.0,0.0,0.0,-550.0,0,1,0,0,0,0,0,0,0,0,0,0,0,0,0,0,0,0,0,0,0.0,0.0,1.0,1.0,1.0,0.0
126110,3/21/2018,0,Cash loans,F,N,Y,1,81000.0,143910.0,16366.5,135000.0,Unaccompanied,Working,Secondary / secondary special,Married,House / apartment,0.020246,-16802,-1322,-1609,-341,,1,1,1,1,1,0,Laborers,3.0,3,3,TUESDAY,13,0,0,0,0,0,0,Industry: type 3,,0.279878243,0.517296581,,,,,,,,,,,,,,,,,,,,,,,,,,,,,,,,,,,,,,,,,,,,,,,,1.0,1.0,1.0,1.0,-1596.0,0,1,0,0,0,0,0,0,0,0,0,0,0,0,0,0,0,0,0,0,0.0,0.0,0.0,0.0,0.0,0.0
118963,2/27/2018,0,Cash loans,F,N,Y,0,166500.0,317443.5,15399.0,256500.0,Family,Pensioner,Secondary / secondary special,Single / not married,House / apartment,0.018634,-21620,365243,-1630,-5154,,1,0,0,1,0,0,,1.0,2,2,THURSDAY,12,0,0,0,0,0,0,XNA,,0.591555785,0.168416171,0.0928,0.0753,0.9781,0.7008,0.036,0.0,0.2069,0.1667,0.0417,0.0632,0.0756,0.0785,0.0,0.0,0.0945,0.0782,0.9782,0.7125,0.0364,0.0,0.2069,0.1667,0.0417,0.0646,0.0826,0.0818,0.0,0.0,0.0937,0.0753,0.9781,0.7048,0.0363,0.0,0.2069,0.1667,0.0417,0.0643,0.077,0.0799,0.0,0.0,reg oper spec account,block of flats,0.0626,"Stone, brick",No,0.0,0.0,0.0,0.0,-348.0,0,1,0,0,0,0,0,0,0,0,0,0,0,0,0,0,0,0,0,0,0.0,0.0,0.0,2.0,1.0,6.0
117740,2/24/2018,0,Cash loans,M,Y,N,0,90000.0,127350.0,12726.0,112500.0,Unaccompanied,Working,Secondary / secondary special,Single / not married,With parents,0.010643,-8574,-1012,-8574,-1110,7.0,1,1,0,1,0,0,Core staff,1.0,2,2,MONDAY,12,0,0,0,0,1,1,Police,,0.273210995,0.576208836,,,,,,,,,,,,,,,,,,,,,,,,,,,,,,,,,,,,,,,,,,,,,,,,6.0,0.0,6.0,0.0,-77.0,0,1,0,0,0,0,0,0,0,0,0,0,0,0,0,0,0,0,0,0,0.0,0.0,0.0,0.0,0.0,0.0
107681,1/24/2018,0,Cash loans,F,N,Y,1,67500.0,208512.0,24876.0,180000.0,Family,Commercial associate,Higher education,Married,House / apartment,0.022625,-11283,-620,-9994,-3453,,1,1,0,1,0,0,Sales staff,3.0,2,2,MONDAY,11,0,0,0,0,0,0,Self-employed,0.560108884,0.197837119,0.349055251,0.0773,0.0,0.9861,0.8096,0.0247,0.0,0.2069,0.1667,0.0417,0.0458,0.063,0.0577,0.0,0.0892,0.0788,0.0,0.9861,0.8171,0.0249,0.0,0.2069,0.1667,0.0417,0.0468,0.0689,0.0601,0.0,0.0944,0.0781,0.0,0.9861,0.8121,0.0248,0.0,0.2069,0.1667,0.0417,0.0466,0.0641,0.0587,0.0,0.0911,not specified,block of flats,0.0648,Panel,No,0.0,0.0,0.0,0.0,-180.0,0,1,0,0,0,0,0,0,0,0,0,0,0,0,0,0,0,0,0,0,0.0,0.0,0.0,2.0,0.0,2.0
144131,5/16/2018,0,Cash loans,M,Y,Y,2,270000.0,1288350.0,37669.5,1125000.0,Unaccompanied,Commercial associate,Secondary / secondary special,Married,House / apartment,0.072508,-17764,-207,-9997,-1017,7.0,1,1,0,1,1,0,Laborers,4.0,1,1,WEDNESDAY,17,0,0,0,0,0,0,Business Entity Type 2,0.396783749,0.722752759,0.67224289,0.2959,0.1119,0.9831,0.7076,0.084,0.24,0.2069,0.3333,0.375,0.0,0.2152,0.2644,0.027,0.1936,0.2763,0.0908,0.9791,0.719,0.0848,0.1611,0.1379,0.3333,0.375,0.0,0.2351,0.1374,0.0272,0.1025,0.2987,0.1119,0.9831,0.7115,0.0845,0.24,0.2069,0.3333,0.375,0.0,0.2189,0.2692,0.0272,0.1976,reg oper account,block of flats,0.3753,Panel,No,0.0,0.0,0.0,0.0,0.0,0,0,0,0,0,0,1,0,0,0,0,0,0,0,0,0,0,0,0,0,0.0,0.0,0.0,0.0,0.0,3.0
122040,3/9/2018,0,Cash loans,F,N,Y,3,40500.0,284400.0,16456.5,225000.0,"Spouse, partner",Working,Secondary / secondary special,Married,House / apartment,0.025164,-10541,-1177,-1673,-1964,,1,1,0,1,0,0,Core staff,5.0,2,2,TUESDAY,9,0,0,0,0,0,0,Postal,,0.250564839,,0.1206,0.1219,0.9767,,,0.0,0.2069,0.1667,,0.0237,,0.1122,,0.0,0.1229,0.1265,0.9767,,,0.0,0.2069,0.1667,,0.0243,,0.1169,,0.0,0.1218,0.1219,0.9767,,,0.0,0.2069,0.1667,,0.0241,,0.1143,,0.0,,block of flats,0.0883,Panel,No,4.0,1.0,4.0,0.0,-301.0,0,1,0,0,0,0,0,0,0,0,0,0,0,0,0,0,0,0,0,0,,,,,,
106847,1/21/2018,0,Revolving loans,F,N,Y,0,112500.0,630000.0,31500.0,630000.0,Unaccompanied,Working,Secondary / secondary special,Married,House / apartment,0.028663,-19314,-4028,-9648,-2850,,1,1,0,1,0,0,Medicine staff,2.0,2,2,THURSDAY,11,0,0,0,0,0,0,Medicine,,0.722827244,0.477649155,0.0619,0.0583,0.9791,,,0.0,0.1034,0.1667,,0.0,,0.0514,,0.0,0.063,0.0605,0.9791,,,0.0,0.1034,0.1667,,0.0,,0.0536,,0.0,0.0625,0.0583,0.9791,,,0.0,0.1034,0.1667,,0.0,,0.0524,,0.0,,block of flats,0.0677,Panel,No,6.0,0.0,6.0,0.0,-2075.0,0,0,0,0,0,0,0,0,0,0,0,0,0,0,0,0,0,0,0,0,0.0,0.0,0.0,0.0,0.0,6.0
116636,2/20/2018,0,Cash loans,M,N,Y,0,157500.0,396000.0,19260.0,396000.0,Unaccompanied,Working,Secondary / secondary special,Married,House / apartment,0.00496,-11292,-1169,-5279,-3872,,1,1,1,1,0,0,Laborers,2.0,2,2,SATURDAY,11,0,0,0,0,1,1,Business Entity Type 2,,0.27884809,0.669056695,,,,,,,,,,,,,,,,,,,,,,,,,,,,,,,,,,,,,,,,,,,,,,,,0.0,0.0,0.0,0.0,0.0,0,1,0,0,0,0,0,0,0,0,0,0,0,0,0,0,0,0,0,0,0.0,0.0,0.0,0.0,0.0,1.0
134254,4/16/2018,0,Cash loans,F,Y,Y,2,202500.0,852088.5,36229.5,688500.0,Unaccompanied,State servant,Higher education,Single / not married,House / apartment,0.006629,-13452,-235,-103,-1909,7.0,1,1,0,1,0,0,Accountants,3.0,2,2,MONDAY,10,0,0,0,0,0,0,Business Entity Type 3,0.396320502,0.626036742,0.792264474,,,,,,,,,,,,,,,,,,,,,,,,,,,,,,,,,,,,,,,,,,,,,,,,0.0,0.0,0.0,0.0,-1725.0,0,1,0,0,0,0,0,0,0,0,0,0,0,0,0,0,0,0,0,0,0.0,0.0,0.0,0.0,0.0,4.0
156099,6/22/2018,0,Cash loans,F,N,Y,0,247500.0,594081.0,23557.5,531000.0,Unaccompanied,Pensioner,Secondary / secondary special,Widow,House / apartment,0.00823,-22600,365243,-10629,-4285,,1,0,0,1,0,0,,1.0,2,2,TUESDAY,10,0,0,0,0,0,0,XNA,,0.468891745,0.549596502,,0.1132,0.9801,,,,0.2759,0.1667,,,,0.1193,,0.0262,,0.1175,0.9801,,,,0.2759,0.1667,,,,0.1243,,0.0278,,0.1132,0.9801,,,,0.2759,0.1667,,,,0.1215,,0.0268,,,0.1117,Panel,No,0.0,0.0,0.0,0.0,-1489.0,0,1,0,0,0,0,0,0,0,0,0,0,0,0,0,0,0,0,0,0,0.0,0.0,0.0,0.0,0.0,3.0
107392,1/23/2018,0,Cash loans,F,Y,Y,0,450000.0,1575000.0,60120.0,1575000.0,Unaccompanied,Pensioner,Higher education,Separated,House / apartment,0.030755,-18276,365243,-5676,-1771,4.0,1,0,0,1,0,0,,1.0,2,2,THURSDAY,16,0,0,0,0,0,0,XNA,,0.650615689,0.228883417,,,,,,,,,,,,,,,,,,,,,,,,,,,,,,,,,,,,,,,,,,,,,,,,3.0,0.0,3.0,0.0,0.0,0,1,0,0,0,0,0,0,0,0,0,0,0,0,0,0,0,0,0,0,0.0,0.0,0.0,0.0,1.0,6.0
113223,2/10/2018,0,Cash loans,F,Y,N,0,126000.0,971280.0,51876.0,900000.0,Unaccompanied,Working,Secondary / secondary special,Married,House / apartment,0.031329,-20903,-11347,-10007,-4079,5.0,1,1,0,1,0,0,Laborers,2.0,2,2,MONDAY,10,0,0,0,0,0,0,Industry: type 7,,0.666942957,0.834784159,0.0619,0.1011,0.9861,0.8096,0.0156,0.0,0.1379,0.1667,0.2083,0.0583,0.0504,0.0731,0.0,0.0,0.063,0.105,0.9861,0.8171,0.0157,0.0,0.1379,0.1667,0.2083,0.0596,0.0551,0.0762,0.0,0.0,0.0625,0.1011,0.9861,0.8121,0.0157,0.0,0.1379,0.1667,0.2083,0.0593,0.0513,0.0744,0.0,0.0,reg oper account,block of flats,0.066,Block,No,0.0,0.0,0.0,0.0,0.0,0,1,0,0,0,0,0,0,0,0,0,0,0,0,0,0,0,0,0,0,0.0,0.0,0.0,0.0,0.0,2.0
141381,5/8/2018,0,Cash loans,F,N,N,1,360000.0,1113840.0,47322.0,900000.0,Unaccompanied,Working,Higher education,Civil marriage,House / apartment,0.031329,-11356,-359,-3989,-3774,,1,1,0,1,0,0,High skill tech staff,3.0,2,2,TUESDAY,8,0,0,0,1,1,0,Business Entity Type 3,0.543190837,0.679916801,0.425892898,,,,,,,,,,,,,,,,,,,,,,,,,,,,,,,,,,,,,,,,,,,,,,,,1.0,0.0,1.0,0.0,-1505.0,0,1,0,0,0,0,0,0,0,0,0,0,0,0,0,0,0,0,0,0,0.0,0.0,0.0,2.0,0.0,3.0
145414,5/20/2018,0,Cash loans,F,N,N,0,112500.0,284400.0,17527.5,225000.0,Unaccompanied,Pensioner,Secondary / secondary special,Widow,Municipal apartment,0.010147,-23770,365243,-9642,-4381,,1,0,0,1,1,0,,1.0,2,2,MONDAY,15,0,0,0,0,0,0,XNA,,0.742559994,0.633031641,0.0165,,0.9742,,,,0.069,0.0417,,,,0.0113,,,0.0168,,0.9742,,,,0.069,0.0417,,,,0.0117,,,0.0167,,0.9742,,,,0.069,0.0417,,,,0.0115,,,,block of flats,0.0088,Wooden,No,1.0,0.0,1.0,0.0,-1412.0,0,1,0,0,0,0,0,0,0,0,0,0,0,0,0,0,0,0,0,0,0.0,0.0,0.0,2.0,1.0,4.0
104892,1/15/2018,0,Cash loans,F,N,N,0,90000.0,945000.0,24925.5,945000.0,Family,State servant,Secondary / secondary special,Married,House / apartment,0.010276,-17010,-1627,-1255,-524,,1,1,0,1,0,0,Core staff,2.0,2,2,WEDNESDAY,15,0,0,0,0,0,0,Kindergarten,0.54109101,0.652522065,0.678567689,,,,,,,,,,,,,,,,,,,,,,,,,,,,,,,,,,,,,,,,,,,,,,,,0.0,0.0,0.0,0.0,-2.0,0,0,0,0,0,0,0,1,0,0,0,0,0,0,0,0,0,0,0,0,0.0,0.0,0.0,0.0,0.0,0.0
139143,5/1/2018,0,Cash loans,M,N,Y,0,270000.0,940500.0,27499.5,940500.0,Unaccompanied,Working,Secondary / secondary special,Married,House / apartment,0.019689,-13724,-3371,-2402,-4511,,1,1,1,1,1,0,Core staff,2.0,2,2,FRIDAY,10,0,0,0,0,0,0,Business Entity Type 3,0.805037415,0.6451582,0.438281374,0.1227,0.1582,0.9801,0.728,0.0192,0.0,0.2759,0.1667,0.2083,0.0823,0.1,0.1148,0.0,0.0,0.125,0.1642,0.9801,0.7387,0.0194,0.0,0.2759,0.1667,0.2083,0.0842,0.1093,0.1197,0.0,0.0,0.1239,0.1582,0.9801,0.7316,0.0193,0.0,0.2759,0.1667,0.2083,0.0837,0.1018,0.1169,0.0,0.0,reg oper account,block of flats,0.0903,Panel,No,0.0,0.0,0.0,0.0,-1090.0,0,0,0,1,0,0,0,0,0,0,0,0,0,0,0,0,0,0,0,0,0.0,0.0,0.0,1.0,0.0,1.0
130629,4/4/2018,0,Cash loans,M,N,Y,0,76500.0,808650.0,23305.5,675000.0,Unaccompanied,Pensioner,Secondary / secondary special,Married,House / apartment,0.006852,-23354,365243,-4793,-4779,,1,0,0,1,1,0,,2.0,3,3,MONDAY,6,0,0,0,0,0,0,XNA,,0.048500978,0.481249341,,,,,,,,,,,,,,,,,,,,,,,,,,,,,,,,,,,,,,,,,,,,,,,,4.0,1.0,4.0,1.0,0.0,0,0,0,0,1,0,0,0,0,0,0,0,0,0,0,0,0,0,0,0,0.0,0.0,1.0,0.0,0.0,2.0
108258,1/26/2018,0,Cash loans,M,N,Y,1,360000.0,942300.0,30528.0,675000.0,Unaccompanied,Working,Secondary / secondary special,Married,House / apartment,0.035792,-12074,-2140,-6122,-4057,,1,1,0,1,0,0,,3.0,2,2,TUESDAY,9,0,0,0,0,1,1,Business Entity Type 3,,0.681622879,,,,,,,,,,,,,,,,,,,,,,,,,,,,,,,,,,,,,,,,,,,,,,,,,0.0,0.0,0.0,0.0,0.0,0,1,0,0,0,0,0,0,0,0,0,0,0,0,0,0,0,0,0,0,,,,,,
106535,1/20/2018,0,Cash loans,M,Y,Y,2,180000.0,284400.0,18175.5,225000.0,Unaccompanied,Commercial associate,Higher education,Married,House / apartment,0.02461,-11713,-3694,-2075,-3334,13.0,1,1,1,1,0,0,,4.0,2,2,MONDAY,16,0,0,0,0,0,0,Business Entity Type 3,0.11478194,0.666374393,0.616121691,,,,,,,,,,,,,,,,,,,,,,,,,,,,,,,,,,,,,,,,,,,,,0.0001,,No,0.0,0.0,0.0,0.0,-1223.0,0,1,0,0,0,0,0,0,0,0,0,0,0,0,0,0,0,0,0,0,0.0,0.0,0.0,2.0,0.0,3.0
138857,4/30/2018,0,Cash loans,M,Y,Y,0,171000.0,286704.0,15682.5,247500.0,Unaccompanied,Working,Secondary / secondary special,Married,House / apartment,0.006008,-15866,-1663,-308,-3879,9.0,1,1,0,1,0,0,,2.0,2,2,FRIDAY,10,0,0,0,0,0,0,Business Entity Type 2,,0.657054711,0.52629494,,,,,,,,,,,,,,,,,,,,,,,,,,,,,,,,,,,,,,,,,,,,,,,,0.0,0.0,0.0,0.0,-406.0,0,1,0,0,0,0,0,0,0,0,0,0,0,0,0,0,0,0,0,0,0.0,0.0,0.0,0.0,0.0,4.0
127088,3/24/2018,0,Cash loans,M,N,Y,0,90000.0,148140.0,11835.0,112500.0,Unaccompanied,Pensioner,Secondary / secondary special,Married,House / apartment,0.003813,-21947,365243,-3086,-536,,1,0,0,1,0,1,,2.0,2,2,WEDNESDAY,6,0,0,0,0,0,0,XNA,0.387236128,0.117000389,0.362277247,0.1144,0.0772,0.9826,,,0.0,0.1379,0.1667,,0.0196,,0.0596,,0.022,0.1166,0.0801,0.9826,,,0.0,0.1379,0.1667,,0.02,,0.0621,,0.0233,0.1155,0.0772,0.9826,,,0.0,0.1379,0.1667,,0.0199,,0.0607,,0.0225,,specific housing,0.0609,Panel,No,2.0,0.0,2.0,0.0,0.0,0,1,0,0,0,0,0,0,0,0,0,0,0,0,0,0,0,0,0,0,0.0,0.0,0.0,1.0,0.0,2.0
142105,5/10/2018,0,Cash loans,F,N,N,0,135000.0,599472.0,20619.0,517500.0,Unaccompanied,Pensioner,Higher education,Widow,House / apartment,0.018801,-23736,365243,-2883,-4549,,1,0,0,1,1,0,,1.0,2,2,WEDNESDAY,7,0,0,0,0,0,0,XNA,,0.15727333,0.678567689,0.2897,0.1553,0.9896,0.8572,0.1094,0.28,0.2414,0.375,0.4167,0.1315,0.2353,0.2993,0.0039,0.0,0.2952,0.1612,0.9896,0.8628,0.1104,0.282,0.2414,0.375,0.4167,0.1345,0.2571,0.3118,0.0039,0.0,0.2925,0.1553,0.9896,0.8591,0.1101,0.28,0.2414,0.375,0.4167,0.1338,0.2394,0.3047,0.0039,0.0,reg oper account,block of flats,0.2952,Panel,No,0.0,0.0,0.0,0.0,-1972.0,0,1,0,0,0,0,0,0,0,0,0,0,0,0,0,0,0,0,0,0,0.0,0.0,0.0,0.0,0.0,3.0
130106,4/3/2018,0,Cash loans,M,Y,Y,1,405000.0,696528.0,55161.0,630000.0,Unaccompanied,Commercial associate,Higher education,Married,House / apartment,0.022625,-16991,-610,-1000,-527,1.0,1,1,0,1,1,1,Managers,3.0,2,2,FRIDAY,14,0,0,0,1,1,0,Construction,,0.037402529,0.085595451,,,,,,,,,,,,,,,,,,,,,,,,,,,,,,,,,,,,,,,,,,,,,,,,0.0,0.0,0.0,0.0,-1674.0,0,0,0,0,0,0,1,0,0,0,0,0,0,0,0,0,0,0,0,0,0.0,0.0,0.0,1.0,0.0,3.0
113115,2/10/2018,0,Cash loans,F,N,Y,1,175500.0,1006920.0,42660.0,900000.0,Unaccompanied,Commercial associate,Higher education,Married,House / apartment,0.019689,-12478,-2953,-220,-5157,,1,1,0,1,0,0,Accountants,3.0,2,2,MONDAY,15,0,0,0,1,0,1,Self-employed,,0.277666732,0.461482391,,,,,,,,,,,,,,,,,,,,,,,,,,,,,,,,,,,,,,,,,,,,,,,,0.0,0.0,0.0,0.0,-1850.0,0,1,0,0,0,0,0,0,0,0,0,0,0,0,0,0,0,0,0,0,0.0,0.0,0.0,0.0,0.0,0.0
122966,3/12/2018,0,Cash loans,M,Y,Y,0,112500.0,862560.0,25348.5,720000.0,Unaccompanied,State servant,Secondary / secondary special,Single / not married,House / apartment,0.019689,-9029,-1036,-3829,-1344,17.0,1,1,0,1,0,0,Core staff,1.0,2,2,TUESDAY,10,0,0,0,0,0,0,Government,0.216092206,0.55343819,0.547810466,,,,,,,,,,,,,,,,,,,,,,,,,,,,,,,,,,,,,,,,,,,,,,,,2.0,1.0,2.0,1.0,-768.0,0,1,0,0,0,0,0,0,0,0,0,0,0,0,0,0,0,0,0,0,0.0,0.0,0.0,1.0,0.0,2.0
148332,5/29/2018,0,Cash loans,F,Y,Y,0,135000.0,1546020.0,45333.0,1350000.0,Family,Pensioner,Secondary / secondary special,Married,House / apartment,0.010643,-17838,365243,-8037,-1365,18.0,1,0,0,1,0,0,,2.0,2,2,FRIDAY,17,0,0,0,0,0,0,XNA,,0.677116816,0.277885689,0.0454,0.0607,0.9886,0.8436,0.0073,0.0,0.069,0.1667,0.2083,0.0926,0.037,0.0455,0.0,0.0,0.0462,0.063,0.9886,0.8497,0.0073,0.0,0.069,0.1667,0.2083,0.0947,0.0404,0.0474,0.0,0.0,0.0458,0.0607,0.9886,0.8457,0.0073,0.0,0.069,0.1667,0.2083,0.0942,0.0376,0.0463,0.0,0.0,reg oper account,block of flats,0.0398,"Stone, brick",No,0.0,0.0,0.0,0.0,-1003.0,0,0,0,0,1,0,0,0,0,0,0,0,0,0,0,0,0,0,0,0,0.0,0.0,0.0,0.0,0.0,4.0
153524,6/14/2018,0,Revolving loans,F,N,Y,1,441000.0,900000.0,45000.0,900000.0,Unaccompanied,Commercial associate,Higher education,Married,Municipal apartment,0.072508,-16036,-836,-962,-1120,,1,1,0,1,0,1,Accountants,3.0,1,1,MONDAY,19,0,0,0,0,0,0,Business Entity Type 3,0.852756564,0.734409773,0.12064103,0.5928,0.3619,0.9806,0.7348,0.0,0.64,0.5517,0.3333,0.375,0.0,0.4833,0.5728,0.0,0.0,0.604,0.3756,0.9806,0.7452,0.0,0.6445,0.5517,0.3333,0.375,0.0,0.528,0.5968,0.0,0.0,0.5985,0.3619,0.9806,0.7383,0.0,0.64,0.5517,0.3333,0.375,0.0,0.4917,0.5831,0.0,0.0,reg oper account,block of flats,0.4506,Panel,No,0.0,0.0,0.0,0.0,-830.0,0,0,0,0,0,0,0,0,0,0,0,0,0,0,0,0,0,0,0,0,0.0,0.0,0.0,0.0,0.0,0.0
114155,2/13/2018,0,Cash loans,F,N,Y,0,337500.0,536917.5,25011.0,463500.0,Unaccompanied,Working,Secondary / secondary special,Married,House / apartment,0.04622,-16420,-3462,-6,-734,,1,1,0,1,0,1,,2.0,1,1,WEDNESDAY,17,0,1,1,0,0,0,Other,0.640491164,0.729816612,,,,,,,,,,,,,,,,,,,,,,,,,,,,,,,,,,,,,,,,,,,,,,,,,1.0,0.0,1.0,0.0,0.0,0,1,0,0,0,0,0,0,0,0,0,0,0,0,0,0,0,0,0,0,0.0,0.0,0.0,1.0,0.0,0.0
154752,6/18/2018,0,Cash loans,F,N,Y,0,121500.0,544491.0,21226.5,454500.0,Unaccompanied,Commercial associate,Higher education,Single / not married,House / apartment,0.025164,-18476,-9290,-9263,-2018,,1,1,0,1,0,0,,1.0,2,2,FRIDAY,10,0,0,0,0,0,0,Business Entity Type 2,,0.658914883,0.347418227,0.1082,0.0756,0.9776,,,0.0,0.069,0.1667,,,,0.0365,,,0.1103,0.0785,0.9777,,,0.0,0.069,0.1667,,,,0.0381,,,0.1093,0.0756,0.9776,,,0.0,0.069,0.1667,,,,0.0372,,,,block of flats,0.0408,"Stone, brick",No,0.0,0.0,0.0,0.0,-3034.0,0,1,0,0,0,0,0,0,0,0,0,0,0,0,0,0,0,0,0,0,0.0,0.0,0.0,1.0,0.0,3.0
118661,2/26/2018,0,Revolving loans,M,Y,Y,1,99000.0,180000.0,9000.0,180000.0,Unaccompanied,Commercial associate,Secondary / secondary special,Married,House / apartment,0.008068,-20316,-3482,-1856,-2425,4.0,1,1,0,1,0,0,Laborers,3.0,3,3,SATURDAY,10,0,0,0,0,1,1,Other,,0.159673365,0.331250865,,,,,,,,,,,,,,,,,,,,,,,,,,,,,,,,,,,,,,,,,,,,,,,,0.0,0.0,0.0,0.0,-532.0,0,0,0,0,0,0,0,0,0,0,0,0,0,0,0,0,0,0,0,0,0.0,0.0,0.0,0.0,1.0,0.0
103423,1/11/2018,0,Cash loans,M,N,Y,0,54000.0,333621.0,26199.0,288000.0,Children,Commercial associate,Secondary / secondary special,Married,House / apartment,0.020713,-16348,-7058,-4821,-3962,,1,1,0,1,0,0,Core staff,2.0,3,3,WEDNESDAY,7,0,0,0,0,0,0,Business Entity Type 3,,0.500707113,,0.0165,0.0,0.9762,0.6736,0.0012,0.0,0.069,0.0417,0.0833,0.0241,0.0134,0.0102,0.0,0.0,0.0168,0.0,0.9762,0.6864,0.0013,0.0,0.069,0.0417,0.0833,0.0246,0.0147,0.0106,0.0,0.0,0.0167,0.0,0.9762,0.678,0.0012,0.0,0.069,0.0417,0.0833,0.0245,0.0137,0.0103,0.0,0.0,,block of flats,0.0087,Wooden,No,0.0,0.0,0.0,0.0,0.0,0,1,0,0,0,0,0,0,0,0,0,0,0,0,0,0,0,0,0,0,,,,,,
123842,3/14/2018,0,Cash loans,F,N,Y,0,90000.0,835380.0,23571.0,675000.0,Unaccompanied,Working,Secondary / secondary special,Married,House / apartment,0.018634,-19794,-6567,-10367,-3326,,1,1,0,1,0,0,Laborers,2.0,2,2,WEDNESDAY,15,0,0,0,0,0,0,Government,,0.630622577,0.8482443,,,,,,,,,,,,,,,,,,,,,,,,,,,,,,,,,,,,,,,,,,,,,,,,0.0,0.0,0.0,0.0,-1540.0,0,1,0,0,0,0,0,0,0,0,0,0,0,0,0,0,0,0,0,0,0.0,0.0,0.0,0.0,0.0,1.0
126243,3/22/2018,0,Cash loans,F,N,Y,0,54000.0,126000.0,12402.0,126000.0,Unaccompanied,Pensioner,Secondary / secondary special,Married,House / apartment,0.018801,-24778,365243,-511,-4375,,1,0,0,1,0,0,,2.0,2,2,TUESDAY,6,0,0,0,0,0,0,XNA,,0.624402183,0.76623367,0.0247,0.0157,0.999,0.9864,0.0027,0.0,0.0345,0.0833,0.125,0.0037,0.0202,0.0104,0.0,0.0,0.0252,0.0163,0.999,0.9869,0.0027,0.0,0.0345,0.0833,0.125,0.0037,0.022,0.0108,0.0,0.0,0.025,0.0157,0.999,0.9866,0.0027,0.0,0.0345,0.0833,0.125,0.0037,0.0205,0.0106,0.0,0.0,reg oper account,block of flats,0.0123,"Stone, brick",No,0.0,0.0,0.0,0.0,-672.0,0,0,0,0,1,0,0,0,0,0,0,0,0,0,0,0,0,0,0,0,0.0,0.0,0.0,0.0,1.0,3.0
130333,4/3/2018,0,Cash loans,F,N,N,0,54000.0,153504.0,15313.5,144000.0,Unaccompanied,Pensioner,Secondary / secondary special,Married,House / apartment,0.025164,-22390,365243,-2411,-4595,,1,0,0,1,0,0,,2.0,2,2,SATURDAY,12,0,0,0,0,0,0,XNA,,0.163187035,0.401407414,,,,,,,,,,,,,,,,,,,,,,,,,,,,,,,,,,,,,,,,,,,,,,,,1.0,0.0,1.0,0.0,-225.0,0,1,0,0,0,0,0,0,0,0,0,0,0,0,0,0,0,0,0,0,0.0,0.0,0.0,2.0,1.0,1.0
146905,5/25/2018,0,Cash loans,F,Y,N,0,202500.0,592560.0,28638.0,450000.0,Unaccompanied,Working,Secondary / secondary special,Married,House / apartment,0.008019,-17683,-3454,-1371,-672,11.0,1,1,0,1,0,0,Drivers,2.0,2,2,THURSDAY,11,0,0,0,0,1,1,Industry: type 8,,0.57724876,0.652896552,,,,,,,,,,,,,,,,,,,,,,,,,,,,,,,,,,,,,,,,,,,,,,,,0.0,0.0,0.0,0.0,0.0,0,1,0,0,0,0,0,0,0,0,0,0,0,0,0,0,0,0,0,0,0.0,0.0,0.0,0.0,0.0,1.0
119384,3/1/2018,0,Cash loans,M,Y,Y,0,342000.0,270000.0,12510.0,270000.0,Unaccompanied,Working,Incomplete higher,Single / not married,House / apartment,0.015221,-9755,-1192,-3921,-2012,3.0,1,1,0,1,0,0,Core staff,1.0,2,2,THURSDAY,14,0,0,0,1,1,0,Police,0.094555062,0.514976696,0.474051289,,,,,,,,,,,,,,,,,,,,,,,,,,,,,,,,,,,,,,,,,,,,,,,,11.0,0.0,11.0,0.0,-731.0,0,0,0,0,0,0,1,0,0,0,0,1,0,0,0,0,0,0,0,0,0.0,0.0,0.0,0.0,0.0,4.0
154900,6/18/2018,0,Revolving loans,M,Y,Y,2,225000.0,270000.0,13500.0,270000.0,Unaccompanied,Commercial associate,Secondary / secondary special,Married,House / apartment,0.018634,-17160,-681,-6022,-658,14.0,1,1,0,1,0,0,High skill tech staff,4.0,2,2,MONDAY,13,0,0,0,0,0,0,Industry: type 1,,0.013793021,,,,,,,,,,,,,,,,,,,,,,,,,,,,,,,,,,,,,,,,,,,,,,,,,2.0,1.0,2.0,1.0,0.0,0,0,0,0,0,0,0,0,0,0,0,0,0,0,0,0,0,0,0,0,,,,,,
107856,1/24/2018,0,Cash loans,F,N,N,0,81000.0,152820.0,7893.0,135000.0,Unaccompanied,Pensioner,Secondary / secondary special,Widow,House / apartment,0.019101,-23567,365243,-11962,-4397,,1,0,0,1,0,0,,1.0,2,2,MONDAY,10,0,0,0,0,0,0,XNA,,0.499263853,0.636376171,0.0433,,0.9841,,,0.0,0.1034,0.1667,,,,0.0262,,0.0628,0.0441,,0.9841,,,0.0,0.1034,0.1667,,,,0.0273,,0.0664,0.0437,,0.9841,,,0.0,0.1034,0.1667,,,,0.0267,,0.0641,,block of flats,0.0343,Block,No,1.0,1.0,1.0,1.0,-11.0,0,0,0,0,1,0,0,0,0,0,0,0,0,0,0,0,0,0,0,0,0.0,0.0,0.0,0.0,0.0,0.0
140930,5/6/2018,0,Cash loans,F,N,Y,0,216000.0,1259563.5,53365.5,1259563.5,Unaccompanied,Working,Secondary / secondary special,Single / not married,Municipal apartment,0.00733,-20318,-4839,-8463,-3409,,1,1,0,1,0,0,Laborers,1.0,2,2,MONDAY,9,0,0,0,0,0,0,Construction,,0.659582959,,0.2969,0.2206,0.9886,,0.0536,0.32,0.2759,0.3333,,0.5552,0.2421,0.3299,,0.0088,0.3025,0.2289,0.9886,,0.0541,0.3222,0.2759,0.3333,,0.5679,0.2645,0.3437,,0.0093,0.2998,0.2206,0.9886,,0.0539,0.32,0.2759,0.3333,,0.5649,0.2463,0.3358,,0.009,,block of flats,0.3654,Panel,No,2.0,1.0,2.0,0.0,-2587.0,0,1,0,0,0,0,0,0,0,0,0,0,0,0,0,0,0,0,0,0,,,,,,
111927,2/6/2018,0,Cash loans,F,N,Y,1,157500.0,253377.0,18148.5,211500.0,Unaccompanied,Working,Secondary / secondary special,Married,House / apartment,0.007114,-13684,-3712,-5512,-4427,,1,1,0,1,0,0,Sales staff,3.0,2,2,FRIDAY,17,0,0,0,0,0,0,Business Entity Type 3,,0.265107201,0.802745476,0.0825,0.0562,0.9796,0.7212,0.0045,0.0,0.069,0.1667,0.2083,0.0,0.0672,0.0428,0.0,0.0,0.084,0.0583,0.9796,0.7321,0.0045,0.0,0.069,0.1667,0.2083,0.0,0.0735,0.0446,0.0,0.0,0.0833,0.0562,0.9796,0.7249,0.0045,0.0,0.069,0.1667,0.2083,0.0,0.0684,0.0435,0.0,0.0,reg oper account,block of flats,0.0361,Panel,No,4.0,0.0,4.0,0.0,-1589.0,0,1,0,0,0,0,0,0,0,0,0,0,0,0,0,0,0,0,0,0,0.0,0.0,0.0,1.0,0.0,4.0
152177,6/10/2018,0,Cash loans,F,Y,Y,1,274500.0,900000.0,45954.0,900000.0,Unaccompanied,Commercial associate,Secondary / secondary special,Married,House / apartment,0.00702,-16595,-718,-1995,-145,3.0,1,1,0,1,0,0,Sales staff,3.0,2,2,FRIDAY,12,0,0,0,0,0,0,Trade: type 7,,0.680910622,0.436506499,,,,,,,,,,,,,,,,,,,,,,,,,,,,,,,,,,,,,,,,,,,,,,,,0.0,0.0,0.0,0.0,0.0,0,1,0,0,0,0,0,0,0,0,0,0,0,0,0,0,0,0,0,0,0.0,0.0,0.0,0.0,0.0,6.0
102164,1/7/2018,0,Cash loans,F,N,N,0,121500.0,50940.0,2974.5,45000.0,Unaccompanied,Pensioner,Higher education,Separated,House / apartment,0.010556,-23792,365243,-5418,-4369,,1,0,0,1,0,0,,1.0,3,3,THURSDAY,18,0,0,0,0,0,0,XNA,,0.741924075,0.434733249,0.1948,0.1448,0.9826,0.762,0.1266,0.2,0.1724,0.3333,0.375,0.0265,0.1572,0.2005,0.0077,0.0079,0.1985,0.1503,0.9826,0.7713,0.1277,0.2014,0.1724,0.3333,0.375,0.0271,0.1717,0.2089,0.0078,0.0084,0.1967,0.1448,0.9826,0.7652,0.1274,0.2,0.1724,0.3333,0.375,0.027,0.1599,0.2041,0.0078,0.0081,reg oper spec account,block of flats,0.2269,"Stone, brick",No,1.0,0.0,1.0,0.0,-1585.0,0,1,0,0,0,0,0,0,0,0,0,0,0,0,0,0,0,0,0,0,0.0,0.0,0.0,0.0,0.0,1.0
120162,3/3/2018,0,Cash loans,F,Y,Y,0,360000.0,586332.0,69583.5,540000.0,Unaccompanied,Working,Higher education,Married,House / apartment,0.072508,-9223,-996,-9156,-935,3.0,1,1,1,1,1,0,Managers,2.0,1,1,TUESDAY,14,0,0,0,0,0,0,Business Entity Type 3,0.442961115,0.583128898,0.195198406,0.1036,0.2195,0.9702,0.5648,0.0332,0.2304,0.15,0.2742,0.3112,0.0154,0.0814,0.1433,0.0141,0.0935,0.0095,0.2392,0.9682,0.5818,0.0,0.0,0.1724,0.1667,0.2083,0.0,0.0073,0.0171,0.0078,0.0167,0.0666,0.2305,0.9692,0.5773,0.0298,0.2,0.1724,0.1667,0.2083,0.0213,0.053,0.0905,0.0078,0.1013,reg oper account,block of flats,0.0164,"Stone, brick",No,0.0,0.0,0.0,0.0,-246.0,0,0,0,0,0,0,1,0,0,0,0,0,0,0,0,0,0,0,0,0,0.0,0.0,0.0,1.0,0.0,2.0
114647,2/14/2018,0,Cash loans,M,N,N,0,166500.0,225000.0,23625.0,225000.0,Unaccompanied,Working,Higher education,Separated,House / apartment,0.072508,-18342,-398,-12479,-1902,,1,1,1,1,1,0,Security staff,1.0,1,1,MONDAY,16,0,0,0,0,0,0,Security,,0.652943392,,0.1,0.0384,0.9771,,,0.08,0.0345,0.5417,,0.0536,,0.0838,,0.0,0.1019,0.0399,0.9772,,,0.0806,0.0345,0.5417,,0.0548,,0.0873,,0.0,0.101,0.0384,0.9771,,,0.08,0.0345,0.5417,,0.0545,,0.0853,,0.0,,block of flats,0.0659,Block,No,0.0,0.0,0.0,0.0,-973.0,0,1,0,0,0,0,0,0,0,0,0,0,0,0,0,0,0,0,0,0,,,,,,
107820,1/24/2018,0,Cash loans,F,N,Y,0,202500.0,271066.5,13986.0,234000.0,Unaccompanied,Pensioner,Secondary / secondary special,Married,House / apartment,0.00823,-21073,365243,-5294,-4475,,1,0,0,1,0,0,,2.0,2,2,FRIDAY,10,0,0,0,0,0,0,XNA,,0.612882611,,,,,,,,,,,,,,,,,,,,,,,,,,,,,,,,,,,,,,,,,,,,,,,,,0.0,0.0,0.0,0.0,-755.0,0,1,0,0,0,0,0,0,0,0,0,0,0,0,0,0,0,0,0,0,,,,,,
111193,2/4/2018,0,Cash loans,F,N,Y,1,135000.0,284256.0,30744.0,270000.0,Unaccompanied,State servant,Higher education,Married,Municipal apartment,0.020713,-13016,-4811,-4433,-1265,,1,1,1,1,0,0,,3.0,3,3,WEDNESDAY,7,0,0,0,0,1,1,Medicine,0.687532927,0.487621895,0.345784802,,,,,,,,,,,,,,,,,,,,,,,,,,,,,,,,,,,,,,,,,,,,,,,,0.0,0.0,0.0,0.0,-1857.0,0,1,0,0,0,0,0,0,0,0,0,0,0,0,0,0,0,0,0,0,0.0,0.0,0.0,0.0,0.0,0.0
124448,3/16/2018,0,Cash loans,M,Y,Y,0,225000.0,840996.0,24718.5,702000.0,Unaccompanied,Working,Secondary / secondary special,Married,House / apartment,0.022625,-8824,-1131,-1245,-1245,1.0,1,1,0,1,0,0,,2.0,2,2,WEDNESDAY,16,0,0,0,0,0,0,Business Entity Type 3,,0.766775838,0.497468889,0.1278,0.0435,0.9881,,0.0546,0.08,0.0345,0.625,,0.1003,,0.1206,,0.0154,0.1303,0.0451,0.9881,,0.0551,0.0806,0.0345,0.625,,0.1026,,0.1256,,0.0163,0.1291,0.0435,0.9881,,0.055,0.08,0.0345,0.625,,0.102,,0.1227,,0.0157,,block of flats,0.128,Panel,No,0.0,0.0,0.0,0.0,-937.0,0,1,0,0,0,0,0,0,0,0,0,0,0,0,0,0,0,0,0,0,0.0,0.0,0.0,0.0,0.0,3.0
149307,6/1/2018,0,Cash loans,F,N,N,1,225000.0,568800.0,16429.5,450000.0,Unaccompanied,Working,Higher education,Married,House / apartment,0.010006,-17441,-2086,-2942,-882,,1,1,0,1,0,0,Core staff,3.0,2,2,WEDNESDAY,15,0,0,0,1,1,0,Government,0.698505057,0.687116286,0.627990819,,,,,,,,,,,,,,,,,,,,,,,,,,,,,,,,,,,,,,,,,,,,,,,,0.0,0.0,0.0,0.0,-1.0,0,1,0,0,0,0,0,0,0,0,0,0,0,0,0,0,1,0,0,0,0.0,0.0,0.0,0.0,0.0,0.0
150385,6/4/2018,0,Cash loans,M,N,N,3,103500.0,446940.0,11920.5,292500.0,Unaccompanied,Working,Secondary / secondary special,Married,House / apartment,0.018029,-11743,-126,-977,-4116,,1,1,0,1,1,0,Cleaning staff,5.0,3,3,WEDNESDAY,4,0,0,0,0,0,0,Transport: type 2,0.19168118,0.335425295,,,,,,,,,,,,,,,,,,,,,,,,,,,,,,,,,,,,,,,,,,,,,,,,,4.0,1.0,4.0,0.0,-260.0,0,1,0,0,0,0,0,0,0,0,0,0,0,0,1,0,0,0,0,0,,,,,,
139955,5/3/2018,0,Revolving loans,M,N,Y,0,135000.0,225000.0,11250.0,225000.0,Unaccompanied,Pensioner,Higher education,Married,House / apartment,0.018209,-17759,365243,-2755,-1299,,1,0,0,1,1,0,,2.0,3,3,MONDAY,11,0,0,0,0,0,0,XNA,0.398335594,0.580585767,0.703203305,,0.354,0.9826,,,0.48,0.5172,0.3333,,,,0.5886,,,,0.3673,0.9826,,,0.4834,0.5172,0.3333,,,,0.6133,,,,0.354,0.9826,,,0.48,0.5172,0.3333,,,,0.5992,,,,,0.4637,Panel,No,0.0,0.0,0.0,0.0,-157.0,0,0,0,0,0,0,0,0,0,0,0,0,0,0,0,0,0,0,0,0,0.0,0.0,0.0,0.0,0.0,0.0
124639,3/17/2018,0,Cash loans,F,N,N,0,112500.0,518562.0,22099.5,463500.0,Family,Pensioner,Secondary / secondary special,Civil marriage,House / apartment,0.031329,-21793,365243,-179,-5023,,1,0,0,1,1,0,,2.0,2,2,SATURDAY,14,0,0,0,0,0,0,XNA,0.517259525,0.498810103,0.370649632,0.1165,0.0508,0.9886,0.8436,0.0174,0.08,0.069,0.3333,0.375,0.151,0.0941,0.0634,0.0039,0.0246,0.1187,0.0528,0.9886,0.8497,0.0175,0.0806,0.069,0.3333,0.375,0.1545,0.1028,0.0661,0.0039,0.026,0.1176,0.0508,0.9886,0.8457,0.0175,0.08,0.069,0.3333,0.375,0.1537,0.0958,0.0646,0.0039,0.0251,reg oper account,block of flats,0.0552,Panel,No,0.0,0.0,0.0,0.0,0.0,0,0,0,0,1,0,0,0,0,0,0,0,0,0,0,0,0,0,0,0,0.0,0.0,0.0,0.0,0.0,0.0
126458,3/22/2018,0,Cash loans,M,Y,Y,0,90000.0,592560.0,31153.5,450000.0,Unaccompanied,Working,Secondary / secondary special,Married,House / apartment,0.04622,-15834,-7984,-5422,-4408,22.0,1,1,0,1,0,0,Core staff,2.0,1,1,MONDAY,16,0,0,0,0,0,0,Postal,,0.663802561,,0.0577,0.0561,0.9856,,,0.0,0.1379,0.1667,,0.0475,,0.0608,,0.0295,0.0588,0.0582,0.9856,,,0.0,0.1379,0.1667,,0.0486,,0.0633,,0.0312,0.0583,0.0561,0.9856,,,0.0,0.1379,0.1667,,0.0484,,0.0619,,0.0301,,block of flats,0.0542,Panel,No,1.0,0.0,1.0,0.0,-243.0,0,1,0,0,0,0,0,0,0,0,0,0,0,0,0,0,0,0,0,0,,,,,,
105627,1/18/2018,0,Cash loans,M,N,Y,0,202500.0,161730.0,13095.0,135000.0,Unaccompanied,Working,Secondary / secondary special,Married,House / apartment,0.01885,-18707,-5545,-5059,-2244,,1,1,0,1,0,0,Laborers,2.0,2,2,MONDAY,16,0,0,0,0,0,0,Industry: type 1,0.674831513,0.703672659,0.336061521,0.0495,0.0536,0.9747,0.6532,0.001,0.0,0.1034,0.125,0.1667,0.0196,0.0403,0.0399,0.0,0.0,0.0504,0.0557,0.9747,0.6668,0.001,0.0,0.1034,0.125,0.1667,0.0201,0.0441,0.0415,0.0,0.0,0.05,0.0536,0.9747,0.6578,0.001,0.0,0.1034,0.125,0.1667,0.02,0.041,0.0406,0.0,0.0,reg oper account,block of flats,0.0319,"Stone, brick",No,3.0,0.0,3.0,0.0,-992.0,0,1,0,0,0,0,0,0,0,0,0,0,0,0,0,0,0,0,0,0,0.0,0.0,0.0,0.0,0.0,3.0
125619,3/20/2018,0,Cash loans,F,N,N,0,67500.0,700830.0,20619.0,585000.0,Unaccompanied,Working,Secondary / secondary special,Single / not married,House / apartment,0.002134,-17211,-2534,-328,-751,,1,1,0,1,0,0,,1.0,3,3,MONDAY,6,0,0,0,0,0,0,Culture,0.561613284,0.174523287,,,,,,,,,,,,,,,,,,,,,,,,,,,,,,,,,,,,,,,,,,,,,,,,,0.0,0.0,0.0,0.0,-1134.0,0,1,0,0,0,0,0,0,0,0,0,0,0,0,0,0,0,0,0,0,,,,,,
135427,4/19/2018,0,Cash loans,F,N,N,0,74250.0,341280.0,9513.0,270000.0,Unaccompanied,Pensioner,Secondary / secondary special,Married,House / apartment,0.001276,-22832,365243,-912,-4915,,1,0,0,1,0,0,,2.0,2,2,THURSDAY,8,0,0,0,0,0,0,XNA,,0.516915468,,0.0165,,0.9767,,,,0.069,0.0417,,0.0288,,0.01,,,0.0168,,0.9767,,,,0.069,0.0417,,0.0294,,0.0104,,,0.0167,,0.9767,,,,0.069,0.0417,,0.0293,,0.0102,,,,block of flats,0.0085,Wooden,Yes,7.0,0.0,7.0,0.0,-896.0,0,1,0,0,0,0,0,0,0,0,0,0,0,0,0,0,0,0,0,0,,,,,,
113199,2/10/2018,0,Cash loans,F,Y,N,0,427500.0,1129500.0,36567.0,1129500.0,Family,Working,Higher education,Married,House / apartment,0.072508,-19327,-622,-13231,-1520,7.0,1,1,1,1,1,0,Managers,2.0,1,1,SATURDAY,14,0,0,0,0,0,0,Other,,0.770508964,0.452533559,,,,,,,,,,,,,,,,,,,,,,,,,,,,,,,,,,,,,,,,,,,,,,,,0.0,0.0,0.0,0.0,-507.0,0,1,0,0,0,0,0,0,0,0,0,0,0,0,0,0,0,0,0,0,0.0,0.0,0.0,1.0,0.0,0.0
130915,4/5/2018,0,Cash loans,F,N,Y,0,121500.0,867951.0,25375.5,724500.0,Unaccompanied,Commercial associate,Secondary / secondary special,Single / not married,House / apartment,0.04622,-19955,-4225,-6845,-3448,,1,1,0,1,0,0,,1.0,1,1,WEDNESDAY,12,0,0,0,0,0,0,Transport: type 4,,0.744706965,,0.0247,0.0,0.9737,0.6396,0.0049,0.0,0.069,0.0833,0.125,0.0581,0.0202,0.018,0.0,0.0,0.0252,0.0,0.9737,0.6537,0.0049,0.0,0.069,0.0833,0.125,0.0594,0.022,0.0187,0.0,0.0,0.025,0.0,0.9737,0.6444,0.0049,0.0,0.069,0.0833,0.125,0.0591,0.0205,0.0183,0.0,0.0,reg oper account,block of flats,0.0168,"Stone, brick",No,0.0,0.0,0.0,0.0,-764.0,0,1,0,0,0,0,0,0,0,0,0,0,0,0,0,0,0,0,0,0,,,,,,
139813,5/3/2018,0,Cash loans,M,Y,Y,1,247500.0,808650.0,31464.0,675000.0,Unaccompanied,Commercial associate,Secondary / secondary special,Married,House / apartment,0.035792,-9586,-1981,-3713,-65,19.0,1,1,0,1,0,0,Laborers,3.0,2,2,FRIDAY,15,0,0,0,0,1,1,Other,,0.616373619,0.286652483,,,,,,,,,,,,,,,,,,,,,,,,,,,,,,,,,,,,,,,,,,,,,,,,1.0,0.0,1.0,0.0,-1546.0,0,1,0,0,0,0,0,0,0,0,0,0,0,0,0,0,0,0,0,0,0.0,0.0,0.0,0.0,0.0,1.0
101249,1/4/2018,0,Cash loans,F,N,Y,0,121500.0,360000.0,20794.5,360000.0,Unaccompanied,Working,Higher education,Married,House / apartment,0.035792,-18040,-1162,-5351,-1579,,1,1,1,1,1,0,,2.0,2,2,MONDAY,13,0,0,0,0,0,0,Bank,,0.618764837,0.570916542,0.2887,0.2383,0.9916,0.8844,0.2327,0.28,0.2414,0.375,0.4167,0.0423,0.2345,0.345,0.0039,0.0056,0.2941,0.2473,0.9916,0.8889,0.2348,0.282,0.2414,0.375,0.4167,0.0433,0.2562,0.3594,0.0039,0.006,0.2915,0.2383,0.9916,0.8859,0.2341,0.28,0.2414,0.375,0.4167,0.043,0.2386,0.3512,0.0039,0.0058,reg oper account,block of flats,0.2726,Block,No,0.0,0.0,0.0,0.0,-1529.0,0,1,0,0,0,0,0,0,0,0,0,0,0,0,0,0,0,0,0,0,0.0,0.0,0.0,0.0,0.0,3.0
144404,5/17/2018,0,Cash loans,F,N,Y,0,292500.0,589050.0,25087.5,526500.0,Unaccompanied,Pensioner,Secondary / secondary special,Married,House / apartment,0.016612,-18814,365243,-11019,-2267,,1,0,0,1,0,0,,2.0,2,2,WEDNESDAY,10,0,0,0,0,0,0,XNA,0.828825323,0.44027285,,0.0082,0.0,0.9702,0.592,0.0,0.0,0.069,0.0417,0.0833,0.0098,0.0067,0.0078,0.0,0.0,0.0084,0.0,0.9702,0.608,0.0,0.0,0.069,0.0417,0.0833,0.01,0.0073,0.0081,0.0,0.0,0.0083,0.0,0.9702,0.5975,0.0,0.0,0.069,0.0417,0.0833,0.0099,0.0068,0.0079,0.0,0.0,reg oper account,block of flats,0.007,"Stone, brick",No,6.0,0.0,6.0,0.0,-658.0,0,1,0,0,0,0,0,0,0,0,0,0,0,0,0,0,0,0,0,0,,,,,,
154370,6/17/2018,0,Cash loans,F,N,Y,0,54000.0,199080.0,13090.5,157500.0,Family,Working,Secondary / secondary special,Married,House / apartment,0.010966,-10396,-1243,-1113,-2764,,1,1,0,1,0,0,Core staff,2.0,2,2,TUESDAY,17,0,0,0,0,0,0,Kindergarten,0.725143646,0.200775404,0.468659655,0.1134,0.1091,0.9826,,,0.0,0.2759,0.1667,,0.0,,0.1114,,0.0,0.1155,0.1132,0.9826,,,0.0,0.2759,0.1667,,0.0,,0.116,,0.0,0.1145,0.1091,0.9826,,,0.0,0.2759,0.1667,,0.0,,0.1134,,0.0,,block of flats,0.0966,Panel,No,0.0,0.0,0.0,0.0,-900.0,0,1,0,0,0,0,0,0,0,0,0,0,0,0,0,0,0,0,0,0,0.0,0.0,0.0,0.0,0.0,1.0
108328,1/26/2018,0,Cash loans,F,N,Y,0,112500.0,1223010.0,51948.0,1125000.0,Unaccompanied,Working,Secondary / secondary special,Married,House / apartment,0.01885,-17903,-2810,-11877,-1455,,1,1,0,1,1,0,Cooking staff,2.0,2,2,MONDAY,14,0,0,0,0,0,0,Industry: type 3,,0.694064168,0.581483706,,,,,,,,,,,,,,,,,,,,,,,,,,,,,,,,,,,,,,,,,,,,,,,No,0.0,0.0,0.0,0.0,-695.0,0,1,0,0,0,0,0,0,0,0,0,0,0,0,0,0,0,0,0,0,0.0,0.0,0.0,0.0,0.0,2.0
130803,4/5/2018,0,Cash loans,F,N,Y,0,157500.0,220032.0,10831.5,144000.0,Unaccompanied,Commercial associate,Secondary / secondary special,Married,House / apartment,0.018029,-18189,-3208,-5600,-1730,,1,1,0,1,0,0,Accountants,2.0,3,2,FRIDAY,8,0,0,0,0,0,0,Self-employed,0.830619939,0.580181022,0.749021705,,,,,,,,,,,,,,,,,,,,,,,,,,,,,,,,,,,,,,,,,,,,,,,,0.0,0.0,0.0,0.0,-2574.0,0,1,0,0,0,0,0,0,0,0,0,0,0,0,0,0,0,0,0,0,0.0,0.0,0.0,0.0,0.0,3.0
103422,1/11/2018,1,Revolving loans,F,N,Y,1,112500.0,270000.0,13500.0,270000.0,Unaccompanied,Working,Secondary / secondary special,Married,House / apartment,0.020713,-12301,-1780,-1165,-2220,,1,1,0,1,0,0,Sales staff,3.0,3,3,SATURDAY,9,0,0,0,0,0,0,Self-employed,0.464767348,0.295442095,0.461482391,,,,,,,,,,,,,,,,,,,,,,,,,,,,,,,,,,,,,,,,,,,,,,,,4.0,3.0,4.0,0.0,-905.0,0,0,0,1,0,0,0,0,0,0,0,0,0,0,0,0,0,0,0,0,1.0,1.0,0.0,0.0,0.0,3.0
148569,5/30/2018,0,Revolving loans,M,Y,Y,0,112500.0,180000.0,9000.0,180000.0,Unaccompanied,Working,Secondary / secondary special,Single / not married,With parents,0.02461,-8401,-1738,-3246,-1073,16.0,1,1,0,1,0,0,,1.0,2,2,MONDAY,14,0,0,0,0,0,0,Other,,0.50819056,0.155689375,0.1237,0.0809,0.9796,0.7212,0.0121,0.0,0.069,0.1667,0.0417,0.039,0.1009,0.0635,0.0,0.0,0.1261,0.084,0.9796,0.7321,0.0122,0.0,0.069,0.1667,0.0417,0.0399,0.1102,0.0661,0.0,0.0,0.1249,0.0809,0.9796,0.7249,0.0122,0.0,0.069,0.1667,0.0417,0.0397,0.1026,0.0646,0.0,0.0,reg oper account,block of flats,0.0499,"Stone, brick",No,1.0,0.0,1.0,0.0,-509.0,0,0,0,0,0,0,0,0,0,0,0,0,0,0,0,0,0,0,0,1,0.0,0.0,0.0,0.0,0.0,1.0
118690,2/27/2018,0,Cash loans,F,Y,Y,0,76500.0,199080.0,11556.0,157500.0,Children,Working,Secondary / secondary special,Married,House / apartment,0.025164,-19747,-3331,-8331,-688,2.0,1,1,1,1,1,0,Sales staff,2.0,2,2,THURSDAY,11,0,0,0,0,0,0,Business Entity Type 3,,0.170184439,0.086161662,0.1237,0.1345,0.9886,0.8436,0.0185,0.0,0.2759,0.1667,0.2083,0.0686,0.1,0.1345,0.0039,0.0267,0.1261,0.1396,0.9886,0.8497,0.0187,0.0,0.2759,0.1667,0.2083,0.0701,0.1093,0.1402,0.0039,0.0283,0.1249,0.1345,0.9886,0.8457,0.0186,0.0,0.2759,0.1667,0.2083,0.0698,0.1018,0.1369,0.0039,0.0273,reg oper account,block of flats,0.1219,Panel,No,3.0,2.0,3.0,1.0,-2439.0,0,1,0,0,0,0,0,0,0,0,0,0,0,0,0,0,0,0,0,0,0.0,0.0,0.0,0.0,0.0,2.0
129255,3/31/2018,0,Cash loans,F,N,Y,0,157500.0,284256.0,30744.0,270000.0,"Spouse, partner",Working,Secondary / secondary special,Married,House / apartment,0.010006,-10447,-1436,-3763,-2332,,1,1,1,1,0,0,Cooking staff,2.0,2,2,SATURDAY,12,0,0,0,0,0,0,Kindergarten,0.380498061,0.593393185,,0.1497,0.0871,0.9871,0.8232,0.0,0.152,0.1586,0.2667,0.3083,0.0301,0.1215,0.1457,0.0,0.0568,0.0704,0.0,0.9851,0.804,0.0,0.2417,0.1379,0.3333,0.375,0.0,0.0588,0.0607,0.0,0.0026,0.128,0.0893,0.9871,0.8256,0.0,0.16,0.1379,0.3333,0.375,0.0,0.1052,0.136,0.0,0.0407,reg oper account,block of flats,0.2124,Panel,No,1.0,1.0,1.0,1.0,-1292.0,0,1,0,0,0,0,0,0,0,0,0,0,0,0,0,0,0,0,0,0,,,,,,
132131,4/9/2018,0,Cash loans,M,Y,Y,1,108000.0,679500.0,27076.5,679500.0,Unaccompanied,Working,Secondary / secondary special,Married,House / apartment,0.031329,-22982,-3817,-4640,-960,21.0,1,1,1,1,1,0,Drivers,3.0,2,2,THURSDAY,8,0,0,0,0,0,0,Transport: type 4,,0.616089188,0.576208836,0.0928,0.0905,0.9801,0.728,0.014,0.0,0.2069,0.1667,,,0.0756,0.0768,0.0,0.0,0.0945,0.0939,0.9801,0.7387,0.0142,0.0,0.2069,0.1667,,,0.0826,0.0801,0.0,0.0,0.0937,0.0905,0.9801,0.7316,0.0141,0.0,0.2069,0.1667,,,0.077,0.0782,0.0,0.0,reg oper account,block of flats,0.0604,Panel,No,1.0,1.0,1.0,1.0,-716.0,0,1,0,0,0,0,0,0,0,0,0,0,0,0,0,0,0,0,0,0,0.0,0.0,0.0,0.0,0.0,1.0
135473,4/19/2018,0,Cash loans,M,Y,Y,2,450000.0,900000.0,46084.5,900000.0,Family,Working,Higher education,Married,House / apartment,0.011657,-15228,-4136,-5312,-4198,20.0,1,1,1,1,1,0,High skill tech staff,4.0,1,1,WEDNESDAY,12,0,0,0,0,1,1,Business Entity Type 3,0.553093113,0.667326585,0.352339973,0.1082,0.1418,0.9856,0.8028,0.0549,0.0,0.1724,0.1667,0.0417,0.0264,0.0883,0.1203,0.0232,0.1381,0.1103,0.1472,0.9856,0.8105,0.0554,0.0,0.1724,0.1667,0.0417,0.027,0.0964,0.1253,0.0233,0.1462,0.1093,0.1418,0.9856,0.8054,0.0553,0.0,0.1724,0.1667,0.0417,0.0268,0.0898,0.1225,0.0233,0.141,reg oper account,block of flats,0.1246,Panel,No,0.0,0.0,0.0,0.0,-359.0,0,0,0,0,0,0,1,0,0,0,0,0,0,0,0,0,0,0,0,0,0.0,0.0,0.0,0.0,0.0,1.0
142654,5/12/2018,0,Cash loans,F,N,Y,0,72000.0,284400.0,16011.0,225000.0,Unaccompanied,Pensioner,Secondary / secondary special,Married,House / apartment,0.006852,-24164,365243,-3544,-3909,,1,0,0,1,0,0,,2.0,3,3,THURSDAY,11,0,0,0,0,0,0,XNA,,0.715081918,0.749021705,,,,,,,,,,,,,,,,,,,,,,,,,,,,,,,,,,,,,,,,,,,,,,,,6.0,1.0,6.0,1.0,-1096.0,0,1,0,0,0,0,0,0,0,0,0,0,0,0,0,0,0,0,0,0,0.0,0.0,0.0,0.0,0.0,0.0
155098,6/19/2018,0,Cash loans,M,N,N,0,76500.0,521280.0,28408.5,450000.0,Unaccompanied,Working,Secondary / secondary special,Separated,House / apartment,0.022625,-14853,-1573,-2650,-4058,,1,1,1,1,0,0,Drivers,1.0,2,2,TUESDAY,13,0,0,0,0,1,1,Business Entity Type 1,,0.691051704,,,,,,,,,,,,,,,,,,,,,,,,,,,,,,,,,,,,,,,,,,,,,,,,,3.0,0.0,3.0,0.0,-664.0,0,1,0,0,0,0,0,0,0,0,0,0,0,0,0,0,0,0,0,0,0.0,0.0,0.0,0.0,0.0,0.0
124410,3/16/2018,0,Cash loans,F,N,N,0,112500.0,284400.0,13963.5,225000.0,Unaccompanied,Working,Secondary / secondary special,Married,House / apartment,0.020246,-16076,-4235,-5257,-4542,,1,1,0,1,1,0,,2.0,3,3,TUESDAY,17,0,0,0,0,0,0,Business Entity Type 2,0.275268018,0.395883018,0.21762852,,,,,,,,,,,,,,,,,,,,,,,,,,,,,,,,,,,,,,,,,,,,,,,,0.0,0.0,0.0,0.0,-3243.0,0,1,0,0,0,0,0,0,0,0,0,0,0,0,0,0,0,0,0,0,0.0,0.0,0.0,0.0,0.0,1.0
149465,6/2/2018,0,Cash loans,F,N,Y,0,90000.0,180000.0,17802.0,180000.0,Unaccompanied,Pensioner,Secondary / secondary special,Married,House / apartment,0.01452,-25024,365243,-14622,-4675,,1,0,0,1,0,0,,2.0,2,2,MONDAY,7,0,0,0,0,0,0,XNA,,0.268520874,0.785052026,,,0.9727,0.626,,0.0,0.1493,0.1525,,0.0433,,0.061,,0.0,,,0.9722,0.6341,,0.0,0.1379,0.1667,,0.0443,,0.0628,,0.0,,,0.9727,0.631,,0.0,0.1379,0.1667,,0.0441,,0.0621,,0.0,,block of flats,0.0474,"Stone, brick",No,0.0,0.0,0.0,0.0,0.0,0,1,0,0,0,0,0,0,0,0,0,0,0,0,0,0,0,0,0,0,0.0,0.0,0.0,0.0,0.0,1.0
143203,5/13/2018,0,Cash loans,M,Y,Y,0,220500.0,725328.0,26181.0,540000.0,Unaccompanied,Working,Secondary / secondary special,Married,House / apartment,0.030755,-21620,-285,-9950,-4986,12.0,1,1,0,1,0,0,Drivers,2.0,2,2,FRIDAY,12,0,0,0,0,0,0,Transport: type 4,0.700042333,0.709628932,0.562060483,,,,,,,,,,,,,,,,,,,,,,,,,,,,,,,,,,,,,,,,,,,,,,,,2.0,1.0,2.0,1.0,-2310.0,0,0,0,0,0,0,1,0,0,0,0,0,0,0,0,0,0,0,0,0,0.0,0.0,0.0,0.0,0.0,2.0
101039,1/4/2018,0,Cash loans,F,Y,Y,0,315000.0,1024740.0,55719.0,900000.0,Unaccompanied,Commercial associate,Higher education,Married,House / apartment,0.030755,-16892,-102,-10616,-403,4.0,1,1,0,1,0,0,Accountants,2.0,2,2,MONDAY,18,0,0,0,0,0,0,Business Entity Type 3,,0.705061498,0.429423684,0.0598,0.1422,0.9588,0.4356,0.0184,0.08,0.2069,0.2083,0.25,0.026,0.0462,0.1009,0.0116,0.0484,0.0609,0.1475,0.9588,0.4577,0.0186,0.0806,0.2069,0.2083,0.25,0.0266,0.0505,0.1052,0.0117,0.0512,0.0604,0.1422,0.9588,0.4431,0.0185,0.08,0.2069,0.2083,0.25,0.0264,0.047,0.1027,0.0116,0.0494,reg oper account,block of flats,0.1137,"Stone, brick",No,0.0,0.0,0.0,0.0,-577.0,0,1,0,0,0,0,0,0,0,0,0,0,0,0,0,0,0,0,0,0,0.0,0.0,0.0,1.0,0.0,2.0
157452,6/26/2018,0,Cash loans,F,Y,N,0,270000.0,835380.0,33259.5,675000.0,Unaccompanied,Working,Higher education,Married,House / apartment,0.020713,-18995,-167,-143,-330,8.0,1,1,0,1,0,0,Core staff,2.0,3,3,FRIDAY,8,0,0,0,0,0,0,Police,,0.310260287,,,,,,,,,,,,,,,,,,,,,,,,,,,,,,,,,,,,,,,,,,,,,,,,,0.0,0.0,0.0,0.0,-2708.0,0,1,0,0,0,0,0,0,0,0,0,0,0,0,0,0,0,0,0,0,,,,,,
138784,4/30/2018,0,Cash loans,F,N,N,0,126000.0,454500.0,30496.5,454500.0,Unaccompanied,State servant,Secondary / secondary special,Single / not married,House / apartment,0.022625,-19281,-6960,-7005,-2825,,1,1,1,1,1,0,Managers,1.0,2,2,FRIDAY,20,0,0,0,0,0,0,School,0.521257862,0.741228415,0.279335321,,,,,,,,,,,,,,,,,,,,,,,,,,,,,,,,,,,,,,,,,,,,,,,,0.0,0.0,0.0,0.0,-2003.0,0,1,0,0,0,0,0,0,0,0,0,0,0,0,0,0,0,0,0,0,0.0,0.0,0.0,0.0,0.0,1.0
108067,1/25/2018,0,Cash loans,F,Y,Y,0,36000.0,270000.0,13977.0,270000.0,Unaccompanied,Pensioner,Secondary / secondary special,Married,House / apartment,0.026392,-20240,365243,-6704,-3594,4.0,1,0,0,1,1,0,,2.0,2,2,MONDAY,11,0,0,0,0,0,0,XNA,,0.622816157,,0.2969,0.1258,0.9791,,,0.32,0.2759,0.3333,,0.2084,,0.2375,,0.5342,0.3025,0.1305,0.9791,,,0.3222,0.2759,0.3333,,0.2132,,0.2474,,0.5655,0.2998,0.1258,0.9791,,,0.32,0.2759,0.3333,,0.2121,,0.2417,,0.5454,,block of flats,0.3029,Panel,No,1.0,0.0,1.0,0.0,-628.0,0,1,0,0,0,0,0,0,0,0,0,0,0,0,0,0,0,0,0,0,,,,,,
154479,6/17/2018,0,Cash loans,F,N,Y,0,130500.0,590337.0,25141.5,477000.0,Family,Working,Secondary / secondary special,Married,House / apartment,0.031329,-18874,-6273,-10720,-2426,,1,1,0,1,0,0,,2.0,2,2,MONDAY,10,0,0,0,0,0,0,Medicine,,0.576720367,0.404878364,0.066,0.0788,0.9742,0.6464,0.0245,0.0,0.1379,0.1667,0.2083,0.3681,0.0504,0.0356,0.0154,0.0486,0.0672,0.0818,0.9742,0.6602,0.0247,0.0,0.1379,0.1667,0.2083,0.3765,0.0551,0.0371,0.0156,0.0514,0.0666,0.0788,0.9742,0.6511,0.0247,0.0,0.1379,0.1667,0.2083,0.3745,0.0513,0.0363,0.0155,0.0496,reg oper account,block of flats,0.052,Panel,No,0.0,0.0,0.0,0.0,-155.0,0,1,0,0,0,0,0,0,0,0,0,0,0,0,0,0,0,0,0,0,0.0,0.0,0.0,0.0,0.0,0.0
103472,1/11/2018,0,Cash loans,F,Y,N,0,135000.0,270000.0,18396.0,270000.0,Unaccompanied,Working,Secondary / secondary special,Single / not married,House / apartment,0.028663,-12625,-369,-2753,-3101,17.0,1,1,0,1,0,0,Laborers,1.0,2,2,WEDNESDAY,12,0,0,0,0,1,1,Business Entity Type 3,0.375661482,0.538787953,0.537069958,,,,,,,,,,,,,,,,,,,,,,,,,,,,,,,,,,,,,,,,,,,,,,,,3.0,1.0,3.0,0.0,-1796.0,0,1,0,0,0,0,0,0,0,0,0,0,0,0,0,0,0,0,0,0,0.0,0.0,0.0,0.0,0.0,1.0
117891,2/24/2018,0,Cash loans,M,Y,Y,0,135000.0,519633.0,29961.0,481500.0,Unaccompanied,Pensioner,Secondary / secondary special,Married,Office apartment,0.020246,-20666,365243,-2149,-4147,18.0,1,0,0,1,0,0,,2.0,3,3,FRIDAY,5,0,0,0,0,0,0,XNA,,0.411590011,0.583237926,0.0598,0.0868,0.9717,0.6124,0.0625,0.0,0.1379,0.1667,0.2083,0.0778,0.0488,0.067,0.0,0.0,0.0609,0.0901,0.9717,0.6276,0.063,0.0,0.1379,0.1667,0.2083,0.0795,0.0533,0.0698,0.0,0.0,0.0604,0.0868,0.9717,0.6176,0.0629,0.0,0.1379,0.1667,0.2083,0.0791,0.0496,0.0682,0.0,0.0,reg oper account,block of flats,0.0868,"Stone, brick",No,8.0,0.0,8.0,0.0,0.0,0,1,0,0,0,0,0,0,0,0,0,0,0,0,0,0,0,0,0,0,0.0,0.0,0.0,0.0,0.0,1.0
125903,3/21/2018,0,Cash loans,F,N,N,0,135000.0,1040463.0,29947.5,868500.0,Unaccompanied,Working,Secondary / secondary special,Civil marriage,House / apartment,0.022625,-17582,-3417,-5886,-1134,,1,1,0,1,0,0,,2.0,2,2,WEDNESDAY,11,0,0,0,0,0,0,Business Entity Type 3,,0.603587019,0.7136314,0.1856,0.1256,0.9856,0.8028,0.0793,0.24,0.2069,0.3333,0.375,0.1368,0.1513,0.2145,0.0,0.0,0.1891,0.1304,0.9856,0.8105,0.08,0.2417,0.2069,0.3333,0.375,0.1399,0.1653,0.2235,0.0,0.0,0.1874,0.1256,0.9856,0.8054,0.0798,0.24,0.2069,0.3333,0.375,0.1392,0.1539,0.2184,0.0,0.0,,block of flats,0.2121,Panel,No,0.0,0.0,0.0,0.0,-1556.0,0,1,0,0,0,0,0,0,0,0,0,0,0,0,1,0,0,0,0,0,0.0,0.0,0.0,0.0,0.0,0.0
121252,3/6/2018,0,Cash loans,F,N,Y,2,247500.0,675000.0,27229.5,675000.0,Family,Commercial associate,Secondary / secondary special,Married,House / apartment,0.030755,-12341,-276,-693,-2003,,1,1,0,1,0,0,Accountants,4.0,2,2,WEDNESDAY,13,0,0,0,0,0,0,Trade: type 6,0.284738973,0.689663379,0.401407414,0.0619,0.05,0.9826,0.762,0.0078,0.0,0.1379,0.1667,0.2083,0.0469,0.0504,0.054,0.0,0.0,0.063,0.0519,0.9826,0.7713,0.0079,0.0,0.1379,0.1667,0.2083,0.0479,0.0551,0.0563,0.0,0.0,0.0625,0.05,0.9826,0.7652,0.0079,0.0,0.1379,0.1667,0.2083,0.0477,0.0513,0.055,0.0,0.0,reg oper account,block of flats,0.0468,Panel,No,0.0,0.0,0.0,0.0,-142.0,0,1,0,0,0,0,0,0,0,0,0,0,0,0,0,0,0,0,0,0,0.0,0.0,0.0,0.0,0.0,2.0
100432,1/2/2018,0,Cash loans,F,N,N,0,90000.0,495000.0,25272.0,495000.0,Unaccompanied,Working,Secondary / secondary special,Married,House / apartment,0.010556,-10347,-1276,-2127,-2163,,1,1,1,1,1,0,Secretaries,2.0,3,3,WEDNESDAY,20,0,0,0,0,0,0,Government,0.243312834,0.699216859,0.733814537,,,,,,,,,,,,,,,,,,,,,,,,,,,,,,,,,,,,,,,,,,,,,,,,0.0,0.0,0.0,0.0,-506.0,0,1,0,0,0,0,0,0,0,0,0,0,0,0,0,0,0,0,0,0,0.0,0.0,0.0,0.0,1.0,2.0
115337,2/16/2018,0,Cash loans,M,N,Y,0,67500.0,148365.0,11223.0,135000.0,Unaccompanied,Pensioner,Secondary / secondary special,Civil marriage,House / apartment,0.030755,-23296,365243,-4135,-3047,,1,0,0,1,0,0,,2.0,2,2,WEDNESDAY,9,0,0,0,0,0,0,XNA,,0.408432005,0.67224289,,,,,,,,,,,,,,,,,,,,,,,,,,,,,,,,,,,,,,,,,,,,,,,,2.0,0.0,2.0,0.0,-917.0,0,1,0,0,0,0,0,0,0,0,0,0,0,0,0,0,0,0,0,0,0.0,0.0,0.0,0.0,0.0,1.0
157296,6/26/2018,0,Cash loans,M,Y,Y,0,180000.0,101880.0,12087.0,90000.0,Unaccompanied,Working,Secondary / secondary special,Married,House / apartment,0.003122,-18279,-816,-12070,-1791,1.0,1,1,1,1,0,0,,2.0,3,3,WEDNESDAY,11,0,1,1,0,1,1,Business Entity Type 3,0.7016917,0.284324515,,0.0165,0.0386,0.9771,,,0.0,0.069,0.0417,,0.0239,,0.014,,0.0,0.0168,0.0401,0.9772,,,0.0,0.069,0.0417,,0.0244,,0.0146,,0.0,0.0167,0.0386,0.9771,,,0.0,0.069,0.0417,,0.0243,,0.0143,,0.0,,block of flats,0.0119,"Stone, brick",No,0.0,0.0,0.0,0.0,-403.0,0,1,0,0,0,0,0,0,0,0,0,0,0,0,0,0,0,0,0,0,0.0,0.0,0.0,0.0,1.0,0.0
118583,2/26/2018,0,Cash loans,M,Y,Y,0,135000.0,512446.5,37417.5,463500.0,Unaccompanied,Working,Secondary / secondary special,Married,With parents,0.035792,-14352,-1782,-8206,-1505,19.0,1,1,0,1,0,0,Drivers,2.0,2,2,SATURDAY,12,0,0,0,0,1,1,Self-employed,0.305700959,0.455824579,0.513693766,,,,,,,,,,,,,,,,,,,,,,,,,,,,,,,,,,,,,,,,,,,,,,,,1.0,0.0,1.0,0.0,-441.0,0,0,0,0,0,0,1,0,0,0,0,0,0,0,0,0,0,0,0,0,0.0,0.0,0.0,0.0,1.0,0.0
132368,4/10/2018,0,Cash loans,F,N,Y,0,180000.0,540000.0,15786.0,540000.0,Unaccompanied,Pensioner,Secondary / secondary special,Married,House / apartment,0.011703,-20472,365243,-12744,-4015,,1,0,0,1,0,0,,2.0,2,2,TUESDAY,13,0,0,0,0,0,0,XNA,,0.727880518,,,,,,,,,,,,,,,,,,,,,,,,,,,,,,,,,,,,,,,,,,,,,,,,,4.0,0.0,4.0,0.0,-1100.0,0,1,0,0,0,0,0,0,0,0,0,0,0,0,0,0,0,0,0,0,,,,,,
114982,2/15/2018,1,Cash loans,M,N,N,0,112500.0,157500.0,12573.0,157500.0,Unaccompanied,Working,Secondary / secondary special,Married,House / apartment,0.01452,-10761,-282,-5541,-3304,,1,1,0,1,0,1,,2.0,2,2,THURSDAY,14,0,0,0,0,1,1,Other,0.229741197,0.2218065,0.680138822,,,,,,,,,,,,,,,,,,,,,,,,,,,,,,,,,,,,,,,,,,,,,,,,0.0,0.0,0.0,0.0,-947.0,0,1,0,0,0,0,0,0,0,0,0,0,0,0,0,0,0,0,0,0,0.0,0.0,0.0,0.0,0.0,2.0
111235,2/4/2018,0,Cash loans,F,N,N,2,67500.0,180000.0,12028.5,180000.0,Unaccompanied,Working,Secondary / secondary special,Married,House / apartment,0.009549,-11883,-2352,-3668,-3661,,1,1,1,1,1,0,,4.0,2,2,TUESDAY,9,0,0,0,0,0,0,Self-employed,0.497556504,0.58324584,0.633031641,,,,,,,,,,,,,,,,,,,,,,,,,,,,,,,,,,,,,,,,,,,,,,,,0.0,0.0,0.0,0.0,-464.0,0,1,0,0,0,0,0,0,0,0,0,0,0,0,0,0,0,0,0,0,0.0,0.0,0.0,0.0,1.0,4.0
130346,4/3/2018,0,Cash loans,F,Y,N,0,157500.0,490495.5,27517.5,454500.0,Unaccompanied,Working,Secondary / secondary special,Married,Municipal apartment,0.022625,-11464,-1026,-3662,-3135,5.0,1,1,1,1,1,0,Core staff,2.0,2,2,WEDNESDAY,20,0,0,0,0,0,0,School,0.30837348,0.663099456,0.53348163,,,,,,,,,,,,,,,,,,,,,,,,,,,,,,,,,,,,,,,,,,,,,,,,1.0,0.0,1.0,0.0,-1387.0,0,1,0,0,0,0,0,0,0,0,0,0,0,0,0,0,0,0,0,0,0.0,0.0,0.0,0.0,0.0,1.0
146185,5/22/2018,0,Revolving loans,F,Y,Y,1,225000.0,405000.0,20250.0,405000.0,Unaccompanied,Commercial associate,Higher education,Married,House / apartment,0.008474,-15203,-1507,-585,-1555,1.0,1,1,0,1,0,0,Managers,3.0,2,2,FRIDAY,13,0,0,0,0,0,0,Self-employed,,0.1483881,,,,,,,,,,,,,,,,,,,,,,,,,,,,,,,,,,,,,,,,,,,,,,,,,1.0,0.0,1.0,0.0,-199.0,0,0,0,0,0,0,0,0,0,0,0,0,0,0,0,0,0,0,0,0,0.0,0.0,0.0,0.0,0.0,1.0
141662,5/9/2018,0,Cash loans,F,N,N,0,135000.0,280332.0,24187.5,234000.0,Unaccompanied,Working,Higher education,Single / not married,House / apartment,0.018634,-8200,-169,-5935,-861,,1,1,0,1,0,1,Sales staff,1.0,2,2,THURSDAY,14,0,0,0,1,1,0,Self-employed,0.310437902,0.357442677,0.484851475,,,,,,,,,,,,,,,,,,,,,,,,,,,,,,,,,,,,,,,,,,,,,,,,1.0,0.0,1.0,0.0,-910.0,0,0,0,0,0,0,1,0,0,0,0,0,0,0,0,0,0,0,0,0,0.0,0.0,1.0,0.0,0.0,0.0
104654,1/15/2018,0,Cash loans,M,N,Y,0,99000.0,269550.0,13095.0,225000.0,"Spouse, partner",Working,Secondary / secondary special,Married,House / apartment,0.00702,-21624,-507,-85,-4725,,1,1,1,1,0,0,,2.0,2,2,WEDNESDAY,11,0,0,0,0,0,0,Other,,0.687558034,0.845437922,,,,,,,,,,,,,,,,,,,,,,,,,,,,,,,,,,,,,,,,,,,,,,,,5.0,0.0,5.0,0.0,0.0,0,1,0,0,0,0,0,0,0,0,0,0,0,0,0,0,0,0,0,0,0.0,0.0,0.0,0.0,0.0,1.0
113674,2/11/2018,0,Cash loans,M,Y,Y,1,202500.0,325908.0,17194.5,247500.0,Unaccompanied,Working,Secondary / secondary special,Married,House / apartment,0.032561,-11595,-4153,-2534,-3194,7.0,1,1,0,1,0,0,Laborers,3.0,1,1,THURSDAY,15,0,0,0,0,0,0,Construction,,0.602110586,0.529889834,0.1845,0.1242,0.9786,0.7076,0.0246,0.2,0.1724,0.3333,0.375,0.0541,0.1505,0.1871,0.0,0.0,0.188,0.1289,0.9786,0.719,0.0248,0.2014,0.1724,0.3333,0.375,0.0553,0.1644,0.195,0.0,0.0,0.1863,0.1242,0.9786,0.7115,0.0247,0.2,0.1724,0.3333,0.375,0.0551,0.1531,0.1905,0.0,0.0,reg oper account,block of flats,0.1606,Panel,No,0.0,0.0,0.0,0.0,-1678.0,0,1,0,0,0,0,0,0,0,0,0,0,0,0,0,0,0,0,0,0,0.0,0.0,0.0,4.0,0.0,1.0
110603,2/2/2018,0,Cash loans,M,N,Y,0,112500.0,238500.0,10633.5,238500.0,Unaccompanied,Working,Secondary / secondary special,Married,House / apartment,0.015221,-16654,-8839,-8608,-203,,1,1,0,1,0,0,Laborers,2.0,2,2,MONDAY,13,0,0,0,0,0,0,Industry: type 9,0.388724286,0.251860558,0.675413291,,,,,,,,,,,,,,,,,,,,,,,,,,,,,,,,,,,,,,,,,,,,,,,,0.0,0.0,0.0,0.0,0.0,0,1,0,0,0,0,0,0,0,0,0,0,0,0,0,0,0,0,0,0,0.0,0.0,0.0,0.0,0.0,1.0
120519,3/4/2018,0,Cash loans,M,Y,Y,0,112500.0,392427.0,28566.0,324000.0,Unaccompanied,Working,Secondary / secondary special,Married,House / apartment,0.035792,-19834,-4108,-5232,-3388,5.0,1,1,0,1,0,0,,2.0,2,2,TUESDAY,14,0,0,0,0,0,0,Other,,0.440391409,0.483050188,,,,,,,,,,,,,,,,,,,,,,,,,,,,,,,,,,,,,,,,,,,,,,,,0.0,0.0,0.0,0.0,-375.0,0,1,0,0,0,0,0,0,0,0,0,0,0,0,0,0,0,0,0,0,0.0,0.0,0.0,0.0,1.0,0.0
144497,5/17/2018,0,Cash loans,M,Y,Y,0,157500.0,296505.0,23904.0,247500.0,Unaccompanied,Working,Secondary / secondary special,Married,Office apartment,0.031329,-15663,-1782,-407,-312,18.0,1,1,0,1,0,0,Laborers,2.0,2,2,SATURDAY,10,0,0,0,0,0,0,Business Entity Type 3,0.313083729,0.450703547,0.651260219,,,,,,,,,,,,,,,,,,,,,,,,,,,,,,,,,,,,,,,,,,,,,,,,0.0,0.0,0.0,0.0,-777.0,0,1,0,0,0,0,0,0,0,0,0,0,0,0,0,0,0,0,0,0,0.0,0.0,0.0,0.0,0.0,1.0
117958,2/24/2018,0,Cash loans,F,N,N,2,112500.0,518562.0,22099.5,463500.0,Unaccompanied,Working,Secondary / secondary special,Married,House / apartment,0.010556,-13781,-4342,-519,-3267,,1,1,0,1,1,0,Security staff,4.0,3,3,THURSDAY,10,0,0,0,0,0,0,School,,0.662434749,0.669056695,,,,,,,,,,,,,,,,,,,,,,,,,,,,,,,,,,,,,,,,,,,,,,,,3.0,0.0,3.0,0.0,-1620.0,0,1,0,0,0,0,0,0,0,0,0,0,0,0,0,0,0,0,0,0,0.0,0.0,0.0,0.0,0.0,1.0
129818,4/2/2018,0,Cash loans,F,N,N,0,202500.0,921330.0,39163.5,823500.0,Unaccompanied,Pensioner,Secondary / secondary special,Married,House / apartment,0.072508,-22471,365243,-5578,-27,,1,0,0,1,0,0,,2.0,1,1,MONDAY,11,0,0,0,0,0,0,XNA,,0.639793715,0.524496446,,,,,,,,,,,,,,,,,,,,,,,,,,,,,,,,,,,,,,,,,,,,,,,,0.0,0.0,0.0,0.0,-913.0,0,0,0,0,1,0,0,0,0,0,0,0,0,0,0,0,0,0,0,0,0.0,0.0,0.0,0.0,1.0,1.0
135462,4/19/2018,0,Cash loans,F,N,Y,0,132750.0,808650.0,26086.5,675000.0,Unaccompanied,Working,Secondary / secondary special,Married,House / apartment,0.018029,-15721,-1086,-4359,-4359,,1,1,0,1,0,0,Sales staff,2.0,3,3,SUNDAY,4,0,0,0,0,0,0,Self-employed,,0.360542437,,,,,,,,,,,,,,,,,,,,,,,,,,,,,,,,,,,,,,,,,,,,,,,,,0.0,0.0,0.0,0.0,-847.0,0,1,0,0,0,0,0,0,0,0,0,0,0,0,0,0,0,0,0,0,,,,,,
150211,6/4/2018,0,Cash loans,M,N,Y,0,157500.0,197820.0,15309.0,180000.0,Unaccompanied,Working,Secondary / secondary special,Married,House / apartment,0.011657,-19847,-419,-1296,-3330,,1,1,0,1,1,0,Laborers,2.0,1,1,TUESDAY,12,0,0,0,0,0,0,Business Entity Type 3,,0.580383408,0.616121691,0.0247,0.0,0.9737,,,0.0,0.069,0.0833,,,,0.0189,,0.0,0.0252,0.0,0.9737,,,0.0,0.069,0.0833,,,,0.0197,,0.0,0.025,0.0,0.9737,,,0.0,0.069,0.0833,,,,0.0193,,0.0,,block of flats,0.0149,"Stone, brick",No,1.0,0.0,1.0,0.0,-8.0,0,1,0,0,0,0,0,0,0,0,0,0,0,0,0,0,0,0,0,0,0.0,0.0,0.0,0.0,0.0,0.0
133707,4/14/2018,0,Cash loans,F,N,Y,2,225000.0,942300.0,26041.5,675000.0,Family,Commercial associate,Secondary / secondary special,Married,House / apartment,0.011703,-11402,-2536,-993,-2925,,1,1,0,1,1,0,,4.0,2,2,MONDAY,13,0,0,0,0,0,0,Business Entity Type 3,0.579953555,0.560727564,0.50107516,0.1031,0.0,0.9752,0.66,,0.0,0.1724,0.1667,0.2083,0.0852,,0.0892,,0.004,0.105,0.0,0.9752,0.6733,,0.0,0.1724,0.1667,0.2083,0.0871,,0.0929,,0.0042,0.1041,0.0,0.9752,0.6645,,0.0,0.1724,0.1667,0.2083,0.0867,,0.0908,,0.0041,not specified,block of flats,0.0769,Panel,No,0.0,0.0,0.0,0.0,-195.0,0,1,0,0,0,0,0,0,0,0,0,0,0,0,1,0,0,0,0,0,0.0,0.0,0.0,0.0,0.0,3.0
134319,4/16/2018,1,Cash loans,M,Y,Y,0,157500.0,545040.0,26640.0,450000.0,Unaccompanied,Working,Secondary / secondary special,Married,House / apartment,0.020246,-18391,-720,-302,-1799,6.0,1,1,0,1,0,0,Drivers,2.0,3,3,WEDNESDAY,11,0,0,0,0,0,0,Self-employed,0.529963755,0.31121574,0.275000352,0.0773,,0.9816,0.7484,0.0325,0.0,0.1724,0.1667,0.2083,0.0575,0.063,0.051,0.0,0.0,0.0788,,0.9816,0.7583,0.0328,0.0,0.1724,0.1667,0.2083,0.0588,0.0689,0.0531,0.0,0.0,0.0781,,0.9816,0.7518,0.0327,0.0,0.1724,0.1667,0.2083,0.0585,0.0641,0.0519,0.0,0.0,reg oper account,block of flats,0.0579,Panel,No,0.0,0.0,0.0,0.0,-510.0,0,1,0,0,0,0,0,0,0,0,0,0,0,0,0,0,0,0,0,0,0.0,0.0,0.0,0.0,0.0,7.0
119926,3/2/2018,1,Cash loans,M,Y,Y,0,157500.0,1130062.5,47880.0,1039500.0,Unaccompanied,Working,Secondary / secondary special,Single / not married,With parents,0.00823,-8502,-243,-1151,-1163,16.0,1,1,0,1,0,0,Core staff,1.0,2,2,SUNDAY,15,0,0,0,1,1,0,Trade: type 5,,0.440892665,0.513693766,,,,,,,,,,,,,,,,,,,,,,,,,,,,,,,,,,,,,,,,,,,,,,,,3.0,2.0,3.0,0.0,-1156.0,0,1,0,0,0,0,0,0,0,0,0,0,0,0,0,0,0,0,0,0,0.0,0.0,0.0,0.0,0.0,2.0
120164,3/3/2018,0,Cash loans,M,Y,N,1,180000.0,1546020.0,45333.0,1350000.0,Unaccompanied,Commercial associate,Secondary / secondary special,Married,House / apartment,0.010556,-11091,-1161,-3117,-3429,8.0,1,1,0,1,0,0,Laborers,3.0,3,3,WEDNESDAY,16,0,0,0,1,1,0,Business Entity Type 3,,0.564435228,0.394495405,,,,,,,,,,,,,,,,,,,,,,,,,,,,,,,,,,,,,,,,,,,,,,,,1.0,0.0,1.0,0.0,-2110.0,0,0,0,0,0,0,1,0,0,0,0,0,0,0,0,0,0,0,0,0,0.0,0.0,0.0,0.0,2.0,2.0
117573,2/23/2018,0,Cash loans,M,Y,Y,0,337500.0,701721.0,35829.0,567000.0,"Spouse, partner",Pensioner,Secondary / secondary special,Civil marriage,House / apartment,0.010006,-23447,365243,-5415,-593,15.0,1,0,0,1,0,0,,2.0,2,2,MONDAY,12,0,0,0,0,0,0,XNA,0.721593615,0.62627221,0.633031641,0.0619,0.0767,0.9876,0.83,0.017,0.0,0.1034,0.1667,0.0417,,0.0504,0.0713,0.0,0.0,0.063,0.0796,0.9876,0.8367,0.0172,0.0,0.1034,0.1667,0.0417,,0.0551,0.0743,0.0,0.0,0.0625,0.0767,0.9876,0.8323,0.0172,0.0,0.1034,0.1667,0.0417,,0.0513,0.0726,0.0,0.0,reg oper account,block of flats,0.058,Panel,No,0.0,0.0,0.0,0.0,-1615.0,0,0,0,0,1,0,0,0,0,0,0,0,0,0,0,0,0,0,0,0,0.0,0.0,0.0,0.0,0.0,4.0
105773,1/18/2018,0,Cash loans,F,N,N,0,144000.0,364896.0,19926.0,315000.0,Unaccompanied,Working,Secondary / secondary special,Widow,House / apartment,0.02461,-16589,-2029,-3525,-136,,1,1,0,1,1,0,,1.0,2,2,SATURDAY,10,0,0,0,0,1,1,Other,,0.314204819,0.591976618,,,,,,,,,,,,,,,,,,,,,,,,,,,,,,,,,,,,,,,,,,,,,,,,0.0,0.0,0.0,0.0,-1953.0,0,1,0,0,0,0,0,0,0,0,0,0,0,0,0,0,0,0,0,0,0.0,0.0,0.0,0.0,0.0,4.0
143747,5/15/2018,0,Cash loans,M,Y,Y,0,166500.0,1024740.0,52452.0,900000.0,Unaccompanied,Working,Higher education,Married,House / apartment,0.010006,-10726,-262,-597,-2211,4.0,1,1,0,1,0,0,Laborers,2.0,2,2,FRIDAY,9,0,0,0,1,1,0,Transport: type 4,,0.213727663,0.391054977,0.0124,0.0,0.9841,0.7824,0.0028,0.0,0.1034,0.0417,0.0833,0.0079,0.0101,0.0143,0.0,0.0,0.0126,0.0,0.9841,0.7909,0.0028,0.0,0.1034,0.0417,0.0833,0.0081,0.011,0.0149,0.0,0.0,0.0125,0.0,0.9841,0.7853,0.0028,0.0,0.1034,0.0417,0.0833,0.0081,0.0103,0.0145,0.0,0.0,reg oper account,block of flats,0.0128,Wooden,No,1.0,0.0,1.0,0.0,-121.0,0,1,0,0,0,0,0,0,0,0,0,0,0,0,0,0,0,0,0,0,0.0,0.0,0.0,1.0,1.0,1.0
141769,5/9/2018,1,Cash loans,M,Y,N,0,112500.0,283419.0,19071.0,234000.0,Unaccompanied,Working,Secondary / secondary special,Single / not married,House / apartment,0.020713,-19188,-864,-8549,-2668,12.0,1,1,0,1,0,0,Drivers,1.0,3,3,FRIDAY,10,0,0,0,0,0,0,Business Entity Type 3,,0.06373608,0.456109739,0.0464,0.0444,0.9737,,,0.0,0.1262,0.1108,,0.0127,,0.0405,,0.0014,0.0252,0.0301,0.9737,,,0.0,0.1379,0.125,,0.0123,,0.0236,,0.0,0.0489,0.0467,0.9737,,,0.0,0.1379,0.125,,0.0122,,0.0442,,0.0,,block of flats,0.0202,Panel,No,0.0,0.0,0.0,0.0,0.0,0,1,0,0,0,0,0,0,0,0,0,0,0,0,0,0,0,0,0,0,0.0,0.0,0.0,0.0,0.0,1.0
124062,3/15/2018,0,Cash loans,F,N,Y,0,225000.0,1006920.0,42790.5,900000.0,Unaccompanied,Commercial associate,Higher education,Married,House / apartment,0.006305,-15726,-3134,-3935,-4724,,1,1,0,1,0,0,Private service staff,2.0,3,3,TUESDAY,8,0,0,0,0,0,0,Self-employed,0.725404317,0.645123156,0.707699345,,,,,,,,,,,,,,,,,,,,,,,,,,,,,,,,,,,,,,,,,,,,,,,,0.0,0.0,0.0,0.0,-2166.0,0,1,0,0,0,0,0,0,0,0,0,0,0,0,0,0,0,0,0,0,0.0,0.0,0.0,0.0,1.0,1.0
100496,1/2/2018,0,Cash loans,F,N,Y,0,450000.0,1125000.0,33025.5,1125000.0,Unaccompanied,Working,Secondary / secondary special,Married,House / apartment,0.026392,-18627,-2190,-1340,-2114,,1,1,0,1,1,0,Sales staff,2.0,2,2,FRIDAY,14,0,0,0,0,0,0,Business Entity Type 3,,0.567395128,,,,,,,,,,,,,,,,,,,,,,,,,,,,,,,,,,,,,,,,,,,,,,,,,0.0,0.0,0.0,0.0,-1802.0,0,1,0,0,0,0,0,0,0,0,0,0,0,0,0,0,0,0,0,0,0.0,0.0,0.0,0.0,0.0,1.0
100693,1/3/2018,0,Cash loans,F,N,Y,3,90000.0,808650.0,26217.0,675000.0,Unaccompanied,Working,Secondary / secondary special,Married,House / apartment,0.00496,-16215,-4428,-3362,-4933,,1,1,0,1,0,0,High skill tech staff,5.0,2,2,THURSDAY,16,0,0,0,0,0,0,Other,0.574852493,0.720494857,,,,0.9851,,,,,0.0,,,,,,,,,0.9851,,,,,0.0,,,,,,,,,0.9851,,,,,0.0,,,,,,,,terraced house,0.0014,,No,0.0,0.0,0.0,0.0,-750.0,0,1,0,0,0,0,0,0,0,0,0,0,0,0,0,0,0,0,0,0,0.0,0.0,1.0,0.0,0.0,0.0
137962,4/27/2018,0,Cash loans,M,Y,N,0,157500.0,942300.0,30528.0,675000.0,Family,Working,Secondary / secondary special,Married,House / apartment,0.006207,-18862,-769,-336,-2382,7.0,1,1,0,1,0,0,Security staff,2.0,2,2,FRIDAY,10,0,1,1,0,0,0,Business Entity Type 3,0.548513436,0.712643093,0.803885061,,,,,,,,,,,,,,,,,,,,,,,,,,,,,,,,,,,,,,,,,,,,,,,,7.0,0.0,7.0,0.0,-2524.0,0,1,0,0,0,0,0,0,0,0,0,0,0,0,0,0,0,0,0,0,0.0,0.0,0.0,0.0,0.0,7.0
110915,2/3/2018,0,Cash loans,M,Y,Y,2,112500.0,177903.0,10881.0,148500.0,Unaccompanied,Working,Secondary / secondary special,Married,House / apartment,0.031329,-15758,-1668,-1818,-4552,15.0,1,1,0,1,1,0,Laborers,4.0,2,2,SATURDAY,11,0,0,0,0,1,1,Transport: type 2,0.404729244,0.757428142,0.704706423,,,,,,,,,,,,,,,,,,,,,,,,,,,,,,,,,,,,,,,,,,,,,,,,0.0,0.0,0.0,0.0,-3292.0,0,1,0,0,0,0,0,0,0,0,0,0,0,0,0,0,0,0,0,0,0.0,0.0,0.0,0.0,0.0,0.0
110121,1/31/2018,0,Cash loans,M,N,Y,0,405000.0,450000.0,48595.5,450000.0,Family,State servant,Higher education,Married,House / apartment,0.01452,-14730,-2419,-61,-5955,,1,1,0,1,0,0,,2.0,2,2,MONDAY,13,0,0,0,0,0,0,Other,,0.374079423,0.740799088,0.1546,0.1623,0.999,0.9864,0.0,0.2,0.1724,0.2917,0.3333,0.0,0.1261,0.1978,0.0,0.0,0.1576,0.1684,0.999,0.9869,0.0,0.2014,0.1724,0.2917,0.3333,0.0,0.1377,0.206,0.0,0.0,0.1561,0.1623,0.999,0.9866,0.0,0.2,0.1724,0.2917,0.3333,0.0,0.1283,0.2013,0.0,0.0,reg oper account,block of flats,0.1555,"Stone, brick",No,0.0,0.0,0.0,0.0,-2123.0,0,1,0,0,0,0,0,0,0,0,0,0,0,0,0,0,0,0,0,0,0.0,0.0,0.0,0.0,1.0,1.0
124508,3/16/2018,0,Cash loans,F,N,Y,0,76500.0,254700.0,14751.0,225000.0,Unaccompanied,Pensioner,Lower secondary,Single / not married,House / apartment,0.022625,-23828,365243,-3039,-4154,,1,0,0,1,0,0,,1.0,2,2,WEDNESDAY,10,0,0,0,0,0,0,XNA,,0.795467495,0.404878364,0.1485,,0.9806,,,0.16,0.1379,0.3333,,,,0.1453,,,0.1513,,0.9806,,,0.1611,0.1379,0.3333,,,,0.1514,,,0.1499,,0.9806,,,0.16,0.1379,0.3333,,,,0.1479,,,,block of flats,0.1523,,No,1.0,0.0,1.0,0.0,-40.0,0,0,0,0,1,0,0,0,0,0,0,0,0,0,0,0,0,0,0,0,0.0,0.0,0.0,0.0,2.0,5.0
119048,2/28/2018,0,Cash loans,M,Y,Y,0,292500.0,562491.0,23962.5,454500.0,Unaccompanied,Working,Secondary / secondary special,Married,House / apartment,0.015221,-16667,-4389,-9220,-223,2.0,1,1,1,1,1,0,Drivers,2.0,2,2,TUESDAY,9,0,0,0,0,0,0,Trade: type 7,0.609986437,0.185689941,,,,,,,,,,,,,,,,,,,,,,,,,,,,,,,,,,,,,,,,,,,,,,,,,1.0,0.0,1.0,0.0,-1737.0,0,1,0,0,0,0,0,0,0,0,0,0,0,0,0,0,0,0,0,0,,,,,,
110196,2/1/2018,0,Cash loans,F,N,Y,1,135000.0,754740.0,24475.5,630000.0,Unaccompanied,Working,Secondary / secondary special,Single / not married,With parents,0.02461,-11846,-2877,-6051,-4454,,1,1,0,1,1,0,Sales staff,2.0,2,2,MONDAY,12,0,0,0,0,0,0,Medicine,,0.51386784,0.570916542,0.0082,0.0,0.9722,0.6192,,0.0,0.0345,0.0417,,0.0104,,0.0066,,0.0,0.0084,0.0,0.9722,0.6341,,0.0,0.0345,0.0417,,0.0107,,0.0069,,0.0,0.0083,0.0,0.9722,0.6243,,0.0,0.0345,0.0417,,0.0106,,0.0067,,0.0,,block of flats,0.0055,Block,No,0.0,0.0,0.0,0.0,-1268.0,0,1,0,0,0,0,0,0,0,0,0,0,0,0,0,0,0,0,0,0,0.0,0.0,0.0,2.0,1.0,2.0
145313,5/20/2018,0,Cash loans,F,N,Y,0,112500.0,247275.0,17338.5,225000.0,Unaccompanied,Pensioner,Secondary / secondary special,Married,House / apartment,0.022625,-24046,365243,-10654,-4858,,1,0,0,1,0,0,,2.0,2,2,FRIDAY,9,0,0,0,0,0,0,XNA,,0.576752396,0.698667555,0.1227,0.1235,0.9861,0.8096,0.057,0.0,0.2759,0.1667,0.2083,0.1175,0.1,0.1066,0.0,0.0,0.125,0.1281,0.9861,0.8171,0.0575,0.0,0.2759,0.1667,0.2083,0.1202,0.1093,0.111,0.0,0.0,0.1239,0.1235,0.9861,0.8121,0.0574,0.0,0.2759,0.1667,0.2083,0.1196,0.1018,0.1085,0.0,0.0,reg oper account,block of flats,0.115,Panel,No,1.0,0.0,1.0,0.0,0.0,0,1,0,0,0,0,0,0,0,0,0,0,0,0,0,0,0,0,0,0,0.0,0.0,0.0,1.0,0.0,1.0
128185,3/28/2018,0,Cash loans,F,Y,Y,2,157500.0,270000.0,21775.5,270000.0,Unaccompanied,Working,Higher education,Married,House / apartment,0.007305,-9934,-1977,-921,-334,15.0,1,1,1,1,1,0,Managers,4.0,3,3,MONDAY,8,0,0,0,0,0,0,Postal,0.287999606,0.615183653,0.579727423,0.0577,0.0816,0.9801,0.728,0.0092,0.0,0.1379,0.125,0.1667,0.047,0.0471,0.0504,0.0,0.0,0.0588,0.0847,0.9801,0.7387,0.0093,0.0,0.1379,0.125,0.1667,0.0481,0.0514,0.0525,0.0,0.0,0.0583,0.0816,0.9801,0.7316,0.0092,0.0,0.1379,0.125,0.1667,0.0478,0.0479,0.0513,0.0,0.0,reg oper account,block of flats,0.0447,"Stone, brick",No,4.0,0.0,4.0,0.0,-2482.0,0,1,0,0,0,0,0,0,0,0,0,0,0,0,0,0,0,0,0,0,0.0,0.0,0.0,0.0,0.0,3.0
153799,6/15/2018,0,Cash loans,F,N,N,0,112500.0,312768.0,24709.5,270000.0,Unaccompanied,Working,Secondary / secondary special,Separated,House / apartment,0.020713,-13617,-1760,-1130,-3110,,1,1,1,1,1,0,Sales staff,1.0,3,3,THURSDAY,12,0,0,0,0,0,0,Self-employed,0.38248785,0.304932349,0.236610824,,,,,,,,,,,,,,,,,,,,,,,,,,,,,,,,,,,,,,,,,,,,,,,No,6.0,0.0,6.0,0.0,-2111.0,0,1,0,0,0,0,0,0,0,0,0,0,0,0,0,0,0,0,0,0,0.0,0.0,1.0,0.0,0.0,9.0
129490,4/1/2018,1,Cash loans,F,N,Y,1,108000.0,299772.0,21942.0,247500.0,Unaccompanied,Working,Secondary / secondary special,Single / not married,House / apartment,0.001276,-10691,-1524,-2,-3359,,1,1,0,1,0,0,Cooking staff,2.0,2,2,THURSDAY,8,0,0,0,0,0,0,Kindergarten,0.19738593,0.109315736,,0.0273,0.0428,0.9791,0.7688,,0.0,0.0345,0.1458,0.2083,0.0349,0.0092,0.0175,0.0,0.0329,0.0116,0.0444,0.9757,0.7779,,0.0,0.0345,0.125,0.2083,0.0321,0.0101,0.0122,0.0,0.0118,0.0276,0.0428,0.9791,0.7719,,0.0,0.0345,0.1458,0.2083,0.0355,0.0094,0.0178,0.0,0.0336,,block of flats,0.0204,Block,No,0.0,0.0,0.0,0.0,0.0,0,1,0,0,0,0,0,0,0,0,0,0,0,0,0,0,0,0,0,0,,,,,,
150582,6/5/2018,0,Cash loans,F,N,Y,0,99000.0,454500.0,44275.5,454500.0,Unaccompanied,Working,Secondary / secondary special,Married,Municipal apartment,0.031329,-18601,-1734,-9420,-2146,,1,1,1,1,1,0,Laborers,2.0,2,2,SUNDAY,17,0,0,0,0,0,0,Business Entity Type 1,,0.710538288,0.44005783,0.1093,0.0452,0.9871,0.8232,0.0262,0.0,0.2759,0.1667,0.2083,0.09,0.0891,0.1111,0.0,0.0,0.1113,0.0469,0.9871,0.8301,0.0264,0.0,0.2759,0.1667,0.2083,0.0921,0.0973,0.1158,0.0,0.0,0.1103,0.0452,0.9871,0.8256,0.0264,0.0,0.2759,0.1667,0.2083,0.0916,0.0906,0.1131,0.0,0.0,reg oper account,block of flats,0.0874,Block,No,0.0,0.0,0.0,0.0,0.0,0,1,0,0,0,0,0,0,0,0,0,0,0,0,0,0,0,0,0,0,0.0,0.0,0.0,0.0,0.0,0.0
108596,1/27/2018,0,Cash loans,F,N,Y,1,180000.0,592560.0,32274.0,450000.0,Unaccompanied,Commercial associate,Higher education,Married,Municipal apartment,0.072508,-10942,-1467,-508,-3402,,1,1,0,1,1,1,Accountants,3.0,1,1,TUESDAY,17,0,0,0,0,0,0,Business Entity Type 2,0.42066793,0.549668291,,0.1828,0.1036,0.9881,0.8164,0.109,0.24,0.1493,0.5138,0.3958,0.0026,0.2021,0.2,0.0212,0.0267,0.042,0.0391,0.9767,0.6929,0.096,0.3222,0.0345,0.3333,0.375,0.0,0.1837,0.1052,0.0039,0.0069,0.2186,0.1185,0.9921,0.8189,0.1097,0.32,0.1379,0.5417,0.3958,0.0,0.2056,0.2268,0.0214,0.0072,reg oper account,block of flats,0.1768,Monolithic,No,1.0,0.0,1.0,0.0,-1298.0,0,1,0,0,0,0,0,0,0,0,0,0,0,0,0,0,0,0,0,0,,,,,,
124836,3/17/2018,0,Revolving loans,M,N,Y,0,157500.0,270000.0,13500.0,270000.0,Unaccompanied,Working,Secondary / secondary special,Single / not married,House / apartment,0.028663,-8055,-994,-722,-743,,1,1,0,1,0,0,High skill tech staff,1.0,2,2,WEDNESDAY,17,0,0,0,0,0,0,Other,0.239063026,0.007372206,0.094451692,,,,,,,,,,,,,,,,,,,,,,,,,,,,,,,,,,,,,,,,,,,,,,,,1.0,0.0,1.0,0.0,0.0,0,0,0,0,0,0,0,0,0,0,0,0,0,0,0,0,0,0,0,0,0.0,0.0,0.0,1.0,1.0,1.0
145845,5/22/2018,0,Cash loans,M,Y,Y,0,157500.0,373140.0,22828.5,337500.0,Unaccompanied,Working,Higher education,Civil marriage,House / apartment,0.00823,-9486,-1109,-240,-2115,7.0,1,1,0,1,0,0,Laborers,2.0,2,2,FRIDAY,12,0,0,0,0,0,0,Business Entity Type 3,,0.561056098,0.50107516,,,0.9781,,,,,0.1667,,,,0.0913,,,,,0.9782,,,,,0.1667,,,,0.0952,,,,,0.9781,,,,,0.1667,,,,0.093,,,,,0.0932,"Stone, brick",No,0.0,0.0,0.0,0.0,-1063.0,0,1,0,0,0,0,0,0,0,0,0,0,0,0,0,0,0,0,0,0,0.0,0.0,0.0,0.0,1.0,1.0
111286,2/4/2018,0,Cash loans,M,Y,Y,0,202500.0,450000.0,21109.5,450000.0,"Spouse, partner",Working,Secondary / secondary special,Married,House / apartment,0.028663,-10942,-957,-5007,-3380,13.0,1,1,1,1,0,1,Laborers,2.0,2,2,FRIDAY,16,0,1,1,0,1,1,Industry: type 9,,0.382188329,0.771361592,,,,,,,,,,,,,,,,,,,,,,,,,,,,,,,,,,,,,,,,,,,,,,,,0.0,0.0,0.0,0.0,0.0,0,1,0,0,0,0,0,0,0,0,0,0,0,0,0,0,0,0,0,0,0.0,0.0,0.0,0.0,0.0,1.0
119016,2/28/2018,0,Revolving loans,M,Y,Y,0,135000.0,180000.0,9000.0,180000.0,Unaccompanied,Working,Incomplete higher,Single / not married,House / apartment,0.032561,-7780,-990,-4201,-448,8.0,1,1,0,1,1,1,Drivers,1.0,1,1,WEDNESDAY,16,0,0,0,0,0,0,Business Entity Type 3,,0.604314073,0.646329898,0.2309,0.0204,0.9791,,,0.16,0.1379,0.3333,,,,0.0949,,0.0999,0.2353,0.0211,0.9791,,,0.1611,0.1379,0.3333,,,,0.0989,,0.1058,0.2332,0.0204,0.9791,,,0.16,0.1379,0.3333,,,,0.0966,,0.102,,block of flats,0.1536,,No,0.0,0.0,0.0,0.0,-600.0,0,0,0,0,0,0,0,0,0,0,0,0,0,0,0,0,0,0,0,0,0.0,0.0,0.0,0.0,0.0,1.0
118397,2/26/2018,0,Cash loans,M,N,Y,0,135000.0,970380.0,34380.0,810000.0,Unaccompanied,Working,Secondary / secondary special,Married,House / apartment,0.035792,-15284,-1466,-7844,-4546,,1,1,1,1,0,0,Security staff,2.0,2,2,SATURDAY,8,0,0,0,0,1,1,Agriculture,,0.351244133,0.565607981,,,,,,,,,,,,,,,,,,,,,,,,,,,,,,,,,,,,,,,,,,,,,,,,0.0,0.0,0.0,0.0,-1424.0,0,1,0,0,0,0,0,0,0,0,0,0,0,0,0,0,0,0,0,0,0.0,0.0,0.0,0.0,0.0,1.0
102688,1/9/2018,1,Cash loans,F,N,Y,0,139500.0,450000.0,24543.0,450000.0,Family,Working,Secondary / secondary special,Separated,House / apartment,0.028663,-19644,-561,-3103,-3143,,1,1,0,1,0,0,Laborers,1.0,2,2,WEDNESDAY,13,0,0,0,0,1,1,Self-employed,0.682089612,0.419306083,0.468659655,,,,,,,,,,,,,,,,,,,,,,,,,,,,,,,,,,,,,,,,,,,,,,,,3.0,1.0,3.0,0.0,-1106.0,0,1,0,0,0,0,0,0,0,0,0,0,0,0,0,0,0,0,0,0,0.0,0.0,0.0,0.0,1.0,2.0
113590,2/11/2018,0,Cash loans,F,N,N,0,81000.0,238500.0,6421.5,238500.0,Unaccompanied,Working,Secondary / secondary special,Civil marriage,House / apartment,0.015221,-19771,-636,-10030,-3319,,1,1,0,1,0,0,Sales staff,2.0,2,2,SUNDAY,11,0,0,0,0,0,0,Self-employed,,0.700025667,,0.0918,0.0994,0.9776,,,0.0,0.2069,0.1667,,0.085,,0.0861,,0.0112,0.0935,0.1032,0.9777,,,0.0,0.2069,0.1667,,0.0869,,0.0897,,0.0118,0.0926,0.0994,0.9776,,,0.0,0.2069,0.1667,,0.0864,,0.0877,,0.0114,,block of flats,0.0771,Panel,No,0.0,0.0,0.0,0.0,-953.0,0,1,0,0,0,0,0,0,0,0,0,0,0,0,1,0,0,0,0,0,,,,,,
138015,4/27/2018,1,Cash loans,F,N,Y,0,225000.0,469152.0,17383.5,405000.0,Family,Commercial associate,Secondary / secondary special,Civil marriage,House / apartment,0.016612,-20551,-12650,-14274,-1539,,1,1,0,1,0,0,Accountants,2.0,2,2,WEDNESDAY,15,0,0,0,0,1,1,Other,,0.647103169,0.44005783,0.0928,0.101,0.9801,0.728,0.0467,0.0,0.2069,0.1667,0.2083,0.0367,0.0756,0.0881,0.0,0.0,0.0945,0.1048,0.9801,0.7387,0.0471,0.0,0.2069,0.1667,0.2083,0.0376,0.0826,0.0918,0.0,0.0,0.0937,0.101,0.9801,0.7316,0.047,0.0,0.2069,0.1667,0.2083,0.0374,0.077,0.0897,0.0,0.0,reg oper account,block of flats,0.0948,Panel,No,8.0,0.0,7.0,0.0,-984.0,0,1,0,0,0,0,0,0,0,0,0,0,0,0,0,0,0,0,0,0,0.0,0.0,0.0,0.0,0.0,3.0
102510,1/8/2018,0,Cash loans,F,Y,Y,0,135000.0,356580.0,36666.0,315000.0,Unaccompanied,Commercial associate,Incomplete higher,Civil marriage,House / apartment,0.01885,-16261,-5157,-756,-4249,8.0,1,1,1,1,1,0,,2.0,2,2,TUESDAY,9,0,0,0,0,0,0,Business Entity Type 3,0.53889747,0.67737971,0.719490785,0.0624,0.0399,0.998,0.9728,0.0132,0.06,0.0517,0.2917,0.3333,0.0227,0.0509,0.0646,0.0,0.0,0.0515,0.04,0.9975,0.9673,0.0114,0.0403,0.0345,0.25,0.2917,0.0131,0.045,0.0543,0.0,0.0,0.063,0.0399,0.998,0.9732,0.0133,0.06,0.0517,0.2917,0.3333,0.0231,0.0517,0.0658,0.0,0.0,reg oper account,block of flats,0.0471,"Stone, brick",No,8.0,1.0,8.0,1.0,-1506.0,0,1,0,0,0,0,0,0,0,0,0,0,0,0,0,0,0,0,0,0,0.0,0.0,0.0,1.0,0.0,4.0
141499,5/8/2018,1,Cash loans,F,N,N,1,90000.0,298512.0,20079.0,270000.0,Unaccompanied,Working,Secondary / secondary special,Civil marriage,With parents,0.002134,-10957,-2299,-3419,-3453,,1,1,0,1,0,0,Cooking staff,3.0,3,3,MONDAY,11,0,0,0,1,1,0,Self-employed,,0.05571825,0.357293268,,,,,,,,,,,,,,,,,,,,,,,,,,,,,,,,,,,,,,,,,,,,,,,,0.0,0.0,0.0,0.0,-2196.0,0,1,0,0,0,0,0,0,0,0,0,0,0,0,0,0,0,0,0,0,0.0,0.0,0.0,0.0,0.0,3.0
104430,1/14/2018,0,Cash loans,M,Y,Y,0,135000.0,324000.0,29713.5,324000.0,Unaccompanied,Commercial associate,Secondary / secondary special,Single / not married,House / apartment,0.028663,-15685,-247,-1143,-4465,5.0,1,1,0,1,0,0,Core staff,1.0,2,2,THURSDAY,12,0,0,0,0,0,0,Self-employed,0.370336179,0.61118469,,,,,,,,,,,,,,,,,,,,,,,,,,,,,,,,,,,,,,,,,,,,,,,,,14.0,0.0,14.0,0.0,0.0,0,0,0,0,0,0,1,0,0,0,0,0,0,0,0,0,0,0,0,0,,,,,,
122251,3/9/2018,0,Cash loans,F,Y,Y,1,90000.0,337761.0,17244.0,256500.0,Unaccompanied,Working,Secondary / secondary special,Married,House / apartment,0.035792,-12361,-2563,-457,-3190,11.0,1,1,0,1,0,0,Sales staff,3.0,2,2,SATURDAY,12,0,0,0,0,0,0,Self-employed,,0.583628496,0.728141299,,,,,,,,,,,,,,,,,,,,,,,,,,,,,,,,,,,,,,,,,,,,,,,,3.0,0.0,3.0,0.0,-2340.0,0,1,0,0,0,0,0,0,0,0,0,0,0,0,0,0,0,0,0,0,0.0,0.0,0.0,0.0,0.0,2.0
122577,3/10/2018,0,Cash loans,F,N,Y,0,90000.0,288873.0,16713.0,238500.0,Unaccompanied,Pensioner,Secondary / secondary special,Single / not married,House / apartment,0.020246,-21948,365243,-3039,-3921,,1,0,0,1,0,0,,1.0,3,3,WEDNESDAY,6,0,0,0,0,0,0,XNA,,0.32775807,0.16540746,0.3964,0.1087,0.9796,0.7212,0.0,0.08,0.069,0.3333,0.375,0.0704,0.3232,0.151,0.0,0.0009,0.4023,0.1113,0.9796,0.7321,0.0,0.0806,0.069,0.3333,0.375,0.072,0.3517,0.157,0.0,0.0,0.4002,0.1087,0.9796,0.7249,0.0,0.08,0.069,0.3333,0.375,0.0716,0.3288,0.1537,0.0,0.0009,not specified,block of flats,0.1189,Panel,No,1.0,0.0,1.0,0.0,-365.0,0,0,0,0,1,0,0,0,0,0,0,0,0,0,0,0,0,0,0,0,0.0,0.0,0.0,0.0,0.0,0.0
147062,5/25/2018,0,Cash loans,M,Y,N,2,112500.0,545040.0,25537.5,450000.0,Unaccompanied,Working,Secondary / secondary special,Married,House / apartment,0.019101,-10430,-3119,-5000,-3092,14.0,1,1,0,1,0,0,Drivers,4.0,2,2,SUNDAY,11,0,0,0,0,1,1,Business Entity Type 3,,0.615292359,0.780143638,,,,,,,,,,,,,,,,,,,,,,,,,,,,,,,,,,,,,,,,,,,,,,,,2.0,1.0,2.0,1.0,-2450.0,0,1,0,0,0,0,0,0,0,0,0,0,0,0,0,0,0,0,0,0,0.0,0.0,0.0,0.0,0.0,1.0
132507,4/10/2018,0,Cash loans,F,Y,N,0,180000.0,755190.0,28116.0,675000.0,Unaccompanied,Commercial associate,Higher education,Married,House / apartment,0.016612,-11495,-208,-601,-3360,31.0,1,1,0,1,0,0,High skill tech staff,2.0,2,2,TUESDAY,17,0,0,0,1,1,0,Business Entity Type 2,0.438668682,0.517685377,0.544234741,,,,,,,,,,,,,,,,,,,,,,,,,,,,,,,,,,,,,,,,,,,,,,,,2.0,0.0,2.0,0.0,-19.0,0,1,0,0,0,0,0,0,0,0,0,0,0,0,0,0,0,0,0,0,0.0,0.0,0.0,1.0,1.0,0.0
154899,6/18/2018,0,Cash loans,F,Y,N,0,94500.0,900000.0,26311.5,900000.0,Unaccompanied,Commercial associate,Secondary / secondary special,Married,House / apartment,0.011657,-14800,-47,-6372,-4363,6.0,1,1,1,1,1,0,Laborers,2.0,1,1,TUESDAY,14,0,0,0,0,0,0,Business Entity Type 3,0.474148222,0.645358419,0.641368257,0.1237,0.0895,0.9911,0.8776,0.0312,0.12,0.1034,0.375,0.4167,0.0356,0.1009,0.1441,0.0,0.0785,0.1261,0.0928,0.9911,0.8824,0.0315,0.1208,0.1034,0.375,0.4167,0.0364,0.1102,0.1501,0.0,0.0831,0.1249,0.0895,0.9911,0.8792,0.0314,0.12,0.1034,0.375,0.4167,0.0362,0.1026,0.1467,0.0,0.0801,reg oper account,block of flats,0.1304,Panel,No,0.0,0.0,0.0,0.0,-546.0,0,1,0,0,0,0,0,0,0,0,0,0,0,0,0,0,0,0,0,0,0.0,0.0,0.0,4.0,0.0,1.0
106925,1/22/2018,1,Cash loans,M,Y,N,0,202500.0,337500.0,16546.5,337500.0,Unaccompanied,Working,Secondary / secondary special,Single / not married,House / apartment,0.01452,-10343,-909,-730,-2857,23.0,1,1,0,1,0,0,Laborers,1.0,2,2,MONDAY,12,0,0,0,0,0,0,Government,0.024417474,0.543756038,0.315472155,,,0.9821,,,,,,,,,0.0029,,,,,0.9821,,,,,,,,,0.003,,,,,0.9821,,,,,,,,,0.003,,,,,0.0023,,No,7.0,3.0,7.0,3.0,0.0,0,1,0,0,0,0,0,0,0,0,0,0,0,0,0,0,0,0,0,0,0.0,0.0,1.0,2.0,2.0,1.0
142595,5/11/2018,0,Cash loans,M,Y,N,0,67500.0,343800.0,13090.5,225000.0,Unaccompanied,Pensioner,Higher education,Married,House / apartment,0.022625,-22455,365243,-6622,-4149,7.0,1,0,0,1,0,0,,2.0,2,2,TUESDAY,15,0,0,0,0,0,0,XNA,,0.657404478,0.667457742,,,,,,,,,,,,,,,,,,,,,,,,,,,,,,,,,,,,,,,,,,,,,,,,4.0,1.0,4.0,0.0,-495.0,0,1,0,0,0,0,0,0,0,0,0,0,0,0,0,0,0,0,0,0,0.0,0.0,0.0,0.0,0.0,1.0
111403,2/4/2018,0,Cash loans,F,Y,Y,0,135000.0,490495.5,47781.0,454500.0,Family,Working,Secondary / secondary special,Married,House / apartment,0.015221,-18239,-2084,-7098,-1770,12.0,1,1,0,1,0,0,Cooking staff,2.0,2,2,TUESDAY,11,0,0,0,0,0,0,Business Entity Type 3,,0.508458364,0.389338792,,,,,,,,,,,,,,,,,,,,,,,,,,,,,,,,,,,,,,,,,,,,,,,,0.0,0.0,0.0,0.0,-831.0,0,1,0,0,0,0,0,0,0,0,0,0,0,0,0,0,0,0,0,0,0.0,0.0,0.0,0.0,0.0,1.0
114504,2/14/2018,0,Cash loans,F,N,Y,1,157500.0,1288350.0,37800.0,1125000.0,Unaccompanied,Working,Secondary / secondary special,Married,House / apartment,0.004849,-12477,-224,-6306,-4649,,1,1,0,1,1,0,Core staff,3.0,2,2,THURSDAY,11,0,0,0,0,0,0,Restaurant,0.58280192,0.421602674,0.135951044,0.0619,0.0842,0.9806,,,,0.1379,0.1667,,,,0.0573,,0.0197,0.063,0.0873,0.9806,,,,0.1379,0.1667,,,,0.0597,,0.0209,0.0625,0.0842,0.9806,,,,0.1379,0.1667,,,,0.0583,,0.0201,,block of flats,0.0629,"Stone, brick",No,2.0,2.0,2.0,1.0,-541.0,0,1,0,0,0,0,0,0,0,0,0,0,0,0,0,0,0,0,0,0,0.0,0.0,0.0,0.0,0.0,1.0
157556,6/27/2018,0,Cash loans,F,N,N,0,67500.0,238896.0,11133.0,189000.0,Unaccompanied,Working,Secondary / secondary special,Separated,House / apartment,0.018029,-13687,-3296,-423,-2116,,1,1,1,1,0,0,,1.0,3,3,FRIDAY,11,0,0,0,0,0,0,Industry: type 9,,0.117786601,0.259467655,0.1186,0.1211,0.9816,,,0.0,0.2759,0.1667,,,,0.1093,,0.0,0.1208,0.1257,0.9816,,,0.0,0.2759,0.1667,,,,0.1138,,0.0,0.1197,0.1211,0.9816,,,0.0,0.2759,0.1667,,,,0.1112,,0.0,,block of flats,0.1356,Panel,No,7.0,0.0,6.0,0.0,-1035.0,0,1,0,0,0,0,0,0,0,0,0,0,0,0,0,0,0,0,0,0,0.0,0.0,0.0,0.0,0.0,2.0
143731,5/15/2018,0,Cash loans,M,N,N,1,126000.0,378180.0,10102.5,247500.0,Unaccompanied,Commercial associate,Secondary / secondary special,Single / not married,House / apartment,0.018801,-16548,-341,-1453,-71,,1,1,0,1,0,0,,2.0,2,2,THURSDAY,7,0,0,0,0,0,0,Business Entity Type 2,0.552472502,0.516336617,0.406617437,0.0742,0.0426,0.998,0.9728,0.0212,0.08,0.069,0.3333,0.375,0.0134,0.0605,0.0661,0.0,0.0,0.0756,0.0442,0.998,0.9739,0.0214,0.0806,0.069,0.3333,0.375,0.0137,0.0661,0.0689,0.0,0.0,0.0749,0.0426,0.998,0.9732,0.0214,0.08,0.069,0.3333,0.375,0.0136,0.0616,0.0673,0.0,0.0,reg oper account,block of flats,0.0727,"Stone, brick",No,0.0,0.0,0.0,0.0,-185.0,0,1,0,0,0,0,0,0,0,0,0,0,0,0,1,0,0,0,0,0,0.0,0.0,0.0,6.0,0.0,1.0
118229,2/25/2018,0,Cash loans,F,N,Y,0,225000.0,86256.0,7042.5,72000.0,Unaccompanied,Working,Secondary / secondary special,Married,House / apartment,0.035792,-17946,-3936,-3244,-1494,,1,1,0,1,0,0,Managers,2.0,2,2,SATURDAY,15,0,0,0,0,0,0,Self-employed,,0.697637039,0.461482391,,,,,,,,,,,,,,,,,,,,,,,,,,,,,,,,,,,,,,,,,,,,,,,,0.0,0.0,0.0,0.0,-1088.0,0,1,0,0,0,0,0,0,0,0,0,0,0,0,0,0,0,0,0,0,0.0,0.0,0.0,0.0,0.0,1.0
115550,2/17/2018,0,Cash loans,F,N,N,0,112500.0,251280.0,13630.5,180000.0,Unaccompanied,Working,Secondary / secondary special,Single / not married,House / apartment,0.008068,-9915,-250,-3549,-2564,,1,1,0,1,0,0,Laborers,1.0,3,3,THURSDAY,12,0,0,0,0,1,1,Transport: type 4,0.34117269,0.274676751,0.832785025,,,,,,,,,,,,,,,,,,,,,,,,,,,,,,,,,,,,,,,,,,,,,,,,2.0,0.0,2.0,0.0,0.0,0,1,0,0,0,0,0,0,0,0,0,0,0,0,0,0,0,0,0,0,0.0,0.0,0.0,1.0,0.0,0.0
106110,1/19/2018,0,Cash loans,F,N,Y,1,63000.0,904500.0,38322.0,904500.0,Unaccompanied,Pensioner,Secondary / secondary special,Married,House / apartment,0.02461,-22406,365243,-2294,-4967,,1,0,0,1,0,0,,3.0,2,2,TUESDAY,10,0,0,0,0,0,0,XNA,,0.632774632,0.639707568,,,,,,,,,,,,,,,,,,,,,,,,,,,,,,,,,,,,,,,,,,,,,,,,0.0,0.0,0.0,0.0,-1737.0,0,1,0,0,0,0,0,0,0,0,0,0,0,0,0,0,0,0,0,0,0.0,0.0,0.0,0.0,0.0,2.0
105919,1/19/2018,0,Cash loans,M,Y,Y,1,180000.0,540000.0,39294.0,540000.0,Unaccompanied,Commercial associate,Secondary / secondary special,Married,With parents,0.010643,-10442,-334,-5317,-2857,19.0,1,1,1,1,1,0,Security staff,3.0,2,2,TUESDAY,10,0,1,1,0,1,1,Security,0.635786249,0.209582772,0.347418227,0.0928,0.0059,0.9841,0.7824,0.0116,0.0,0.2069,0.1667,0.2083,0.066,0.0756,0.0809,0.0,0.0,0.0945,0.0061,0.9841,0.7909,0.0117,0.0,0.2069,0.1667,0.2083,0.0675,0.0826,0.0843,0.0,0.0,0.0937,0.0059,0.9841,0.7853,0.0117,0.0,0.2069,0.1667,0.2083,0.0671,0.077,0.0823,0.0,0.0,,block of flats,0.0654,"Stone, brick",No,0.0,0.0,0.0,0.0,-295.0,0,1,0,0,0,0,0,0,0,0,0,0,0,0,0,0,0,0,0,0,0.0,0.0,0.0,1.0,2.0,6.0
152130,6/10/2018,0,Cash loans,F,N,Y,0,360000.0,1467612.0,62181.0,1350000.0,Unaccompanied,Commercial associate,Secondary / secondary special,Married,House / apartment,0.072508,-19058,-7988,-6695,-2612,,1,1,0,1,0,0,Accountants,2.0,1,1,FRIDAY,12,0,0,0,0,0,0,Bank,,0.763908956,0.328063161,0.05,0.0695,0.9712,0.6056,0.0,0.03,0.1034,0.1667,0.2083,0.0,0.0408,0.0424,0.0,0.0573,0.0378,0.0104,0.9712,0.621,0.0,0.0,0.1034,0.1667,0.2083,0.0,0.0331,0.0342,0.0,0.0448,0.0479,0.0761,0.9712,0.6109,0.0,0.0,0.1034,0.1667,0.2083,0.0,0.0393,0.0409,0.0,0.0588,reg oper account,block of flats,0.0538,"Stone, brick",No,0.0,0.0,0.0,0.0,-931.0,0,1,0,0,0,0,0,0,0,0,0,0,0,0,0,0,0,0,0,0,0.0,0.0,0.0,0.0,0.0,1.0
114907,2/15/2018,0,Cash loans,M,Y,Y,0,76500.0,607041.0,24205.5,490500.0,Unaccompanied,Pensioner,Secondary / secondary special,Married,House / apartment,0.020246,-20100,365243,-171,-3419,2.0,1,0,0,1,0,0,,2.0,3,3,SATURDAY,11,0,0,0,0,0,0,XNA,0.673532522,0.229555574,0.213966852,0.232,0.2049,0.9876,0.83,,0.28,0.2414,0.3333,,0.1551,,0.2779,,0.0056,0.2363,0.2126,0.9876,0.8367,,0.282,0.2414,0.3333,,0.1587,,0.2895,,0.0059,0.2342,0.2049,0.9876,0.8323,,0.28,0.2414,0.3333,,0.1578,,0.2828,,0.0057,,block of flats,0.2508,Panel,No,0.0,0.0,0.0,0.0,-983.0,0,0,0,0,1,0,0,0,0,0,0,0,0,0,0,0,0,0,0,0,0.0,0.0,0.0,0.0,0.0,2.0
133517,4/13/2018,0,Cash loans,F,N,Y,0,157500.0,835380.0,35523.0,675000.0,Unaccompanied,Pensioner,Secondary / secondary special,Single / not married,House / apartment,0.00702,-22292,365243,-14974,-4412,,1,0,0,1,0,0,,1.0,2,2,FRIDAY,15,0,0,0,0,0,0,XNA,,0.592448409,0.8482443,,,,,,,,,,,,,,,,,,,,,,,,,,,,,,,,,,,,,,,,,,,,,,,,0.0,0.0,0.0,0.0,-575.0,0,1,0,0,0,0,0,0,0,0,0,0,0,0,0,0,0,0,0,0,0.0,0.0,0.0,0.0,0.0,1.0
115534,2/17/2018,0,Cash loans,F,N,Y,1,157500.0,521280.0,26743.5,450000.0,Family,Commercial associate,Secondary / secondary special,Married,House / apartment,0.005084,-17347,-2173,-3956,-897,,1,1,0,1,0,0,Sales staff,3.0,2,2,WEDNESDAY,12,0,0,0,0,0,0,Self-employed,,0.348131161,0.15951954,0.0928,,0.9816,0.7484,,,0.2069,0.1667,,,,,,,0.0945,,0.9816,0.7583,,,0.2069,0.1667,,,,,,,0.0937,,0.9816,0.7518,,,0.2069,0.1667,,,,,,,reg oper account,block of flats,0.062,Panel,No,3.0,0.0,3.0,0.0,-834.0,0,1,0,0,0,0,0,0,0,0,0,0,0,0,0,0,0,0,0,0,0.0,0.0,0.0,0.0,0.0,2.0
135296,4/19/2018,0,Cash loans,F,N,Y,0,103500.0,168102.0,16375.5,148500.0,Unaccompanied,Pensioner,Higher education,Widow,House / apartment,0.008068,-24994,365243,-5365,-5013,,1,0,0,1,0,0,,1.0,3,3,FRIDAY,9,0,0,0,0,0,0,XNA,,0.053617634,0.754406173,0.0495,,0.9752,0.66,,0.0,0.1034,0.125,,,,,,,0.0504,,0.9752,0.6733,,0.0,0.1034,0.125,,,,,,,0.05,,0.9752,0.6645,,0.0,0.1034,0.125,,,,,,,reg oper account,block of flats,0.0309,,No,0.0,0.0,0.0,0.0,0.0,0,1,0,0,0,0,0,0,0,0,0,0,0,0,0,0,0,0,0,0,0.0,0.0,0.0,0.0,0.0,4.0
123366,3/13/2018,0,Cash loans,F,N,N,0,315000.0,1288350.0,37669.5,1125000.0,Unaccompanied,Commercial associate,Secondary / secondary special,Widow,House / apartment,0.018634,-18790,-1724,-2549,-2339,,1,1,0,1,0,0,Sales staff,1.0,2,2,TUESDAY,19,1,1,0,1,1,0,Trade: type 7,,0.726961308,0.456109739,,,,,,,,,,,,,,,,,,,,,,,,,,,,,,,,,,,,,,,,,,,,,,,,0.0,0.0,0.0,0.0,-631.0,0,1,0,0,0,0,0,0,0,0,0,0,0,0,0,0,0,0,0,0,0.0,0.0,0.0,0.0,0.0,3.0
137148,4/25/2018,0,Cash loans,M,Y,N,0,292500.0,225000.0,24232.5,225000.0,Unaccompanied,Working,Secondary / secondary special,Married,House / apartment,0.0228,-10101,-142,-113,-2345,15.0,1,1,1,1,0,0,Laborers,2.0,2,2,MONDAY,18,0,0,0,0,0,0,Construction,0.243330737,0.162192106,0.183035167,,,,,,,,,,,,,,,,,,,,,,,,,,,,,,,,,,,,,,,,,,,,,,,,0.0,0.0,0.0,0.0,-1494.0,0,1,0,0,0,0,0,0,0,0,0,0,0,0,0,0,0,0,0,0,0.0,0.0,0.0,0.0,0.0,7.0
113158,2/10/2018,0,Cash loans,F,N,Y,0,225000.0,188478.0,18769.5,166500.0,Unaccompanied,Working,Secondary / secondary special,Widow,House / apartment,0.022625,-24611,-10461,-9647,-3832,,1,1,0,1,0,0,,1.0,2,2,SATURDAY,16,0,0,0,0,0,0,Business Entity Type 2,,0.25947136,0.758393062,0.0742,0.0,0.9866,0.8164,0.1215,0.08,0.069,0.3333,0.375,0.0,0.0605,0.0518,0.0,0.0,0.0756,0.0,0.9866,0.8236,0.1226,0.0806,0.069,0.3333,0.375,0.0,0.0661,0.054,0.0,0.0,0.0749,0.0,0.9866,0.8189,0.1223,0.08,0.069,0.3333,0.375,0.0,0.0616,0.0528,0.0,0.0,reg oper account,block of flats,0.0664,Block,No,1.0,0.0,1.0,0.0,-424.0,0,1,0,0,0,0,0,0,0,0,0,0,0,0,0,0,0,0,0,0,0.0,0.0,0.0,1.0,0.0,1.0
126586,3/23/2018,0,Cash loans,F,N,Y,0,67500.0,276277.5,13419.0,238500.0,Unaccompanied,Pensioner,Secondary / secondary special,Widow,House / apartment,0.018634,-22475,365243,-10712,-4245,,1,0,0,1,0,0,,1.0,2,2,FRIDAY,12,0,0,0,0,0,0,XNA,0.307623643,0.764330689,0.621226338,,,,,,,,,,,,,,,,,,,,,,,,,,,,,,,,,,,,,,,,,,,,,,,No,3.0,1.0,3.0,0.0,-763.0,0,1,0,0,0,0,0,0,0,0,0,0,0,0,0,0,0,0,0,0,0.0,0.0,0.0,0.0,0.0,2.0
147260,5/26/2018,0,Revolving loans,M,Y,Y,1,270000.0,675000.0,33750.0,675000.0,Unaccompanied,Commercial associate,Secondary / secondary special,Married,House / apartment,0.026392,-17044,-1069,-5622,-597,3.0,1,1,0,1,1,0,Drivers,3.0,2,2,THURSDAY,10,0,0,0,0,0,0,Business Entity Type 3,,0.697780014,0.192942228,0.0498,,0.9617,,,0.0,0.2759,0.1308,,0.1077,,0.0482,,0.0228,0.0336,,0.9618,,,0.0,0.1379,0.125,,0.0531,,0.0161,,0.0,0.0333,,0.9617,,,0.0,0.2759,0.125,,0.0625,,0.0377,,0.0,,block of flats,0.2027,"Stone, brick",Yes,0.0,0.0,0.0,0.0,-293.0,0,0,0,0,0,0,0,0,0,0,0,0,0,0,0,0,0,0,0,0,0.0,0.0,0.0,0.0,0.0,4.0
137842,4/27/2018,0,Cash loans,F,Y,Y,0,202500.0,118512.0,9490.5,90000.0,Unaccompanied,Working,Secondary / secondary special,Married,House / apartment,0.019101,-11101,-1424,-4880,-3619,21.0,1,1,0,1,0,0,Cleaning staff,2.0,2,2,SATURDAY,12,0,0,0,0,1,1,Business Entity Type 3,,0.309647587,0.434733249,,,,,,,,,,,,,,,,,,,,,,,,,,,,,,,,,,,,,,,,,,,,,,,,4.0,1.0,4.0,1.0,-2354.0,0,1,0,0,0,0,0,0,0,0,0,0,0,0,0,0,0,0,0,0,0.0,0.0,0.0,0.0,0.0,6.0
151055,6/6/2018,0,Cash loans,M,Y,Y,0,157500.0,337500.0,33007.5,337500.0,Unaccompanied,Working,Secondary / secondary special,Married,House / apartment,0.031329,-22854,-5259,-3123,-4618,3.0,1,1,1,1,1,0,Drivers,2.0,2,2,SATURDAY,11,0,0,0,0,0,0,Business Entity Type 3,,0.601266822,0.569148771,0.1237,0.0753,0.9871,0.8232,0.0628,0.0,0.2759,0.1667,0.2083,0.066,0.1009,0.1218,0.0,0.0,0.1261,0.0782,0.9871,0.8301,0.0634,0.0,0.2759,0.1667,0.2083,0.0675,0.1102,0.1269,0.0,0.0,0.1249,0.0753,0.9871,0.8256,0.0632,0.0,0.2759,0.1667,0.2083,0.0672,0.1026,0.124,0.0,0.0,reg oper account,block of flats,0.1302,Panel,No,1.0,0.0,1.0,0.0,-2128.0,0,0,0,0,0,0,1,0,0,0,0,0,0,0,0,0,0,0,0,0,0.0,0.0,0.0,0.0,0.0,0.0
136786,4/23/2018,0,Cash loans,M,Y,Y,1,225000.0,512064.0,19431.0,360000.0,Unaccompanied,Commercial associate,Secondary / secondary special,Civil marriage,House / apartment,0.001276,-14502,-1081,-8638,-4424,5.0,1,1,0,1,0,0,Drivers,3.0,2,2,WEDNESDAY,6,0,0,0,0,0,0,Transport: type 3,,0.553983975,,0.0619,0.0613,0.9821,0.7552,0.0108,0.0,0.1379,0.1667,0.0417,0.0444,0.0504,0.0599,0.0,0.0,0.063,0.0636,0.9821,0.7648,0.0109,0.0,0.1379,0.1667,0.0417,0.0454,0.0551,0.0624,0.0,0.0,0.0625,0.0613,0.9821,0.7585,0.0109,0.0,0.1379,0.1667,0.0417,0.0452,0.0513,0.061,0.0,0.0,reg oper account,block of flats,0.053,Panel,No,0.0,0.0,0.0,0.0,-1.0,0,1,0,0,0,0,0,0,0,0,0,0,0,0,0,0,0,0,0,0,,,,,,
128462,3/29/2018,0,Cash loans,M,N,N,0,135000.0,352422.0,27270.0,315000.0,Family,Working,Secondary / secondary special,Married,House / apartment,0.022625,-16414,-145,-2271,-4561,,1,1,1,1,1,0,Drivers,2.0,2,2,FRIDAY,16,0,0,0,0,1,1,Business Entity Type 3,,0.220157663,0.70620511,,,,,,,,,,,,,,,,,,,,,,,,,,,,,,,,,,,,,,,,,,,,,,,,7.0,0.0,7.0,0.0,-2222.0,0,0,0,0,0,0,1,0,0,0,0,0,0,0,0,0,0,0,0,0,0.0,0.0,0.0,0.0,0.0,1.0
147137,5/25/2018,0,Cash loans,F,Y,Y,0,315000.0,1971072.0,59890.5,1800000.0,Unaccompanied,Commercial associate,Higher education,Married,House / apartment,0.032561,-19619,-1124,-3932,-3156,19.0,1,1,0,1,1,0,Core staff,2.0,1,1,WEDNESDAY,13,0,0,0,0,0,0,Transport: type 4,,0.695177434,0.72239289,0.1021,0.0763,0.9737,0.6396,0.0108,0.0,0.1724,0.1667,0.2083,,0.0824,0.0816,0.0039,0.0015,0.104,0.0792,0.9737,0.6537,0.0109,0.0,0.1724,0.1667,0.2083,,0.09,0.085,0.0039,0.0016,0.1031,0.0763,0.9737,0.6444,0.0109,0.0,0.1724,0.1667,0.2083,,0.0838,0.083,0.0039,0.0015,reg oper account,block of flats,0.0704,"Stone, brick",No,0.0,0.0,0.0,0.0,-1363.0,0,1,0,0,0,0,0,0,0,0,0,0,0,0,1,0,0,0,0,0,0.0,0.0,0.0,3.0,0.0,0.0
126564,3/23/2018,0,Revolving loans,F,N,N,0,112500.0,270000.0,13500.0,270000.0,Unaccompanied,Commercial associate,Secondary / secondary special,Married,House / apartment,0.026392,-17825,-712,-1059,-731,,1,1,0,1,0,0,Sales staff,2.0,2,2,SUNDAY,13,0,0,0,0,1,1,Business Entity Type 3,,0.685350615,0.210350229,0.001,,0.9816,,,0.0,0.069,0.0417,,0.0092,,0.01,,0.0,0.0011,,0.9816,,,0.0,0.069,0.0417,,0.0094,,0.0104,,0.0,0.001,,0.9816,,,0.0,0.069,0.0417,,0.0093,,0.0102,,0.0,,block of flats,0.0079,"Stone, brick",No,0.0,0.0,0.0,0.0,-258.0,0,0,0,0,0,0,0,0,0,0,0,0,0,0,0,0,0,0,0,0,0.0,0.0,0.0,0.0,0.0,5.0
119865,3/2/2018,0,Cash loans,F,Y,Y,2,112500.0,518562.0,24160.5,463500.0,Children,Commercial associate,Secondary / secondary special,Married,House / apartment,0.006629,-14050,-5389,-7561,-2334,9.0,1,1,0,1,0,0,Medicine staff,4.0,2,2,SUNDAY,5,0,0,0,0,0,0,Trade: type 6,,,,,,,,,,,,,,,,,,,,,,,,,,,,,,,,,,,,,,,,,,,,,,,,,,,4.0,0.0,3.0,0.0,-666.0,0,1,0,0,0,0,0,0,0,0,0,0,0,0,0,0,0,0,0,0,,,,,,
136433,4/22/2018,0,Cash loans,M,N,Y,0,180000.0,174132.0,18414.0,157500.0,Family,Working,Secondary / secondary special,Civil marriage,House / apartment,0.031329,-11395,-4611,-8425,-3910,,1,1,0,1,0,0,Laborers,2.0,2,2,TUESDAY,9,0,0,0,0,0,0,Industry: type 7,0.317166281,0.641163331,0.681705878,0.2598,,0.9881,0.8368,,0.28,0.2414,0.3333,0.375,0.7009,0.2118,0.1652,0.0,0.0,0.2647,,0.9881,0.8432,,0.282,0.2414,0.3333,0.375,0.7169,0.2314,0.1721,0.0,0.0,0.2623,,0.9881,0.839,,0.28,0.2414,0.3333,0.375,0.7131,0.2155,0.1682,0.0,0.0,reg oper account,block of flats,0.2159,Panel,No,2.0,1.0,2.0,1.0,0.0,0,1,0,0,0,0,0,0,0,0,0,0,0,0,0,0,0,0,0,0,0.0,0.0,1.0,0.0,0.0,0.0
111966,2/6/2018,1,Cash loans,F,N,N,0,67500.0,450000.0,21888.0,450000.0,Unaccompanied,Working,Secondary / secondary special,Single / not married,Municipal apartment,0.031329,-8695,-245,-1740,-1362,,1,1,0,1,1,0,,1.0,2,2,THURSDAY,14,0,1,1,0,1,1,Transport: type 2,,0.087214249,,0.0021,,0.9886,,,,,0.0,,,,0.0016,,0.0,0.0021,,0.9886,,,,,0.0,,,,0.0017,,0.0,0.0021,,0.9886,,,,,0.0,,,,0.0016,,0.0,,block of flats,0.0013,Wooden,No,3.0,0.0,3.0,0.0,-675.0,0,1,0,0,0,0,0,0,0,0,0,0,0,0,0,0,0,0,0,0,,,,,,
138384,4/28/2018,0,Cash loans,M,Y,N,0,157500.0,269550.0,14620.5,225000.0,Unaccompanied,Commercial associate,Lower secondary,Single / not married,House / apartment,0.010276,-8631,-1981,-664,-1287,13.0,1,1,0,1,0,0,Laborers,1.0,2,2,WEDNESDAY,11,0,1,1,0,1,1,Self-employed,,0.36840346,0.600657537,,,,,,,,,,,,,,,,,,,,,,,,,,,,,,,,,,,,,,,,,,,,,,,,0.0,0.0,0.0,0.0,-428.0,0,0,0,0,0,0,1,0,0,0,0,0,0,0,0,0,0,0,0,0,0.0,0.0,0.0,0.0,0.0,4.0
149962,6/3/2018,0,Cash loans,M,N,N,0,144000.0,1006920.0,46791.0,900000.0,Family,Working,Secondary / secondary special,Married,House / apartment,0.020246,-22970,-179,-14608,-4964,,1,1,0,1,1,0,Laborers,2.0,3,3,SATURDAY,7,0,0,0,0,0,0,Business Entity Type 3,0.741342171,0.527761533,0.7136314,,,,,,,,,,,,,,,,,,,,,,,,,,,,,,,,,,,,,,,,,,,,,,,,6.0,0.0,6.0,0.0,-3.0,0,1,0,0,0,0,0,0,0,0,0,0,0,0,1,0,0,0,0,0,0.0,0.0,0.0,0.0,0.0,0.0
139783,5/3/2018,0,Cash loans,F,N,Y,0,157500.0,1223010.0,51948.0,1125000.0,Unaccompanied,Pensioner,Secondary / secondary special,Married,House / apartment,0.009657,-23197,365243,-4047,-4177,,1,0,0,1,1,0,,2.0,2,2,WEDNESDAY,17,0,0,0,0,0,0,XNA,0.875695925,0.598469222,0.616121691,0.1113,0.0701,0.9891,0.8504,0.0122,0.12,0.1034,0.3333,0.375,0.0784,0.0908,0.1252,0.0,0.0513,0.1134,0.0727,0.9891,0.8563,0.0124,0.1208,0.1034,0.3333,0.375,0.0802,0.0992,0.1305,0.0,0.0544,0.1124,0.0701,0.9891,0.8524,0.0123,0.12,0.1034,0.3333,0.375,0.0798,0.0923,0.1275,0.0,0.0524,reg oper spec account,block of flats,0.1163,Panel,No,2.0,0.0,2.0,0.0,-552.0,0,0,0,0,1,0,0,0,0,0,0,0,0,0,0,0,0,0,0,0,0.0,0.0,0.0,0.0,0.0,2.0
134182,4/15/2018,1,Cash loans,M,N,Y,0,202500.0,343377.0,23076.0,283500.0,Unaccompanied,Working,Secondary / secondary special,Single / not married,House / apartment,0.006207,-15885,-793,-3888,-4406,,1,1,0,1,0,0,Drivers,1.0,2,2,MONDAY,9,0,0,0,0,1,1,Business Entity Type 3,,0.338400412,0.253962809,,,,,,,,,,,,,,,,,,,,,,,,,,,,,,,,,,,,,,,,,,,,,,,,1.0,0.0,1.0,0.0,-172.0,0,1,0,0,0,0,0,0,0,0,0,0,0,0,0,0,0,0,0,0,0.0,0.0,0.0,1.0,0.0,4.0
101317,1/5/2018,0,Revolving loans,M,Y,Y,0,310500.0,900000.0,45000.0,900000.0,Family,Commercial associate,Higher education,Married,House / apartment,0.04622,-19009,-989,-5472,-2071,11.0,1,1,0,1,0,0,Drivers,2.0,1,1,TUESDAY,11,0,0,0,0,0,0,Self-employed,,0.61374869,0.350695843,,,,,,,,,,,,,,,,,,,,,,,,,,,,,,,,,,,,,,,,,,,,,,,,0.0,0.0,0.0,0.0,-1142.0,0,0,0,0,0,0,0,0,0,0,0,0,0,0,0,0,0,0,0,0,0.0,0.0,0.0,0.0,0.0,2.0
134633,4/17/2018,1,Cash loans,F,N,Y,0,31500.0,50940.0,5089.5,45000.0,Unaccompanied,Pensioner,Lower secondary,Single / not married,House / apartment,0.00712,-23251,365243,-2448,-4283,,1,0,0,1,0,0,,1.0,2,2,WEDNESDAY,9,0,0,0,0,0,0,XNA,,0.191525863,0.277885689,,,,,,,,,,,,,,,,,,,,,,,,,,,,,,,,,,,,,,,,,,,,,,,,2.0,0.0,2.0,0.0,-1420.0,0,1,0,0,0,0,0,0,0,0,0,0,0,0,0,0,0,0,0,0,0.0,0.0,0.0,0.0,0.0,2.0
132735,4/11/2018,0,Cash loans,M,N,Y,0,135000.0,225000.0,15165.0,225000.0,Unaccompanied,Working,Secondary / secondary special,Married,House / apartment,0.028663,-16605,-1531,-1184,-1,,1,1,0,1,0,0,Laborers,2.0,2,2,FRIDAY,8,0,0,0,0,1,1,Business Entity Type 3,,0.226506873,0.76102637,,,,,,,,,,,,,,,,,,,,,,,,,,,,,,,,,,,,,,,,,,,,,,,,0.0,0.0,0.0,0.0,0.0,0,1,0,0,0,0,0,0,0,0,0,0,0,0,0,0,0,0,0,0,0.0,0.0,0.0,0.0,0.0,0.0
135298,4/19/2018,0,Cash loans,F,Y,N,0,112500.0,229500.0,11848.5,229500.0,Unaccompanied,Commercial associate,Secondary / secondary special,Married,House / apartment,0.028663,-10812,-682,-706,-2644,5.0,1,1,0,1,0,0,Core staff,2.0,2,2,TUESDAY,16,0,0,0,1,1,0,Self-employed,0.208360802,0.386711171,0.411848556,,,,,,,,,,,,,,,,,,,,,,,,,,,,,,,,,,,,,,,,,,,,,,,,0.0,0.0,0.0,0.0,0.0,0,1,0,0,0,0,0,0,0,0,0,0,0,0,0,0,0,0,0,0,0.0,0.0,0.0,0.0,0.0,4.0
105424,1/17/2018,0,Cash loans,F,N,Y,0,112500.0,728460.0,44694.0,675000.0,Family,Commercial associate,Secondary / secondary special,Married,House / apartment,0.00496,-17031,-1271,-6320,-565,,1,1,0,1,0,0,Laborers,2.0,2,2,TUESDAY,18,0,0,0,0,1,1,Other,,0.644927884,,,,,,,,,,,,,,,,,,,,,,,,,,,,,,,,,,,,,,,,,,,,,,,,,4.0,0.0,4.0,0.0,-905.0,0,1,0,0,0,0,0,0,0,0,0,0,0,0,0,0,0,0,0,0,0.0,0.0,0.0,0.0,1.0,1.0
155525,6/20/2018,0,Cash loans,F,N,Y,1,202500.0,1125000.0,32895.0,1125000.0,Unaccompanied,Working,Higher education,Married,House / apartment,0.00702,-11447,-4133,-11157,-2964,,1,1,1,1,1,0,Sales staff,3.0,2,2,MONDAY,17,0,0,0,0,1,1,Industry: type 4,,0.465837892,0.554946769,0.0515,0.0118,0.9846,0.7892,0.0109,0.0,0.1379,0.1667,0.2083,0.0126,0.042,0.0536,0.0,0.0275,0.0525,0.0123,0.9846,0.7975,0.011,0.0,0.1379,0.1667,0.2083,0.0129,0.0459,0.0558,0.0,0.0291,0.052,0.0118,0.9846,0.792,0.011,0.0,0.1379,0.1667,0.2083,0.0128,0.0428,0.0546,0.0,0.0281,not specified,block of flats,0.0481,"Stone, brick",No,2.0,0.0,2.0,0.0,-1609.0,0,1,0,0,0,0,0,0,0,0,0,0,0,0,0,0,0,0,0,0,0.0,0.0,0.0,1.0,0.0,5.0
148822,5/31/2018,0,Cash loans,M,N,Y,0,292500.0,450000.0,21888.0,450000.0,Unaccompanied,Commercial associate,Secondary / secondary special,Married,House / apartment,0.04622,-13729,-3924,-3422,-4579,,1,1,1,1,0,0,,2.0,1,1,THURSDAY,17,0,0,0,0,1,1,Business Entity Type 3,,0.737278883,0.438281374,,,,,,,,,,,,,,,,,,,,,,,,,,,,,,,,,,,,,,,,,,,,,,,,0.0,0.0,0.0,0.0,-1880.0,0,0,0,0,0,0,1,0,0,0,0,0,0,0,0,0,0,0,0,0,0.0,0.0,0.0,0.0,1.0,6.0
129975,4/2/2018,0,Revolving loans,F,N,N,0,54000.0,157500.0,7875.0,157500.0,Unaccompanied,Working,Secondary / secondary special,Single / not married,Municipal apartment,0.02461,-15953,-3028,-10093,-4430,,1,1,0,1,1,0,Medicine staff,1.0,2,2,MONDAY,13,0,0,0,0,0,0,Business Entity Type 3,0.563510126,0.549489657,0.519097338,0.2206,,0.9801,,,0.16,0.1379,0.3333,,,,0.2145,0.0039,0.0041,0.2248,,0.9801,,,0.1611,0.1379,0.3333,,,,0.2235,0.0039,0.0043,0.2228,,0.9801,,,0.16,0.1379,0.3333,,,,0.2184,0.0039,0.0042,,block of flats,0.1696,Panel,No,0.0,0.0,0.0,0.0,-461.0,0,0,0,0,0,1,0,0,0,0,0,0,0,0,0,0,0,0,0,0,0.0,0.0,0.0,0.0,0.0,4.0
140141,5/4/2018,0,Cash loans,M,N,N,0,180000.0,450000.0,18328.5,450000.0,Unaccompanied,Working,Incomplete higher,Married,House / apartment,0.007114,-10130,-2569,-5551,-2793,,1,1,0,1,1,0,Core staff,2.0,2,2,THURSDAY,13,0,0,0,0,0,0,Trade: type 2,,0.622230355,0.313916677,0.0124,,0.9752,,,0.0,0.1034,0.0417,,0.0426,,0.0104,,0.0,0.0126,,0.9752,,,0.0,0.1034,0.0417,,0.0436,,0.0108,,0.0,0.0125,,0.9752,,,0.0,0.1034,0.0417,,0.0433,,0.0106,,0.0,,block of flats,0.0082,Wooden,No,0.0,0.0,0.0,0.0,-220.0,0,0,0,0,0,0,0,0,0,0,0,0,0,0,0,0,0,0,0,0,0.0,0.0,0.0,0.0,2.0,3.0
109943,1/31/2018,0,Cash loans,M,N,N,1,90000.0,332842.5,10944.0,234000.0,Unaccompanied,Working,Secondary / secondary special,Married,House / apartment,0.020246,-14879,-161,-8802,-4262,,1,1,0,1,1,0,Laborers,3.0,3,3,TUESDAY,9,0,0,0,0,0,0,Business Entity Type 3,0.173689288,0.424073559,0.621226338,0.0928,0.0629,0.9806,0.7348,0.0132,0.0,0.2069,0.1667,0.0417,0.07,0.0756,0.0885,0.0,0.0,0.0945,0.0653,0.9806,0.7452,0.0133,0.0,0.2069,0.1667,0.0417,0.0715,0.0826,0.0922,0.0,0.0,0.0937,0.0629,0.9806,0.7383,0.0133,0.0,0.2069,0.1667,0.0417,0.0712,0.077,0.0901,0.0,0.0,reg oper spec account,block of flats,0.0696,Panel,No,0.0,0.0,0.0,0.0,-6.0,0,1,0,0,0,0,0,0,0,0,0,0,0,0,1,0,0,0,0,0,0.0,0.0,0.0,0.0,0.0,0.0
153497,6/14/2018,0,Cash loans,M,N,Y,0,90000.0,1002456.0,51313.5,810000.0,Family,State servant,Secondary / secondary special,Married,House / apartment,0.030755,-16098,-2833,-5111,-5271,,1,1,0,1,0,0,,2.0,2,2,WEDNESDAY,10,0,0,0,0,1,1,Housing,0.399819483,0.682594924,0.53527625,,,,,,,,,,,,,,,,,,,,,,,,,,,,,,,,,,,,,,,,,,,,,,,,6.0,0.0,6.0,0.0,-922.0,0,1,0,0,0,0,0,0,0,0,0,0,0,0,0,0,0,0,0,0,0.0,0.0,0.0,0.0,0.0,6.0
139398,5/2/2018,0,Cash loans,M,Y,Y,2,157500.0,227520.0,14670.0,180000.0,Family,Working,Secondary / secondary special,Civil marriage,House / apartment,0.008474,-13748,-1357,-321,-1854,21.0,1,1,0,1,1,0,Laborers,4.0,2,2,TUESDAY,16,0,0,0,1,1,0,Self-employed,0.289366413,0.466545339,0.162441998,,,,,,,,,,,,,,,,,,,,,,,,,,,,,,,,,,,,,,,,,,,,,,,,2.0,0.0,2.0,0.0,-1132.0,0,1,0,0,0,0,0,0,0,0,0,0,0,0,0,0,0,0,0,0,0.0,0.0,0.0,0.0,0.0,2.0
131102,4/6/2018,0,Cash loans,F,Y,N,1,193500.0,1256400.0,36733.5,900000.0,Unaccompanied,Commercial associate,Secondary / secondary special,Married,House / apartment,0.04622,-10014,-2533,-1588,-2677,64.0,1,1,1,1,0,0,Laborers,3.0,1,1,FRIDAY,18,0,1,1,0,1,1,Government,,0.602953744,,,,,,,,,,,,,,,,,,,,,,,,,,,,,,,,,,,,,,,,,,,,,,,,,0.0,0.0,0.0,0.0,-737.0,0,1,0,0,0,0,0,0,0,0,0,0,0,0,0,0,0,0,0,0,0.0,0.0,0.0,0.0,1.0,1.0
135191,4/18/2018,0,Cash loans,F,N,Y,0,225000.0,1350000.0,42390.0,1350000.0,Unaccompanied,Working,Higher education,Married,House / apartment,0.031329,-17596,-10761,-9378,-1128,,1,1,0,1,0,0,Managers,2.0,2,2,WEDNESDAY,14,0,0,0,0,0,0,Industry: type 5,,0.607791206,0.372333666,0.1474,0.0618,0.9697,0.5852,0.027,0.0,0.4138,0.1667,0.2083,0.0823,0.1202,0.1534,0.0,0.2099,0.1502,0.0641,0.9697,0.6014,0.0273,0.0,0.4138,0.1667,0.2083,0.0841,0.1313,0.1598,0.0,0.2222,0.1489,0.0618,0.9697,0.5907,0.0272,0.0,0.4138,0.1667,0.2083,0.0837,0.1223,0.1561,0.0,0.2143,reg oper account,block of flats,0.1354,Mixed,No,2.0,0.0,2.0,0.0,-3276.0,0,1,0,0,0,0,0,0,0,0,0,0,0,0,0,0,0,0,0,0,0.0,0.0,0.0,0.0,0.0,2.0
112503,2/8/2018,1,Cash loans,F,N,N,0,76500.0,545040.0,26509.5,450000.0,Unaccompanied,Working,Secondary / secondary special,Married,House / apartment,0.020246,-15073,-575,-4898,-4898,,1,1,1,1,0,0,Sales staff,2.0,3,3,MONDAY,8,0,0,0,0,0,0,Business Entity Type 3,,0.187628739,0.145542813,,,,,,,,,,,,,,,,,,,,,,,,,,,,,,,,,,,,,,,,,,,,,,,,0.0,0.0,0.0,0.0,-439.0,0,1,0,0,0,0,0,0,0,0,0,0,0,0,0,0,0,0,0,0,0.0,0.0,0.0,1.0,0.0,1.0
125012,3/18/2018,0,Cash loans,F,Y,N,1,135000.0,679500.0,28786.5,679500.0,Family,Commercial associate,Higher education,Married,House / apartment,0.028663,-13800,-2522,-26,-1348,10.0,1,1,0,1,0,0,Sales staff,3.0,2,2,MONDAY,11,0,0,0,0,0,0,Services,,0.516434916,0.474051289,0.1402,0.0021,0.9781,,,0.0,0.1034,0.1667,,0.0154,,0.0418,,0.0,0.1429,0.0022,0.9782,,,0.0,0.1034,0.1667,,0.0157,,0.0436,,0.0,0.1416,0.0021,0.9781,,,0.0,0.1034,0.1667,,0.0157,,0.0426,,0.0,,block of flats,0.0354,"Stone, brick",No,0.0,0.0,0.0,0.0,-935.0,0,1,0,0,0,0,0,0,0,0,0,0,0,0,0,0,0,0,0,0,0.0,0.0,0.0,0.0,0.0,1.0
152400,6/11/2018,0,Cash loans,M,Y,N,0,90000.0,508500.0,18391.5,508500.0,Unaccompanied,Pensioner,Lower secondary,Married,House / apartment,0.01452,-21912,365243,-4678,-4712,24.0,1,0,0,1,0,0,,2.0,2,2,WEDNESDAY,9,0,0,0,0,0,0,XNA,,0.344191494,,,,,,,,,,,,,,,,,,,,,,,,,,,,,,,,,,,,,,,,,,,,,,,,,0.0,0.0,0.0,0.0,0.0,0,1,0,0,0,0,0,0,0,0,0,0,0,0,0,0,0,0,0,0,0.0,0.0,0.0,0.0,0.0,1.0
147809,5/28/2018,0,Cash loans,M,N,Y,0,211500.0,781920.0,25101.0,675000.0,Unaccompanied,Pensioner,Higher education,Married,House / apartment,0.005313,-21422,365243,-2642,-4373,,1,0,0,1,1,0,,2.0,2,2,SATURDAY,15,0,0,0,0,0,0,XNA,,0.325843331,0.718032811,0.0309,0.0354,0.9896,0.8572,,0.0,0.069,0.1667,0.2083,0.0508,0.0252,0.0171,0.0,0.0,0.0315,0.0368,0.9896,0.8628,,0.0,0.069,0.1667,0.2083,0.052,0.0275,0.0178,0.0,0.0,0.0312,0.0354,0.9896,0.8591,,0.0,0.069,0.1667,0.2083,0.0517,0.0257,0.0174,0.0,0.0,reg oper account,block of flats,0.0236,Panel,No,3.0,0.0,3.0,0.0,-1372.0,0,0,0,0,1,0,0,0,0,0,0,0,0,0,0,0,0,0,0,0,0.0,0.0,0.0,0.0,0.0,0.0
146526,5/24/2018,0,Cash loans,M,Y,Y,0,157500.0,225000.0,15165.0,225000.0,Unaccompanied,Working,Secondary / secondary special,Civil marriage,Municipal apartment,0.018209,-14832,-1730,-2990,-2979,22.0,1,1,0,1,1,0,Laborers,2.0,3,3,TUESDAY,5,0,0,0,0,0,0,Business Entity Type 3,0.509873061,0.560275068,0.301624892,0.4113,0.396,0.9841,0.7824,0.0002,0.44,0.3793,0.3333,0.0417,0.2205,0.3295,0.4356,0.027,0.0,0.4191,0.4109,0.9841,0.7909,0.0002,0.4431,0.3793,0.3333,0.0417,0.2255,0.36,0.4539,0.0272,0.0,0.4153,0.396,0.9841,0.7853,0.0002,0.44,0.3793,0.3333,0.0417,0.2243,0.3352,0.4434,0.0272,0.0,reg oper account,block of flats,0.3439,Panel,No,0.0,0.0,0.0,0.0,-2744.0,0,1,0,0,0,0,0,0,0,0,0,0,0,0,0,0,0,0,0,0,0.0,0.0,0.0,1.0,0.0,3.0
102076,1/7/2018,0,Cash loans,F,N,Y,0,90000.0,450000.0,22018.5,450000.0,Unaccompanied,Working,Incomplete higher,Married,House / apartment,0.010147,-18430,-770,-1959,-1965,,1,1,1,1,1,0,Laborers,2.0,2,2,MONDAY,15,0,0,0,0,1,1,Industry: type 3,0.115664171,0.266519775,0.103449052,,,,,,,,,,,,,,,,,,,,,,,,,,,,,,,,,,,,,,,,,,,,,,,,1.0,0.0,1.0,0.0,-1591.0,0,1,0,0,0,0,0,0,0,0,0,0,0,0,0,0,0,0,0,0,0.0,0.0,0.0,0.0,0.0,0.0
147988,5/28/2018,0,Cash loans,F,N,N,0,117000.0,423000.0,11286.0,423000.0,Unaccompanied,Working,Incomplete higher,Civil marriage,House / apartment,0.031329,-8516,-422,-7097,-1126,,1,1,0,1,0,0,Core staff,2.0,2,2,TUESDAY,12,0,0,0,0,1,1,Bank,0.527948501,0.132046029,,0.0619,0.0783,0.9901,0.864,0.0135,0.0,0.1034,0.1667,0.2083,0.0744,0.0504,0.0649,0.0,0.0,0.063,0.0813,0.9901,0.8693,0.0136,0.0,0.1034,0.1667,0.2083,0.076,0.0551,0.0677,0.0,0.0,0.0625,0.0783,0.9901,0.8658,0.0135,0.0,0.1034,0.1667,0.2083,0.0756,0.0513,0.0661,0.0,0.0,reg oper account,block of flats,0.0511,Panel,No,3.0,0.0,3.0,0.0,-261.0,0,0,0,0,0,0,1,0,0,0,0,0,0,0,0,0,0,0,0,0,0.0,0.0,0.0,0.0,0.0,0.0
130714,4/5/2018,0,Cash loans,M,N,N,0,90000.0,533304.0,29061.0,405000.0,Unaccompanied,Commercial associate,Secondary / secondary special,Single / not married,Municipal apartment,0.04622,-15620,-790,-9635,-3942,,1,1,0,1,0,0,Core staff,1.0,1,1,FRIDAY,10,0,1,1,0,0,0,Security,,0.763490651,,,,0.9846,,,,,,,,,,,,,,0.9846,,,,,,,,,,,,,,0.9846,,,,,,,,,,,,,,0.0666,,No,6.0,0.0,6.0,0.0,-2481.0,0,1,0,0,0,0,0,0,0,0,0,0,0,0,0,0,0,0,0,0,,,,,,
141378,5/8/2018,0,Cash loans,M,Y,Y,0,59850.0,343800.0,16155.0,225000.0,Unaccompanied,Pensioner,Secondary / secondary special,Married,House / apartment,0.02461,-23209,365243,-15240,-2354,18.0,1,0,0,1,0,0,,2.0,2,2,WEDNESDAY,14,0,0,0,0,0,0,XNA,,0.153246808,0.600657537,,,,,,,,,,,,,,,,,,,,,,,,,,,,,,,,,,,,,,,,,,,,,,,,2.0,0.0,2.0,0.0,-1.0,0,1,0,0,0,0,0,0,0,0,0,0,0,0,0,0,0,0,0,0,0.0,0.0,0.0,0.0,0.0,0.0
148484,5/30/2018,0,Cash loans,F,N,Y,0,270000.0,450000.0,12505.5,450000.0,Unaccompanied,Commercial associate,Higher education,Married,House / apartment,0.072508,-12534,-286,-5438,-3374,,1,1,1,1,1,0,Managers,2.0,1,1,THURSDAY,16,0,0,0,0,0,0,Business Entity Type 3,0.826685347,0.716878433,0.644679455,0.1296,0.123,0.9776,0.694,0.0,0.04,0.1897,0.2083,0.25,0.0,0.1057,0.1148,0.0,0.0,0.105,0.1022,0.9762,0.6864,0.0,0.0,0.1724,0.1667,0.2083,0.0,0.0918,0.092,0.0,0.0,0.127,0.1146,0.9762,0.678,0.0,0.0,0.1724,0.1667,0.2083,0.0,0.1043,0.1169,0.0,0.0,reg oper account,block of flats,0.0694,Panel,No,0.0,0.0,0.0,0.0,-175.0,0,0,0,0,0,0,0,0,0,0,0,0,0,0,0,0,0,0,0,0,0.0,0.0,0.0,0.0,0.0,0.0
155535,6/20/2018,0,Cash loans,F,N,Y,0,103500.0,354469.5,15741.0,306000.0,Unaccompanied,Working,Secondary / secondary special,Civil marriage,House / apartment,0.009549,-18797,-7035,-313,-2325,,1,1,0,1,0,0,Laborers,2.0,2,2,THURSDAY,15,0,0,0,0,0,0,Business Entity Type 3,,0.623899459,0.736622698,,,0.9752,,,,,,,,,0.0637,,,,,0.9752,,,,,,,,,0.0664,,,,,0.9752,,,,,,,,,0.0648,,,,,0.0501,,No,0.0,0.0,0.0,0.0,-1092.0,0,1,0,0,0,0,0,0,0,0,0,0,0,0,0,0,0,0,0,0,0.0,0.0,0.0,0.0,0.0,2.0
109650,1/30/2018,0,Cash loans,F,Y,Y,0,121500.0,301896.0,27819.0,252000.0,Unaccompanied,Commercial associate,Higher education,Civil marriage,House / apartment,0.008068,-8220,-1348,-879,-879,16.0,1,1,0,1,0,0,Sales staff,2.0,3,3,FRIDAY,6,0,0,0,0,0,0,Self-employed,0.171761829,0.355250852,,0.0273,0.054,0.9861,,,0.0,0.1034,0.0833,,0.0123,,0.0444,,,0.0084,0.056,0.9861,,,0.0,0.1034,0.0,,0.0126,,0.0463,,,0.0276,0.054,0.9861,,,0.0,0.1034,0.0833,,0.0125,,0.0452,,,,block of flats,0.0023,Panel,No,0.0,0.0,0.0,0.0,-462.0,0,1,0,0,0,0,0,0,0,0,0,0,0,0,0,0,0,0,0,0,,,,,,
150402,6/5/2018,0,Cash loans,F,N,Y,0,112500.0,276277.5,14233.5,238500.0,Unaccompanied,Pensioner,Secondary / secondary special,Single / not married,House / apartment,0.014464,-22522,365243,-6273,-4749,,1,0,0,1,0,0,,1.0,2,2,FRIDAY,5,0,0,0,0,0,0,XNA,,0.568516602,0.479448981,0.0505,0.0448,0.9796,0.7212,0.0378,0.0,0.0345,0.1667,0.2083,0.0297,0.0403,0.0285,0.0039,0.0137,0.0515,0.0465,0.9796,0.7321,0.0381,0.0,0.0345,0.1667,0.2083,0.0304,0.0441,0.0297,0.0039,0.0145,0.051,0.0448,0.9796,0.7249,0.038,0.0,0.0345,0.1667,0.2083,0.0302,0.041,0.029,0.0039,0.014,reg oper account,block of flats,0.0276,"Stone, brick",No,0.0,0.0,0.0,0.0,-758.0,0,1,0,0,0,0,0,0,0,0,0,0,0,0,0,0,0,0,0,0,0.0,0.0,0.0,0.0,0.0,5.0
128961,3/30/2018,0,Cash loans,F,N,Y,0,126000.0,351000.0,14998.5,351000.0,Unaccompanied,Pensioner,Secondary / secondary special,Single / not married,House / apartment,0.01452,-23646,365243,-5197,-5357,,1,0,0,1,0,0,,1.0,2,2,MONDAY,10,0,0,0,0,0,0,XNA,,0.33339564,0.624614658,0.2216,0.1541,0.9811,0.7416,,0.24,0.2069,0.3333,0.375,,,0.1518,,0.0254,0.2258,0.1599,0.9811,0.7517,,0.2417,0.2069,0.3333,0.375,,,0.1581,,0.0269,0.2238,0.1541,0.9811,0.7451,,0.24,0.2069,0.3333,0.375,,,0.1545,,0.026,reg oper account,block of flats,0.1745,Panel,No,0.0,0.0,0.0,0.0,-1726.0,0,1,0,0,0,0,0,0,0,0,0,0,0,0,0,0,0,0,0,0,0.0,0.0,0.0,0.0,0.0,2.0
151086,6/7/2018,0,Revolving loans,F,N,Y,0,67500.0,202500.0,10125.0,202500.0,Unaccompanied,Pensioner,Secondary / secondary special,Separated,House / apartment,0.019101,-20398,365243,-7262,-3561,,1,0,0,1,0,0,,1.0,2,2,MONDAY,13,0,0,0,0,0,0,XNA,,0.664041647,0.610991328,,,,,,,,,,,,,,,,,,,,,,,,,,,,,,,,,,,,,,,,,,,,,,,,2.0,1.0,2.0,0.0,-1955.0,0,0,0,0,0,0,0,0,0,0,0,0,0,0,0,0,0,0,0,0,0.0,0.0,0.0,0.0,2.0,4.0
106593,1/21/2018,0,Cash loans,F,N,Y,0,180000.0,284400.0,10849.5,225000.0,Unaccompanied,Working,Higher education,Civil marriage,Municipal apartment,0.010032,-18104,-1037,-1113,-1647,,1,1,0,1,0,0,,2.0,2,2,THURSDAY,9,0,0,0,0,0,0,Military,,0.397688724,0.098218595,,,0.9776,,,,,,,,,0.0601,,,,,0.9777,,,,,,,,,0.0626,,,,,0.9776,,,,,,,,,0.0611,,,,,0.071,,No,0.0,0.0,0.0,0.0,-568.0,0,1,0,0,0,0,0,0,0,0,0,0,0,0,0,0,0,0,0,0,0.0,0.0,0.0,0.0,0.0,2.0
111416,2/4/2018,0,Cash loans,M,Y,Y,0,450000.0,770292.0,39460.5,688500.0,Unaccompanied,Working,Secondary / secondary special,Single / not married,House / apartment,0.04622,-15960,-3574,-23,-4462,7.0,1,1,0,1,0,0,High skill tech staff,1.0,1,1,THURSDAY,16,0,0,0,0,0,0,Government,0.787776392,0.483219352,0.209154699,0.0103,0.0,0.9677,0.558,0.001,0.0,0.0517,0.0417,0.0833,,0.0084,0.0115,0.0,0.0,0.0084,0.0,0.9677,0.5753,0.001,0.0,0.0345,0.0417,0.0833,,0.0073,0.0085,0.0,0.0,0.0104,0.0,0.9677,0.5639,0.001,0.0,0.0517,0.0417,0.0833,,0.0086,0.0117,0.0,0.0,reg oper account,block of flats,0.0065,Wooden,No,1.0,0.0,1.0,0.0,-1468.0,0,1,0,0,0,0,0,0,0,0,0,0,0,0,0,0,0,0,0,0,0.0,0.0,0.0,0.0,0.0,7.0
141850,5/9/2018,0,Cash loans,F,Y,N,2,202500.0,451102.5,21699.0,337500.0,Unaccompanied,Working,Higher education,Separated,House / apartment,0.0228,-11875,-2568,-5953,-748,5.0,1,1,0,1,0,0,Accountants,3.0,2,2,FRIDAY,10,0,0,0,0,0,0,Kindergarten,0.48306175,0.105486056,0.443615308,,,,,,,,,,,,,,,,,,,,,,,,,,,,,,,,,,,,,,,,,,,,,,,,0.0,0.0,0.0,0.0,-211.0,0,1,0,0,0,0,0,0,0,0,0,0,0,0,0,0,0,0,0,0,0.0,0.0,0.0,0.0,0.0,2.0
128478,3/29/2018,0,Cash loans,F,Y,Y,0,292500.0,1288350.0,37669.5,1125000.0,Unaccompanied,Commercial associate,Higher education,Married,House / apartment,0.04622,-12164,-769,-2400,-3954,3.0,1,1,1,1,0,0,Managers,2.0,1,1,WEDNESDAY,8,0,0,0,0,1,1,Business Entity Type 3,0.599173713,0.720516876,0.347418227,,,,,,,,,,,,,,,,,,,,,,,,,,,,,,,,,,,,,,,,,,,,,,,,0.0,0.0,0.0,0.0,-895.0,0,1,0,0,0,0,0,0,0,0,0,0,0,0,0,0,0,0,0,0,0.0,0.0,0.0,1.0,0.0,0.0
133790,4/14/2018,0,Cash loans,F,N,Y,1,270000.0,628069.5,34200.0,499500.0,Children,State servant,Secondary / secondary special,Married,House / apartment,0.003818,-13230,-2855,-1871,-2814,,1,1,1,1,0,0,,3.0,2,2,THURSDAY,5,0,0,0,0,0,0,Government,0.661361095,0.663851361,0.72383699,0.0186,0.0539,0.9727,,,0.0,0.069,0.0833,,0.0416,,0.0206,,0.0014,0.0189,0.0559,0.9727,,,0.0,0.069,0.0833,,0.0426,,0.0215,,0.0015,0.0187,0.0539,0.9727,,,0.0,0.069,0.0833,,0.0423,,0.021,,0.0014,,block of flats,0.0162,Block,No,0.0,0.0,0.0,0.0,-863.0,0,1,0,0,0,0,0,0,0,0,0,0,0,0,0,0,0,0,0,0,0.0,0.0,0.0,1.0,0.0,0.0
134022,4/15/2018,0,Revolving loans,F,N,Y,0,292500.0,540000.0,27000.0,540000.0,Unaccompanied,Commercial associate,Higher education,Single / not married,House / apartment,0.025164,-16784,-2743,-532,-338,,1,1,0,1,0,0,Managers,1.0,2,2,WEDNESDAY,9,0,0,0,0,0,0,Business Entity Type 3,0.77462101,0.666447313,0.515495375,0.6309,0.4171,0.9841,0.7824,0.4074,0.68,0.5862,0.3333,0.375,0.0,0.4968,0.5384,0.0811,0.0771,0.6429,0.4328,0.9841,0.7909,0.4111,0.6848,0.5862,0.3333,0.375,0.0,0.5427,0.561,0.0817,0.0816,0.637,0.4171,0.9841,0.7853,0.41,0.68,0.5862,0.3333,0.375,0.0,0.5054,0.5481,0.0815,0.0787,reg oper account,block of flats,0.663,Panel,No,0.0,0.0,0.0,0.0,-2028.0,0,0,0,0,0,0,0,0,0,0,0,0,0,0,0,0,0,0,0,0,0.0,0.0,0.0,0.0,0.0,3.0
132580,4/10/2018,0,Cash loans,F,N,Y,0,180000.0,1332000.0,39078.0,1332000.0,Unaccompanied,Working,Secondary / secondary special,Married,House / apartment,0.019689,-17411,-3536,-7910,-141,,1,1,0,1,0,0,Sales staff,2.0,2,2,WEDNESDAY,16,0,0,0,0,0,0,Trade: type 7,,0.049524276,,0.1474,0.0758,0.9891,0.8504,0.0052,0.04,0.0345,0.3333,0.375,0.2434,0.1202,0.0987,0.0,0.0,0.1502,0.0786,0.9891,0.8563,0.0052,0.0403,0.0345,0.3333,0.375,0.249,0.1313,0.1028,0.0,0.0,0.1489,0.0758,0.9891,0.8524,0.0052,0.04,0.0345,0.3333,0.375,0.2477,0.1223,0.1004,0.0,0.0,reg oper spec account,block of flats,0.0857,"Stone, brick",No,11.0,0.0,11.0,0.0,0.0,0,1,0,0,0,0,0,0,0,0,0,0,0,0,0,0,0,0,0,0,,,,,,
148230,5/29/2018,0,Cash loans,M,Y,Y,1,135000.0,174411.0,12820.5,144000.0,Unaccompanied,Working,Secondary / secondary special,Married,House / apartment,0.035792,-18511,-632,-5615,-2039,22.0,1,1,0,1,0,0,Drivers,3.0,2,2,SATURDAY,11,0,0,0,0,1,1,Business Entity Type 3,0.467442204,0.753773581,0.728141299,,,,,,,,,,,,,,,,,,,,,,,,,,,,,,,,,,,,,,,,,,,,,,,,1.0,0.0,1.0,0.0,-292.0,0,0,0,0,0,0,1,0,0,0,0,0,0,0,0,0,0,0,0,0,0.0,0.0,0.0,0.0,1.0,0.0
139762,5/3/2018,0,Cash loans,M,Y,Y,0,225000.0,331632.0,34951.5,315000.0,Unaccompanied,Working,Secondary / secondary special,Single / not married,House / apartment,0.009549,-11425,-1644,-519,-3430,14.0,1,1,0,1,0,0,Cooking staff,1.0,2,2,TUESDAY,13,0,1,1,0,0,0,Self-employed,,0.465756272,,0.0082,,0.9712,,,,0.069,0.0417,,,,0.0031,,,0.0084,,0.9712,,,,0.069,0.0417,,,,0.0033,,,0.0083,,0.9712,,,,0.069,0.0417,,,,0.0032,,,,block of flats,0.0038,"Stone, brick",No,2.0,1.0,2.0,1.0,0.0,0,1,0,0,0,0,0,0,0,0,0,0,0,0,0,0,0,0,0,0,,,,,,
132227,4/9/2018,0,Cash loans,F,Y,N,2,202500.0,450000.0,35554.5,450000.0,Unaccompanied,Working,Secondary / secondary special,Married,House / apartment,0.007274,-14796,-6307,-1989,-5502,10.0,1,1,0,1,0,0,Laborers,4.0,2,2,WEDNESDAY,9,0,0,0,0,0,0,Business Entity Type 1,,0.414712851,0.519097338,,,,,,,,,,,,,,,,,,,,,,,,,,,,,,,,,,,,,,,,,,,,,,,,0.0,0.0,0.0,0.0,-1794.0,0,1,0,0,0,0,0,0,0,0,0,0,0,0,0,0,0,0,0,0,0.0,0.0,0.0,1.0,0.0,2.0
116837,2/21/2018,1,Cash loans,F,N,N,0,157500.0,403330.5,15336.0,333000.0,Unaccompanied,Pensioner,Secondary / secondary special,Widow,House / apartment,0.006852,-20745,365243,-163,-157,,1,0,0,1,1,0,,1.0,3,3,THURSDAY,4,0,0,0,0,0,0,XNA,0.61894243,0.515058625,0.258084204,0.0825,0.1055,0.9906,,,0.0,0.1379,0.1667,,0.0197,,0.0838,,0.0,0.084,0.1094,0.9906,,,0.0,0.1379,0.1667,,0.0202,,0.0874,,0.0,0.0833,0.1055,0.9906,,,0.0,0.1379,0.1667,,0.0201,,0.0854,,0.0,,block of flats,0.0659,Panel,No,2.0,0.0,2.0,0.0,-584.0,0,1,0,0,0,0,0,0,0,0,0,0,0,0,0,0,0,0,0,0,0.0,0.0,0.0,0.0,0.0,3.0
116285,2/19/2018,0,Cash loans,F,N,Y,0,126000.0,835380.0,45445.5,675000.0,Unaccompanied,Working,Secondary / secondary special,Married,House / apartment,0.035792,-11599,-1065,-3819,-2019,,1,1,0,1,0,0,Sales staff,2.0,2,2,MONDAY,12,0,0,0,0,0,0,Self-employed,0.348875095,0.507037313,0.6041126,,,,,,,,,,,,,,,,,,,,,,,,,,,,,,,,,,,,,,,,,,,,,,,,1.0,0.0,1.0,0.0,-723.0,0,1,0,0,0,0,0,0,0,0,0,0,0,0,0,0,0,0,0,0,0.0,0.0,0.0,0.0,0.0,1.0
120225,3/3/2018,0,Cash loans,F,N,Y,0,81000.0,225000.0,10953.0,225000.0,"Spouse, partner",Working,Secondary / secondary special,Civil marriage,House / apartment,0.028663,-18130,-154,-1830,-1680,,1,1,0,1,0,0,,2.0,2,2,MONDAY,17,0,0,0,0,1,1,Industry: type 3,,0.735721415,0.659405532,,,,,,,,,,,,,,,,,,,,,,,,,,,,,,,,,,,,,,,,,,,,,,,,3.0,0.0,3.0,0.0,-1974.0,0,1,0,0,0,0,0,0,0,0,0,0,0,0,0,0,0,0,0,0,0.0,0.0,0.0,0.0,0.0,0.0
142334,5/11/2018,0,Cash loans,M,Y,Y,2,225000.0,1350000.0,39474.0,1350000.0,Unaccompanied,Working,Secondary / secondary special,Married,House / apartment,0.019689,-15020,-1890,-298,-4309,9.0,1,1,0,1,0,0,Sales staff,4.0,2,2,MONDAY,13,0,0,0,0,0,0,Business Entity Type 3,0.603841382,0.569267438,0.81609236,0.267,0.0727,0.9826,0.762,0.0157,0.08,0.069,0.3333,0.375,0.0634,0.2177,0.1276,0.0,0.0186,0.2721,0.0755,0.9826,0.7713,0.0158,0.0806,0.069,0.3333,0.375,0.0649,0.2378,0.133,0.0,0.0196,0.2696,0.0727,0.9826,0.7652,0.0158,0.08,0.069,0.3333,0.375,0.0645,0.2215,0.1299,0.0,0.0189,reg oper account,block of flats,0.113,"Stone, brick",No,5.0,0.0,5.0,0.0,-1500.0,0,1,0,0,0,0,0,0,0,0,0,0,0,0,0,0,0,0,0,0,0.0,0.0,0.0,0.0,0.0,1.0
149437,6/2/2018,0,Cash loans,F,N,Y,0,76500.0,152820.0,7911.0,135000.0,Unaccompanied,Working,Secondary / secondary special,Widow,House / apartment,0.020246,-19230,-201,-7567,-2471,,1,1,1,1,0,0,Cooking staff,1.0,3,3,THURSDAY,7,0,0,0,0,0,0,Business Entity Type 3,,0.353264898,0.633031641,0.0742,0.0318,0.9891,0.8504,0.0094,0.08,0.069,0.3333,0.375,0.0743,0.0605,0.0787,0.0,0.0,0.0756,0.033,0.9891,0.8563,0.0095,0.0806,0.069,0.3333,0.375,0.076,0.0661,0.082,0.0,0.0,0.0749,0.0318,0.9891,0.8524,0.0095,0.08,0.069,0.3333,0.375,0.0756,0.0616,0.0801,0.0,0.0,reg oper account,block of flats,0.067,Panel,No,4.0,0.0,4.0,0.0,-1.0,0,0,0,0,0,0,0,0,0,1,0,0,0,0,0,0,0,0,0,0,0.0,0.0,0.0,0.0,0.0,0.0
107435,1/23/2018,0,Cash loans,M,Y,N,0,135000.0,1125000.0,32895.0,1125000.0,Unaccompanied,Working,Lower secondary,Married,Municipal apartment,0.009334,-13331,-2402,-2557,-3965,6.0,1,1,0,1,0,0,Low-skill Laborers,2.0,2,2,FRIDAY,11,0,0,0,0,0,0,Business Entity Type 3,,0.260211555,0.586740009,0.0041,,0.9568,,,0.0,0.1379,0.0,,0.0045,,0.0032,,,0.0042,,0.9568,,,0.0,0.1379,0.0,,0.0046,,0.0033,,,0.0042,,0.9568,,,0.0,0.1379,0.0,,0.0045,,0.0033,,,,block of flats,0.0025,Wooden,No,0.0,0.0,0.0,0.0,-2491.0,0,1,0,0,0,0,0,0,0,0,0,0,0,0,0,0,0,0,0,0,0.0,0.0,0.0,0.0,0.0,0.0
110962,2/3/2018,1,Revolving loans,F,N,Y,1,67500.0,180000.0,9000.0,180000.0,Unaccompanied,Working,Secondary / secondary special,Single / not married,House / apartment,0.008575,-7912,-346,-4403,-561,,1,1,1,1,0,0,Private service staff,2.0,2,2,FRIDAY,9,0,0,0,0,1,1,Services,,0.201583682,,0.0165,,0.9781,0.7008,,0.0,0.069,0.0417,0.0417,,0.0134,,0.0,,0.0168,,0.9782,0.7125,,0.0,0.069,0.0417,0.0417,,0.0147,,0.0,,0.0167,,0.9781,0.7048,,0.0,0.069,0.0417,0.0417,,0.0137,,0.0,,reg oper account,block of flats,0.0116,"Stone, brick",No,1.0,0.0,1.0,0.0,0.0,0,0,0,0,0,0,0,0,0,0,0,0,0,0,0,0,0,0,0,0,,,,,,
145238,5/20/2018,0,Cash loans,M,N,N,2,112500.0,781920.0,42547.5,675000.0,Unaccompanied,Working,Higher education,Married,House / apartment,0.00496,-11278,-4459,-705,-2014,,1,1,0,1,0,0,Low-skill Laborers,4.0,2,2,WEDNESDAY,12,0,0,0,0,0,0,Other,,0.646703571,0.538862707,,,,,,,,,,,,,,,,,,,,,,,,,,,,,,,,,,,,,,,,,,,,,,,,2.0,1.0,2.0,0.0,-1208.0,0,1,0,0,0,0,0,0,0,0,0,0,0,0,0,0,0,0,0,0,0.0,0.0,0.0,0.0,0.0,1.0
151184,6/7/2018,0,Cash loans,F,Y,Y,0,315000.0,762453.0,74407.5,706500.0,Unaccompanied,Commercial associate,Higher education,Married,House / apartment,0.04622,-18636,-3507,-1450,-2178,7.0,1,1,0,1,0,0,Managers,2.0,1,1,FRIDAY,15,0,0,0,0,0,0,Business Entity Type 3,,0.705897521,0.621226338,,,,,,,,,,,,,,,,,,,,,,,,,,,,,,,,,,,,,,,,,,,,,,,,0.0,0.0,0.0,0.0,-2981.0,0,1,0,0,0,0,0,0,0,0,0,0,0,0,0,0,0,0,0,0,0.0,0.0,0.0,0.0,0.0,3.0
143539,5/14/2018,0,Cash loans,F,N,N,0,157500.0,728460.0,37134.0,675000.0,Unaccompanied,Pensioner,Secondary / secondary special,Widow,House / apartment,0.04622,-22228,365243,-14870,-4047,,1,0,0,1,1,0,,1.0,1,1,MONDAY,17,0,0,0,0,0,0,XNA,,0.334144487,0.245851214,0.0309,0.0059,0.9732,0.6328,0.0066,0.0,0.1379,0.0833,0.125,0.053,0.0252,0.0348,0.0,0.0,0.0315,0.0061,0.9732,0.6472,0.0067,0.0,0.1379,0.0833,0.125,0.0542,0.0275,0.0363,0.0,0.0,0.0312,0.0059,0.9732,0.6377,0.0067,0.0,0.1379,0.0833,0.125,0.054,0.0257,0.0355,0.0,0.0,reg oper account,block of flats,0.031,"Stone, brick",No,10.0,0.0,10.0,0.0,-2.0,0,0,0,0,1,0,0,0,0,0,0,0,0,0,0,0,0,0,0,0,0.0,0.0,0.0,0.0,0.0,0.0
137388,4/25/2018,0,Cash loans,F,N,Y,0,225000.0,450000.0,16294.5,450000.0,Unaccompanied,State servant,Secondary / secondary special,Civil marriage,House / apartment,0.026392,-17389,-6401,-11255,-795,,1,1,0,1,0,0,Medicine staff,2.0,2,2,TUESDAY,16,0,0,0,0,0,0,Medicine,,0.656211613,,0.0825,,0.9752,,,0.0,0.1379,0.1667,,,,0.0594,,0.0193,0.084,,0.9752,,,0.0,0.1379,0.1667,,,,0.0619,,0.0204,0.0833,,0.9752,,,0.0,0.1379,0.1667,,,,0.0605,,0.0197,,block of flats,0.0509,"Stone, brick",No,1.0,0.0,0.0,0.0,-1035.0,0,0,0,0,0,0,0,1,0,0,0,0,0,0,0,0,0,0,0,0,,,,,,
140339,5/4/2018,0,Cash loans,F,N,N,0,112500.0,225000.0,12334.5,225000.0,Unaccompanied,Pensioner,Secondary / secondary special,Widow,Municipal apartment,0.072508,-21334,365243,-7464,-4106,,1,0,0,1,1,0,,1.0,1,1,THURSDAY,12,0,0,0,0,0,0,XNA,0.880238567,0.624868759,0.627990819,0.2289,0.091,0.9886,0.8436,0.0929,0.32,0.1379,0.5417,0.5833,0.0,0.1849,0.2035,0.0077,0.0055,0.2332,0.0945,0.9886,0.8497,0.0938,0.3222,0.1379,0.5417,0.5833,0.0,0.202,0.212,0.0078,0.0058,0.2311,0.091,0.9886,0.8457,0.0935,0.32,0.1379,0.5417,0.5833,0.0,0.1881,0.2072,0.0078,0.0056,reg oper account,block of flats,0.1613,Panel,No,2.0,0.0,2.0,0.0,-2179.0,0,1,0,0,0,0,0,0,0,0,0,0,0,0,0,0,0,0,0,0,0.0,0.0,0.0,1.0,0.0,2.0
114643,2/14/2018,0,Cash loans,F,Y,Y,0,315000.0,447768.0,47511.0,405000.0,Unaccompanied,Working,Secondary / secondary special,Single / not married,House / apartment,0.04622,-9851,-644,-9834,-2401,5.0,1,1,1,1,0,0,Private service staff,1.0,1,1,THURSDAY,16,0,0,0,0,0,0,Self-employed,0.605854786,0.352910259,0.324891229,,,,,,,,,,,,,,,,,,,,,,,,,,,,,,,,,,,,,,,,,,,,,,,,0.0,0.0,0.0,0.0,-235.0,0,0,0,1,0,0,0,0,0,0,0,0,0,0,0,0,0,0,0,0,0.0,0.0,0.0,0.0,2.0,0.0
114252,2/13/2018,0,Cash loans,F,Y,Y,0,94500.0,269550.0,18891.0,225000.0,Unaccompanied,Pensioner,Secondary / secondary special,Married,Rented apartment,0.004849,-23470,365243,-11836,-4026,3.0,1,0,0,1,0,0,,2.0,2,2,FRIDAY,18,0,0,0,0,0,0,XNA,,0.238889486,0.673830078,0.1091,0.0746,0.9821,0.7484,0.008,0.0464,0.1493,0.1942,0.0312,0.0734,0.0555,0.0524,0.0,0.0082,0.0735,0.0688,0.9816,0.7583,0.0087,0.0,0.1379,0.1667,0.0417,0.0401,0.0643,0.0471,0.0,0.0,0.0729,0.0768,0.9816,0.7518,0.0086,0.0,0.1379,0.1667,0.0417,0.0644,0.0599,0.0466,0.0,0.0,reg oper account,block of flats,0.2246,Panel,No,0.0,0.0,0.0,0.0,-1297.0,0,0,0,0,1,0,0,0,0,0,0,0,0,0,0,0,0,0,0,0,0.0,0.0,0.0,0.0,0.0,0.0
155885,6/21/2018,0,Cash loans,F,N,Y,0,112500.0,517500.0,15259.5,517500.0,Family,Pensioner,Secondary / secondary special,Married,House / apartment,0.015221,-21725,365243,-4668,-4669,,1,0,0,1,0,0,,2.0,2,2,MONDAY,9,0,0,0,0,0,0,XNA,0.601106155,0.19426645,0.129314289,0.0619,,0.9781,,,,0.1379,0.1667,,0.0992,,0.0541,,,0.063,,0.9782,,,,0.1379,0.1667,,0.1015,,0.0564,,,0.0625,,0.9781,,,,0.1379,0.1667,,0.1009,,0.0551,,,,block of flats,0.0426,Panel,No,14.0,2.0,14.0,2.0,0.0,0,1,0,0,0,0,0,0,0,0,0,0,0,0,0,0,0,0,0,0,0.0,0.0,0.0,1.0,0.0,2.0
149227,6/1/2018,0,Cash loans,F,Y,Y,1,94500.0,675000.0,21906.0,675000.0,Unaccompanied,Working,Secondary / secondary special,Separated,House / apartment,0.0228,-13961,-6750,-6625,-4700,22.0,1,1,0,1,0,0,Cooking staff,2.0,2,2,FRIDAY,11,0,0,0,0,0,0,Hotel,,0.353424789,0.610991328,,,,,,,,,,,,,,,,,,,,,,,,,,,,,,,,,,,,,,,,,,,,,,,,0.0,0.0,0.0,0.0,-158.0,0,1,0,0,0,0,0,0,0,0,0,0,0,0,0,0,0,0,0,0,0.0,0.0,0.0,1.0,0.0,3.0
115420,2/17/2018,0,Cash loans,M,N,Y,1,135000.0,215640.0,19908.0,180000.0,Family,Working,Secondary / secondary special,Married,House / apartment,0.00733,-15118,-4226,-320,-4620,,1,1,0,1,0,1,Drivers,3.0,2,2,WEDNESDAY,12,0,0,0,0,0,0,Government,0.233238539,0.680107133,0.75574005,0.1474,,0.9886,0.8436,,0.16,0.1379,0.3333,0.0417,,0.1202,0.1564,0.0,,0.1502,,0.9886,0.8497,,0.1611,0.1379,0.3333,0.0417,,0.1313,0.163,0.0,,0.1489,,0.9886,0.8457,,0.16,0.1379,0.3333,0.0417,,0.1223,0.1592,0.0,,reg oper account,block of flats,0.1231,Panel,No,1.0,1.0,1.0,1.0,-1929.0,0,1,0,0,0,0,0,0,0,0,0,0,0,0,0,0,0,0,0,0,0.0,0.0,0.0,0.0,0.0,2.0
126575,3/23/2018,0,Cash loans,F,N,Y,0,180000.0,781920.0,24970.5,675000.0,Unaccompanied,State servant,Higher education,Married,House / apartment,0.02461,-19865,-10613,-10541,-3349,,1,1,1,1,1,0,Core staff,2.0,2,2,MONDAY,15,0,0,0,0,1,1,School,0.788259241,0.642661227,0.569148771,,,,,,,,,,,,,,,,,,,,,,,,,,,,,,,,,,,,,,,,,,,,,,,,3.0,0.0,3.0,0.0,-2242.0,0,0,0,0,1,0,0,0,0,0,0,0,0,0,0,0,0,0,0,0,0.0,0.0,0.0,16.0,1.0,0.0
145978,5/22/2018,0,Cash loans,F,N,Y,0,101250.0,254700.0,24939.0,225000.0,Unaccompanied,State servant,Higher education,Single / not married,House / apartment,0.018801,-25126,-4030,-4071,-5005,,1,1,0,1,0,0,Core staff,1.0,2,2,SATURDAY,11,0,0,0,0,0,0,School,,0.59460613,0.678567689,0.0165,0.0,0.9727,0.626,0.0028,0.0,0.069,0.0417,0.0833,0.0207,0.0134,0.013,0.0,0.0,0.0168,0.0,0.9727,0.6406,0.0028,0.0,0.069,0.0417,0.0833,0.0211,0.0147,0.0135,0.0,0.0,0.0167,0.0,0.9727,0.631,0.0028,0.0,0.069,0.0417,0.0833,0.021,0.0137,0.0132,0.0,0.0,reg oper account,block of flats,0.0102,"Stone, brick",No,0.0,0.0,0.0,0.0,-2242.0,0,1,0,0,0,0,0,0,0,0,0,0,0,0,0,0,0,0,0,0,0.0,0.0,0.0,0.0,0.0,3.0
131108,4/6/2018,0,Cash loans,M,N,Y,0,450000.0,545040.0,39789.0,450000.0,Unaccompanied,Commercial associate,Higher education,Single / not married,House / apartment,0.035792,-11021,-434,-29,-3665,,1,1,0,1,0,0,Managers,1.0,2,2,WEDNESDAY,10,0,0,0,0,1,1,Trade: type 6,0.216982977,0.65124672,0.245851214,,,,,,,,,,,,,,,,,,,,,,,,,,,,,,,,,,,,,,,,,,,,,,,,0.0,0.0,0.0,0.0,-1008.0,0,1,0,0,0,0,0,0,0,0,0,0,0,0,0,0,0,0,0,0,0.0,0.0,0.0,0.0,0.0,3.0
105254,1/16/2018,0,Cash loans,M,Y,N,0,157500.0,808650.0,31464.0,675000.0,Unaccompanied,Working,Lower secondary,Married,House / apartment,0.030755,-13194,-652,-4579,-4639,10.0,1,1,0,1,0,0,Drivers,2.0,2,2,SATURDAY,13,0,0,0,0,1,1,Transport: type 4,,0.513119421,0.000527265,,,,,,,,,,,,,,,,,,,,,,,,,,,,,,,,,,,,,,,,,,,,,,,,0.0,0.0,0.0,0.0,-1033.0,0,0,0,0,0,0,1,0,0,0,0,0,0,0,0,0,0,0,0,0,0.0,0.0,0.0,0.0,0.0,4.0
124260,3/16/2018,0,Cash loans,F,N,N,0,112500.0,454500.0,42934.5,454500.0,Unaccompanied,Pensioner,Secondary / secondary special,Married,Office apartment,0.018029,-21738,365243,-4035,-4094,,1,0,0,1,1,0,,2.0,3,3,WEDNESDAY,8,0,0,0,0,0,0,XNA,,0.421512024,0.588487788,0.0309,,0.9886,0.8436,0.0,0.0,0.0345,0.1667,0.2083,0.0039,0.0252,0.031,0.0039,0.0,0.0315,,0.9886,0.8497,0.0,0.0,0.0345,0.1667,0.2083,0.004,0.0275,0.0323,0.0039,0.0,0.0312,,0.9886,0.8457,0.0,0.0,0.0345,0.1667,0.2083,0.004,0.0257,0.0316,0.0039,0.0,reg oper account,block of flats,0.0356,"Stone, brick",No,1.0,0.0,1.0,0.0,-748.0,0,0,0,0,1,0,0,0,0,0,0,0,0,0,0,0,0,0,0,0,0.0,0.0,0.0,0.0,2.0,1.0
115895,2/18/2018,0,Cash loans,M,Y,Y,1,225000.0,630000.0,20322.0,630000.0,Unaccompanied,Working,Higher education,Married,House / apartment,0.00712,-15900,-1804,-5440,-4179,4.0,1,1,0,1,1,0,Core staff,3.0,2,2,TUESDAY,8,0,0,0,0,0,0,Legal Services,0.679296101,0.72725636,0.297086612,,0.0074,0.9771,0.6872,,0.0,0.069,0.1667,0.0417,,0.0748,0.024,,,,0.0077,0.9772,0.6994,,0.0,0.069,0.1667,0.0417,,0.0817,0.025,,,,0.0074,0.9771,0.6914,,0.0,0.069,0.1667,0.0417,,0.0761,0.0244,,,not specified,block of flats,0.0343,"Stone, brick",No,4.0,1.0,4.0,0.0,-1790.0,0,1,0,0,0,0,0,0,0,0,0,0,0,0,0,0,0,0,0,0,0.0,0.0,0.0,0.0,0.0,5.0
118461,2/26/2018,0,Cash loans,F,Y,Y,1,157500.0,243000.0,25029.0,243000.0,Unaccompanied,Working,Secondary / secondary special,Civil marriage,House / apartment,0.026392,-11801,-687,-6987,-449,4.0,1,1,0,1,0,0,Core staff,3.0,2,2,THURSDAY,16,0,0,0,0,0,0,Restaurant,,0.583320253,0.662637792,0.3711,0.3172,0.9841,0.7824,0.18,0.0,0.6207,0.1667,,0.3968,0.3026,0.338,0.0,0.0,0.3782,0.3292,0.9841,0.7909,0.1817,0.0,0.6207,0.1667,,0.4058,0.3306,0.3522,0.0,0.0,0.3747,0.3172,0.9841,0.7853,0.1812,0.0,0.6207,0.1667,,0.4037,0.3078,0.3441,0.0,0.0,reg oper spec account,block of flats,0.3091,Panel,No,0.0,0.0,0.0,0.0,-2018.0,0,1,0,0,0,0,0,0,0,0,0,0,0,0,0,0,0,0,0,0,1.0,0.0,0.0,1.0,0.0,1.0
118805,2/27/2018,0,Cash loans,M,N,Y,0,112500.0,326439.0,16006.5,229500.0,Unaccompanied,Commercial associate,Secondary / secondary special,Single / not married,Rented apartment,0.009175,-9048,-113,-3568,-1568,,1,1,0,1,0,1,Cooking staff,1.0,2,2,WEDNESDAY,14,0,0,0,1,1,0,Restaurant,0.127050401,0.545849313,0.7136314,,,,,,,,,,,,,,,,,,,,,,,,,,,,,,,,,,,,,,,,,,,,,,,,0.0,0.0,0.0,0.0,0.0,0,1,0,0,0,0,0,0,0,0,0,0,0,0,0,0,0,0,0,0,0.0,0.0,0.0,0.0,0.0,4.0
133203,4/12/2018,0,Cash loans,M,Y,N,3,225000.0,315000.0,28890.0,315000.0,Unaccompanied,Commercial associate,Higher education,Married,House / apartment,0.00702,-13323,-2767,-521,-2796,7.0,1,1,1,1,0,0,Sales staff,5.0,2,2,THURSDAY,10,0,0,0,0,0,0,Self-employed,,0.091993941,0.178760465,,,,,,,,,,,,,,,,,,,,,,,,,,,,,,,,,,,,,,,,,,,,,,,No,1.0,0.0,1.0,0.0,-196.0,0,1,0,0,0,0,0,0,0,0,0,0,0,0,0,0,0,0,0,0,0.0,0.0,0.0,0.0,0.0,5.0
154170,6/16/2018,0,Cash loans,M,N,N,0,225000.0,1078200.0,38331.0,900000.0,Unaccompanied,Working,Secondary / secondary special,Married,House / apartment,0.009549,-15338,-812,-3724,-4714,,1,1,0,1,0,0,Laborers,2.0,2,2,SATURDAY,15,0,0,0,0,0,0,Construction,0.648563497,0.524555808,0.255331771,,,,,,,,,,,,,,,,,,,,,,,,,,,,,,,,,,,,,,,,,,,,,,,,8.0,0.0,8.0,0.0,-1670.0,0,1,0,0,0,0,0,0,0,0,0,0,0,0,0,0,0,0,0,0,0.0,0.0,0.0,1.0,0.0,2.0
130350,4/3/2018,0,Cash loans,F,N,Y,0,135000.0,495216.0,26865.0,427500.0,Unaccompanied,Working,Secondary / secondary special,Single / not married,House / apartment,0.028663,-10075,-664,-4325,-2420,,1,1,1,1,0,0,Laborers,1.0,2,2,MONDAY,7,0,0,0,0,0,0,Business Entity Type 3,,0.034348587,,,,,,,,,,,,,,,,,,,,,,,,,,,,,,,,,,,,,,,,,,,,,,,,,0.0,0.0,0.0,0.0,-244.0,0,1,0,0,0,0,0,0,0,0,0,0,0,0,0,0,0,0,0,0,,,,,,
105405,1/17/2018,0,Cash loans,F,Y,Y,0,166500.0,677664.0,34731.0,585000.0,Unaccompanied,State servant,Higher education,Married,House / apartment,0.04622,-19164,-12434,-13028,-2695,15.0,1,1,0,1,0,0,Laborers,2.0,1,1,FRIDAY,13,0,1,1,0,0,0,Transport: type 2,,0.714444383,0.749021705,0.2227,0.117,0.9816,0.7484,0.0532,0.24,0.2069,0.3333,0.375,0.1,0.1816,0.2301,0.0,0.0,0.2269,0.1214,0.9816,0.7583,0.0537,0.2417,0.2069,0.3333,0.375,0.1023,0.1983,0.2397,0.0,0.0,0.2248,0.117,0.9816,0.7518,0.0536,0.24,0.2069,0.3333,0.375,0.1018,0.1847,0.2342,0.0,0.0,reg oper account,block of flats,0.2101,Panel,No,0.0,0.0,0.0,0.0,-1245.0,0,0,0,1,0,0,0,0,0,0,0,0,0,0,0,0,0,0,0,0,0.0,0.0,0.0,0.0,1.0,0.0
157463,6/26/2018,0,Cash loans,F,N,Y,0,117000.0,312768.0,17095.5,270000.0,Unaccompanied,Working,Secondary / secondary special,Widow,House / apartment,0.008625,-21047,-12577,-12939,-4154,,1,1,1,1,0,0,Laborers,1.0,2,2,FRIDAY,13,0,0,0,0,0,0,Business Entity Type 3,,0.567223357,0.445396242,,,,,,,,,,,,,,,,,,,,,,,,,,,,,,,,,,,,,,,,,,,,,,,,0.0,0.0,0.0,0.0,-640.0,0,1,0,0,0,0,0,0,0,0,0,0,0,0,0,0,0,0,0,0,0.0,0.0,0.0,0.0,0.0,3.0
113673,2/11/2018,0,Cash loans,F,Y,N,0,135000.0,148365.0,11610.0,135000.0,Family,Commercial associate,Higher education,Single / not married,With parents,0.028663,-10497,-844,-3089,-3145,8.0,1,1,1,1,0,1,Medicine staff,1.0,2,2,WEDNESDAY,12,0,0,0,0,1,1,Medicine,,0.137902212,,,,,,,,,,,,,,,,,,,,,,,,,,,,,,,,,,,,,,,,,,,,,,,,,1.0,1.0,1.0,1.0,0.0,0,1,0,0,0,0,0,0,0,0,0,0,0,0,0,0,0,0,0,0,,,,,,
137378,4/25/2018,0,Cash loans,M,N,Y,2,292500.0,755190.0,36459.0,675000.0,Unaccompanied,Commercial associate,Higher education,Married,House / apartment,0.030755,-12067,-1959,-333,-1966,,1,1,0,1,0,0,High skill tech staff,4.0,2,2,MONDAY,17,0,0,0,0,1,1,Construction,,0.640624821,0.253962809,,,,,,,,,,,,,,,,,,,,,,,,,,,,,,,,,,,,,,,,,,,,,,,,0.0,0.0,0.0,0.0,-1190.0,0,0,0,0,0,0,1,0,0,0,0,0,0,0,0,0,0,0,0,0,0.0,0.0,0.0,0.0,0.0,1.0
126708,3/23/2018,0,Cash loans,F,N,N,0,67500.0,182286.0,17887.5,171000.0,Unaccompanied,Pensioner,Higher education,Single / not married,House / apartment,0.018209,-25166,365243,-1043,-3931,,1,0,0,1,1,0,,1.0,3,3,TUESDAY,9,0,0,0,0,0,0,XNA,0.870926754,0.692920715,0.517296581,,,,,,,,,,,,,,,,,,,,,,,,,,,,,,,,,,,,,,,,,,,,,,,,0.0,0.0,0.0,0.0,-1111.0,0,1,0,0,0,0,0,0,0,0,0,0,0,0,0,0,0,0,0,0,0.0,0.0,0.0,0.0,0.0,0.0
117339,2/22/2018,1,Cash loans,M,Y,N,1,202500.0,269550.0,18234.0,225000.0,Unaccompanied,Working,Secondary / secondary special,Married,House / apartment,0.008474,-9136,-1437,-3878,-1788,24.0,1,1,1,1,0,0,Laborers,3.0,2,2,THURSDAY,21,0,0,0,0,0,0,Business Entity Type 3,0.187827016,0.520185619,0.04175936,0.0577,0.0553,0.9811,0.7416,0.0268,0.0,0.1379,0.1667,0.2083,0.029,0.0471,0.0361,,,0.0588,0.0574,0.9811,0.7517,0.0271,0.0,0.1379,0.1667,0.2083,0.0297,0.0514,0.0376,,,0.0583,0.0553,0.9811,0.7451,0.027,0.0,0.1379,0.1667,0.2083,0.0295,0.0479,0.0367,,,reg oper account,block of flats,0.0411,Panel,No,1.0,0.0,1.0,0.0,-383.0,0,0,0,1,0,0,0,0,0,0,0,0,0,0,0,0,0,0,0,0,0.0,0.0,1.0,0.0,0.0,0.0
125051,3/18/2018,0,Cash loans,F,Y,Y,1,103500.0,545040.0,25407.0,450000.0,Unaccompanied,Working,Secondary / secondary special,Married,With parents,0.015221,-9892,-2127,-4175,-2178,1.0,1,1,1,1,1,0,Core staff,3.0,2,2,FRIDAY,11,0,0,0,1,1,0,Government,0.36884301,0.43373611,0.332850564,0.0247,0.0776,0.9781,0.7008,0.0477,0.0,0.1379,0.0417,0.0417,,0.0202,0.0229,0.0,0.0082,0.0252,0.0806,0.9782,0.7125,0.0482,0.0,0.1379,0.0417,0.0417,,0.022,0.0239,0.0,0.0087,0.025,0.0776,0.9781,0.7048,0.048,0.0,0.1379,0.0417,0.0417,,0.0205,0.0234,0.0,0.0084,reg oper spec account,block of flats,0.022,Panel,No,1.0,1.0,1.0,1.0,-1692.0,0,1,0,0,0,0,0,0,0,0,0,0,0,0,0,0,0,0,0,0,0.0,0.0,0.0,0.0,0.0,1.0
152961,6/12/2018,1,Cash loans,F,Y,Y,0,157500.0,1086786.0,31774.5,778500.0,Unaccompanied,Commercial associate,Secondary / secondary special,Married,House / apartment,0.006852,-17297,-2018,-7604,-857,16.0,1,1,0,1,0,0,Sales staff,2.0,3,3,FRIDAY,5,0,0,0,0,1,1,Self-employed,,0.342195169,0.468659655,,,,,,,,,,,,,,,,,,,,,,,,,,,,,,,,,,,,,,,,,,,,,,,,7.0,0.0,7.0,0.0,-1811.0,0,1,0,0,0,0,0,0,0,0,0,0,0,0,0,0,0,0,0,0,0.0,0.0,1.0,0.0,1.0,2.0
140946,5/6/2018,0,Cash loans,F,N,N,0,135000.0,544491.0,17694.0,454500.0,Unaccompanied,Commercial associate,Higher education,Married,House / apartment,0.009657,-16312,-1045,-4499,-621,,1,1,0,1,0,0,Cooking staff,2.0,2,2,MONDAY,10,0,0,0,0,0,0,Trade: type 7,0.7379907,0.300547213,0.684827659,0.0722,0.0597,0.993,,,0.08,0.069,0.375,,0.0177,,0.0812,,0.0472,0.0735,0.062,0.993,,,0.0806,0.069,0.375,,0.0182,,0.0846,,0.05,0.0729,0.0597,0.993,,,0.08,0.069,0.375,,0.0181,,0.0827,,0.0482,,block of flats,0.0769,Panel,No,2.0,1.0,2.0,1.0,-14.0,0,1,0,0,0,0,0,0,0,0,0,0,0,0,0,0,0,0,0,0,0.0,0.0,0.0,0.0,2.0,2.0
135025,4/18/2018,0,Cash loans,F,N,Y,0,135000.0,518562.0,26604.0,463500.0,Unaccompanied,Commercial associate,Secondary / secondary special,Widow,Municipal apartment,0.008625,-19602,-2976,-8628,-3098,,1,1,0,1,0,0,Sales staff,1.0,2,2,TUESDAY,10,0,0,0,0,0,0,Self-employed,,0.385337723,,0.068,0.0291,0.9757,0.6668,0.0913,0.0,0.1034,0.1667,0.2083,0.1145,0.0555,0.0551,0.0,0.0,0.0693,0.0302,0.9757,0.6798,0.0921,0.0,0.1034,0.1667,0.2083,0.1171,0.0606,0.0574,0.0,0.0,0.0687,0.0291,0.9757,0.6713,0.0919,0.0,0.1034,0.1667,0.2083,0.1165,0.0564,0.0561,0.0,0.0,reg oper account,block of flats,0.0499,"Stone, brick",No,0.0,0.0,0.0,0.0,-1002.0,0,1,0,0,0,0,0,0,0,0,0,0,0,0,0,0,0,0,0,0,,,,,,
148856,5/31/2018,0,Cash loans,F,N,Y,0,157500.0,675000.0,19867.5,675000.0,Unaccompanied,State servant,Secondary / secondary special,Civil marriage,House / apartment,0.025164,-19844,-6900,-1323,-3385,,1,1,0,1,0,0,Medicine staff,2.0,2,2,MONDAY,12,0,0,0,0,0,0,Medicine,,0.664134331,0.586740009,,,,,,,,,,,,,,,,,,,,,,,,,,,,,,,,,,,,,,,,,,,,,,,,0.0,0.0,0.0,0.0,-1581.0,0,1,0,0,0,0,0,0,0,0,0,0,0,0,0,0,0,0,0,0,0.0,0.0,0.0,0.0,0.0,1.0
115210,2/16/2018,0,Cash loans,F,N,N,0,360000.0,1303812.0,38250.0,1138500.0,Unaccompanied,Commercial associate,Secondary / secondary special,Married,House / apartment,0.019101,-12916,-4193,-6829,-4029,,1,1,0,1,0,0,,2.0,2,2,TUESDAY,12,0,0,0,0,0,0,Business Entity Type 1,,0.569910757,0.502878277,0.0619,0.0495,0.9762,0.6736,,0.0,0.1379,0.1667,,0.0402,,0.0526,,0.0029,0.063,0.0513,0.9762,0.6864,,0.0,0.1379,0.1667,,0.0412,,0.0548,,0.0031,0.0625,0.0495,0.9762,0.678,,0.0,0.1379,0.1667,,0.0409,,0.0535,,0.003,,block of flats,0.0463,"Stone, brick",No,0.0,0.0,0.0,0.0,-2094.0,0,1,0,0,0,0,0,0,0,0,0,0,0,0,0,0,0,0,0,0,0.0,0.0,0.0,1.0,0.0,0.0
119814,3/2/2018,0,Cash loans,F,N,Y,0,135000.0,906615.0,29961.0,688500.0,Unaccompanied,State servant,Higher education,Single / not married,House / apartment,0.018029,-18271,-4119,-10312,-1826,,1,1,0,1,0,0,Managers,1.0,3,3,WEDNESDAY,8,0,0,0,0,0,0,Military,0.559137294,0.605113821,,0.1227,,0.9816,,,0.0,0.2759,0.1667,,,,0.1143,,0.0,0.125,,0.9816,,,0.0,0.2759,0.1667,,,,0.1191,,0.0,0.1239,,0.9816,,,0.0,0.2759,0.1667,,,,0.1164,,0.0,,block of flats,0.0899,Panel,No,3.0,0.0,3.0,0.0,-1067.0,0,1,0,0,0,0,0,0,0,0,0,0,0,0,0,0,0,0,0,0,0.0,0.0,0.0,0.0,2.0,3.0
